Year,Quarter,client_lobby_actor_id,client_name,LDA_lobbying_expenses_avg
2011,4,604,"International Union, United Automobile, Aerospace and Agricultural Implement Workers of America",660000.000000
2012,3,604,"International Union, United Automobile, Aerospace and Agricultural Implement Workers of America",523000.000000
2013,2,604,"International Union, United Automobile, Aerospace and Agricultural Implement Workers of America",610000.000000
2014,1,604,"International Union, United Automobile, Aerospace and Agricultural Implement Workers of America",677000.000000
2014,4,604,"International Union, United Automobile, Aerospace and Agricultural Implement Workers of America",478000.000000
2015,3,604,"International Union, United Automobile, Aerospace and Agricultural Implement Workers of America",490000.000000
2016,2,604,"International Union, United Automobile, Aerospace and Agricultural Implement Workers of America",630000.000000
2017,1,604,"International Union, United Automobile, Aerospace and Agricultural Implement Workers of America",255000.000000
2017,4,604,"International Union, United Automobile, Aerospace and Agricultural Implement Workers of America",265000.000000
2018,3,604,"International Union, United Automobile, Aerospace and Agricultural Implement Workers of America",480000.000000
2019,2,604,"International Union, United Automobile, Aerospace and Agricultural Implement Workers of America",600000.000000
2020,1,604,"International Union, United Automobile, Aerospace and Agricultural Implement Workers of America",340000.000000
2020,4,604,"International Union, United Automobile, Aerospace and Agricultural Implement Workers of America",130000.000000
2021,3,604,"International Union, United Automobile, Aerospace and Agricultural Implement Workers of America",190000.000000
2022,2,604,"International Union, United Automobile, Aerospace and Agricultural Implement Workers of America",130000.000000
2023,1,604,"International Union, United Automobile, Aerospace and Agricultural Implement Workers of America",240000.000000
2019,4,671,Washington Council Ernst & Young,530000.000000
2020,3,671,Washington Council Ernst & Young,290000.000000
2021,2,671,Washington Council Ernst & Young,490000.000000
2022,1,671,Washington Council Ernst & Young,610000.000000
2022,4,671,Washington Council Ernst & Young,520000.000000
2023,3,671,Washington Council Ernst & Young,570000.000000
2024,2,671,Washington Council Ernst & Young,380000.000000
2010,2,1904,Universal Music Group Inc.,435000.000000
2011,1,1904,Universal Music Group Inc.,620000.000000
2011,4,1904,Universal Music Group Inc.,485000.000000
2012,3,1904,Universal Music Group Inc.,303333.333333
2013,2,1904,Universal Music Group Inc.,360000.000000
2014,1,1904,Universal Music Group Inc.,690000.000000
2010,1,7926,National Retail Federation,259666.666666
2010,4,7926,National Retail Federation,229750.000000
2011,3,7926,National Retail Federation,179800.000000
2012,2,7926,National Retail Federation,189142.857142
2013,1,7926,National Retail Federation,165800.000000
2010,3,8900,Elevance Health Inc.,196000.000000
2011,2,8900,Elevance Health Inc.,376250.000000
2012,1,8900,Elevance Health Inc.,425000.000000
2015,4,9140,American Farm Bureau Federation,956612.000000
2016,3,9140,American Farm Bureau Federation,909851.000000
2017,2,9140,American Farm Bureau Federation,994546.000000
2018,1,9140,American Farm Bureau Federation,453488.500000
2018,4,9140,American Farm Bureau Federation,333605.000000
2019,3,9140,American Farm Bureau Federation,396947.500000
2020,2,9140,American Farm Bureau Federation,465888.000000
2021,1,9140,American Farm Bureau Federation,340000.000000
2021,4,9140,American Farm Bureau Federation,275000.000000
2010,1,604,"International Union, United Automobile, Aerospace and Agricultural Implement Workers of America",370000.000000
2010,4,604,"International Union, United Automobile, Aerospace and Agricultural Implement Workers of America",374000.000000
2011,3,604,"International Union, United Automobile, Aerospace and Agricultural Implement Workers of America",550000.000000
2012,2,604,"International Union, United Automobile, Aerospace and Agricultural Implement Workers of America",789000.000000
2013,1,604,"International Union, United Automobile, Aerospace and Agricultural Implement Workers of America",600000.000000
2013,4,604,"International Union, United Automobile, Aerospace and Agricultural Implement Workers of America",630000.000000
2014,3,604,"International Union, United Automobile, Aerospace and Agricultural Implement Workers of America",547000.000000
2015,2,604,"International Union, United Automobile, Aerospace and Agricultural Implement Workers of America",316000.000000
2016,1,604,"International Union, United Automobile, Aerospace and Agricultural Implement Workers of America",350000.000000
2016,4,604,"International Union, United Automobile, Aerospace and Agricultural Implement Workers of America",380000.000000
2017,3,604,"International Union, United Automobile, Aerospace and Agricultural Implement Workers of America",260000.000000
2018,2,604,"International Union, United Automobile, Aerospace and Agricultural Implement Workers of America",450000.000000
2019,1,604,"International Union, United Automobile, Aerospace and Agricultural Implement Workers of America",410000.000000
2023,4,671,Washington Council Ernst & Young,480000.000000
2024,3,671,Washington Council Ernst & Young,420000.000000
2010,1,1904,Universal Music Group Inc.,420000.000000
2013,4,7926,National Retail Federation,125800.000000
2014,3,7926,National Retail Federation,219666.666666
2015,2,7926,National Retail Federation,339800.000000
2016,1,7926,National Retail Federation,363166.666666
2016,4,7926,National Retail Federation,353800.000000
2017,3,7926,National Retail Federation,665800.000000
2018,2,7926,National Retail Federation,317200.000000
2019,1,7926,National Retail Federation,326400.000000
2019,4,7926,National Retail Federation,423800.000000
2020,3,7926,National Retail Federation,247500.000000
2021,2,7926,National Retail Federation,397000.000000
2022,1,7926,National Retail Federation,330833.333333
2022,4,7926,National Retail Federation,449166.666666
2023,3,7926,National Retail Federation,466000.000000
2024,2,7926,National Retail Federation,412000.000000
2011,4,9140,American Farm Bureau Federation,265000.000000
2012,3,9140,American Farm Bureau Federation,300000.000000
2013,2,9140,American Farm Bureau Federation,290000.000000
2014,1,9140,American Farm Bureau Federation,345000.000000
2014,4,9140,American Farm Bureau Federation,357302.000000
2015,3,9140,American Farm Bureau Federation,956612.000000
2016,2,9140,American Farm Bureau Federation,967914.000000
2017,1,9140,American Farm Bureau Federation,1071606.000000
2017,4,9140,American Farm Bureau Federation,1084296.000000
2018,3,9140,American Farm Bureau Federation,338605.000000
2019,2,9140,American Farm Bureau Federation,477779.500000
2020,1,9140,American Farm Bureau Federation,355076.500000
2020,4,9140,American Farm Bureau Federation,285805.000000
2021,3,9140,American Farm Bureau Federation,315000.000000
2022,2,9140,American Farm Bureau Federation,340000.000000
2023,1,9140,American Farm Bureau Federation,460000.000000
2010,3,10318,Alliance of Automobile Manufacturers Inc.,313800.000000
2011,2,10318,Alliance of Automobile Manufacturers Inc.,474440.000000
2023,4,604,"International Union, United Automobile, Aerospace and Agricultural Implement Workers of America",110000.000000
2024,3,604,"International Union, United Automobile, Aerospace and Agricultural Implement Workers of America",200000.000000
2010,4,671,Washington Council Ernst & Young,230000.000000
2011,3,671,Washington Council Ernst & Young,330000.000000
2012,2,671,Washington Council Ernst & Young,580000.000000
2013,1,671,Washington Council Ernst & Young,500000.000000
2013,4,671,Washington Council Ernst & Young,570000.000000
2014,3,671,Washington Council Ernst & Young,530000.000000
2015,2,671,Washington Council Ernst & Young,600000.000000
2016,1,671,Washington Council Ernst & Young,370000.000000
2016,4,671,Washington Council Ernst & Young,260000.000000
2017,3,671,Washington Council Ernst & Young,580000.000000
2018,2,671,Washington Council Ernst & Young,960000.000000
2019,1,671,Washington Council Ernst & Young,990000.000000
2014,4,1904,Universal Music Group Inc.,550000.000000
2015,3,1904,Universal Music Group Inc.,500000.000000
2016,2,1904,Universal Music Group Inc.,470000.000000
2017,1,1904,Universal Music Group Inc.,600000.000000
2017,4,1904,Universal Music Group Inc.,460000.000000
2018,3,1904,Universal Music Group Inc.,510000.000000
2019,2,1904,Universal Music Group Inc.,690000.000000
2020,1,1904,Universal Music Group Inc.,540000.000000
2020,4,1904,Universal Music Group Inc.,200000.000000
2021,3,1904,Universal Music Group Inc.,265000.000000
2022,2,1904,Universal Music Group Inc.,270000.000000
2023,1,1904,Universal Music Group Inc.,310000.000000
2023,4,1904,Universal Music Group Inc.,255000.000000
2024,3,1904,Universal Music Group Inc.,385000.000000
2013,4,8895,International Paper Co.,560000.000000
2014,3,8895,International Paper Co.,375000.000000
2015,2,8895,International Paper Co.,510000.000000
2016,1,8895,International Paper Co.,705000.000000
2016,4,8895,International Paper Co.,355000.000000
2017,3,8895,International Paper Co.,385000.000000
2018,2,8895,International Paper Co.,346666.666666
2019,1,8895,International Paper Co.,242000.000000
2019,4,8895,International Paper Co.,237000.000000
2020,3,8895,International Paper Co.,212000.000000
2021,2,8895,International Paper Co.,285000.000000
2022,1,8895,International Paper Co.,432500.000000
2022,4,8895,International Paper Co.,222500.000000
2023,3,8895,International Paper Co.,345000.000000
2024,2,8895,International Paper Co.,350000.000000
2012,4,8900,Elevance Health Inc.,250000.000000
2013,3,8900,Elevance Health Inc.,216000.000000
2014,2,8900,Elevance Health Inc.,440000.000000
2015,1,8900,Elevance Health Inc.,410000.000000
2015,4,8900,Elevance Health Inc.,316000.000000
2016,3,8900,Elevance Health Inc.,483333.333333
2017,2,8900,Elevance Health Inc.,292000.000000
2018,1,8900,Elevance Health Inc.,322000.000000
2018,4,8900,Elevance Health Inc.,345000.000000
2019,3,8900,Elevance Health Inc.,227500.000000
2020,2,8900,Elevance Health Inc.,370000.000000
2021,1,8900,Elevance Health Inc.,310000.000000
2021,4,8900,Elevance Health Inc.,308000.000000
2022,3,8900,Elevance Health Inc.,372000.000000
2023,2,8900,Elevance Health Inc.,335500.000000
2024,1,8900,Elevance Health Inc.,385357.142857
2010,1,9140,American Farm Bureau Federation,540000.000000
2019,4,10318,Alliance of Automobile Manufacturers Inc.,36666.666666
2015,4,14416,American Crystal Sugar Co.,211965.000000
2016,3,14416,American Crystal Sugar Co.,668869.000000
2017,2,14416,American Crystal Sugar Co.,661587.000000
2018,1,14416,American Crystal Sugar Co.,1383705.000000
2010,3,604,"International Union, United Automobile, Aerospace and Agricultural Implement Workers of America",633000.000000
2011,2,604,"International Union, United Automobile, Aerospace and Agricultural Implement Workers of America",440000.000000
2012,1,604,"International Union, United Automobile, Aerospace and Agricultural Implement Workers of America",665000.000000
2012,4,604,"International Union, United Automobile, Aerospace and Agricultural Implement Workers of America",500000.000000
2013,3,604,"International Union, United Automobile, Aerospace and Agricultural Implement Workers of America",792000.000000
2014,2,604,"International Union, United Automobile, Aerospace and Agricultural Implement Workers of America",508000.000000
2015,1,604,"International Union, United Automobile, Aerospace and Agricultural Implement Workers of America",447000.000000
2010,1,671,Washington Council Ernst & Young,315000.000000
2010,3,7926,National Retail Federation,127250.000000
2011,2,7926,National Retail Federation,247250.000000
2012,1,7926,National Retail Federation,159000.000000
2012,4,7926,National Retail Federation,217800.000000
2013,3,7926,National Retail Federation,169800.000000
2014,2,7926,National Retail Federation,171500.000000
2015,1,7926,National Retail Federation,364750.000000
2015,4,7926,National Retail Federation,309833.333333
2016,3,7926,National Retail Federation,375800.000000
2017,2,7926,National Retail Federation,878166.666666
2018,1,7926,National Retail Federation,443800.000000
2018,4,7926,National Retail Federation,444833.333333
2019,3,7926,National Retail Federation,477800.000000
2020,2,7926,National Retail Federation,245714.285714
2021,1,7926,National Retail Federation,319800.000000
2010,1,8895,International Paper Co.,256666.666666
2010,4,8895,International Paper Co.,605000.000000
2011,3,8895,International Paper Co.,355000.000000
2012,2,8895,International Paper Co.,505000.000000
2013,1,8895,International Paper Co.,695000.000000
2024,4,8900,Elevance Health Inc.,296000.000000
2010,4,9140,American Farm Bureau Federation,480000.000000
2011,3,9140,American Farm Bureau Federation,280000.000000
2012,2,9140,American Farm Bureau Federation,313591.500000
2013,1,9140,American Farm Bureau Federation,230000.000000
2013,4,9140,American Farm Bureau Federation,275000.000000
2014,3,9140,American Farm Bureau Federation,222768.500000
2015,2,9140,American Farm Bureau Federation,414935.000000
2016,1,9140,American Farm Bureau Federation,1027141.000000
2016,4,9140,American Farm Bureau Federation,894284.000000
2017,3,9140,American Farm Bureau Federation,897040.000000
2018,2,9140,American Farm Bureau Federation,458488.500000
2019,1,9140,American Farm Bureau Federation,396750.000000
2010,2,10318,Alliance of Automobile Manufacturers Inc.,324400.000000
2011,1,10318,Alliance of Automobile Manufacturers Inc.,364000.000000
2024,4,14416,American Crystal Sugar Co.,822436.000000
2010,3,18177,American Academy of Family Physicians,577704.500000
2011,2,18177,American Academy of Family Physicians,736719.500000
2012,1,18177,American Academy of Family Physicians,398615.000000
2012,4,18177,American Academy of Family Physicians,341675.000000
2013,3,18177,American Academy of Family Physicians,327476.500000
2014,2,18177,American Academy of Family Physicians,232519.333333
2015,1,18177,American Academy of Family Physicians,239893.000000
2013,4,20740,"International Association of Sheet Metal, Air, Rail and Transportation Workers Transportation Division",353724.000000
2014,3,20740,"International Association of Sheet Metal, Air, Rail and Transportation Workers Transportation Division",262676.000000
2019,4,604,"International Union, United Automobile, Aerospace and Agricultural Implement Workers of America",370000.000000
2020,3,604,"International Union, United Automobile, Aerospace and Agricultural Implement Workers of America",230000.000000
2021,2,604,"International Union, United Automobile, Aerospace and Agricultural Implement Workers of America",140000.000000
2022,1,604,"International Union, United Automobile, Aerospace and Agricultural Implement Workers of America",220000.000000
2022,4,604,"International Union, United Automobile, Aerospace and Agricultural Implement Workers of America",150000.000000
2023,3,604,"International Union, United Automobile, Aerospace and Agricultural Implement Workers of America",110000.000000
2024,2,604,"International Union, United Automobile, Aerospace and Agricultural Implement Workers of America",130000.000000
2014,4,671,Washington Council Ernst & Young,450000.000000
2015,3,671,Washington Council Ernst & Young,390000.000000
2016,2,671,Washington Council Ernst & Young,400000.000000
2017,1,671,Washington Council Ernst & Young,500000.000000
2017,4,671,Washington Council Ernst & Young,1050000.000000
2018,3,671,Washington Council Ernst & Young,810000.000000
2019,2,671,Washington Council Ernst & Young,950000.000000
2020,1,671,Washington Council Ernst & Young,660000.000000
2020,4,671,Washington Council Ernst & Young,310000.000000
2021,3,671,Washington Council Ernst & Young,320000.000000
2022,2,671,Washington Council Ernst & Young,410000.000000
2023,1,671,Washington Council Ernst & Young,580000.000000
2010,4,1904,Universal Music Group Inc.,410000.000000
2011,3,1904,Universal Music Group Inc.,760000.000000
2012,2,1904,Universal Music Group Inc.,267500.000000
2013,1,1904,Universal Music Group Inc.,910000.000000
2013,4,1904,Universal Music Group Inc.,580000.000000
2014,3,1904,Universal Music Group Inc.,900000.000000
2015,2,1904,Universal Music Group Inc.,480000.000000
2016,1,1904,Universal Music Group Inc.,540000.000000
2016,4,1904,Universal Music Group Inc.,400000.000000
2017,3,1904,Universal Music Group Inc.,390000.000000
2018,2,1904,Universal Music Group Inc.,500000.000000
2019,1,1904,Universal Music Group Inc.,690000.000000
2019,4,1904,Universal Music Group Inc.,380000.000000
2020,3,1904,Universal Music Group Inc.,165000.000000
2021,2,1904,Universal Music Group Inc.,265000.000000
2022,1,1904,Universal Music Group Inc.,275000.000000
2017,4,8895,International Paper Co.,350000.000000
2018,3,8895,International Paper Co.,283333.333333
2019,2,8895,International Paper Co.,361000.000000
2020,1,8895,International Paper Co.,312000.000000
2020,4,8895,International Paper Co.,287500.000000
2021,3,8895,International Paper Co.,257500.000000
2022,2,8895,International Paper Co.,310000.000000
2023,1,8895,International Paper Co.,407500.000000
2023,4,8895,International Paper Co.,370000.000000
2024,3,8895,International Paper Co.,357500.000000
2010,2,8900,Elevance Health Inc.,194000.000000
2011,1,8900,Elevance Health Inc.,296000.000000
2011,4,8900,Elevance Health Inc.,330000.000000
2012,3,8900,Elevance Health Inc.,242000.000000
2013,2,8900,Elevance Health Inc.,302000.000000
2014,1,8900,Elevance Health Inc.,425000.000000
2014,4,8900,Elevance Health Inc.,490000.000000
2015,3,8900,Elevance Health Inc.,532000.000000
2016,2,8900,Elevance Health Inc.,280000.000000
2017,1,8900,Elevance Health Inc.,410000.000000
2017,4,8900,Elevance Health Inc.,398000.000000
2018,3,8900,Elevance Health Inc.,170000.000000
2019,2,8900,Elevance Health Inc.,335000.000000
2020,1,8900,Elevance Health Inc.,327500.000000
2010,2,604,"International Union, United Automobile, Aerospace and Agricultural Implement Workers of America",440000.000000
2011,1,604,"International Union, United Automobile, Aerospace and Agricultural Implement Workers of America",410000.000000
2010,2,671,Washington Council Ernst & Young,480000.000000
2011,1,671,Washington Council Ernst & Young,285000.000000
2011,4,671,Washington Council Ernst & Young,960000.000000
2012,3,671,Washington Council Ernst & Young,390000.000000
2013,2,671,Washington Council Ernst & Young,670000.000000
2014,1,671,Washington Council Ernst & Young,440000.000000
2022,4,1904,Universal Music Group Inc.,260000.000000
2023,3,1904,Universal Music Group Inc.,245000.000000
2024,2,1904,Universal Music Group Inc.,270000.000000
2021,4,7926,National Retail Federation,304166.666666
2022,3,7926,National Retail Federation,530833.333333
2023,2,7926,National Retail Federation,468000.000000
2024,1,7926,National Retail Federation,477200.000000
2024,4,7926,National Retail Federation,426000.000000
2010,2,8895,International Paper Co.,316666.666666
2011,1,8895,International Paper Co.,530000.000000
2011,4,8895,International Paper Co.,805000.000000
2012,3,8895,International Paper Co.,480000.000000
2013,2,8895,International Paper Co.,535000.000000
2014,1,8895,International Paper Co.,640000.000000
2014,4,8895,International Paper Co.,475000.000000
2015,3,8895,International Paper Co.,445000.000000
2016,2,8895,International Paper Co.,460000.000000
2017,1,8895,International Paper Co.,775000.000000
2020,4,8900,Elevance Health Inc.,355000.000000
2021,3,8900,Elevance Health Inc.,494000.000000
2022,2,8900,Elevance Health Inc.,366000.000000
2023,1,8900,Elevance Health Inc.,777500.000000
2023,4,8900,Elevance Health Inc.,253928.571428
2024,3,8900,Elevance Health Inc.,265000.000000
2010,3,9140,American Farm Bureau Federation,490000.000000
2011,2,9140,American Farm Bureau Federation,285000.000000
2012,1,9140,American Farm Bureau Federation,325000.000000
2012,4,9140,American Farm Bureau Federation,300000.000000
2013,3,9140,American Farm Bureau Federation,250000.000000
2014,2,9140,American Farm Bureau Federation,295000.000000
2015,1,9140,American Farm Bureau Federation,464427.000000
2011,4,10318,Alliance of Automobile Manufacturers Inc.,300200.000000
2012,3,10318,Alliance of Automobile Manufacturers Inc.,279800.000000
2013,2,10318,Alliance of Automobile Manufacturers Inc.,277028.571428
2014,1,10318,Alliance of Automobile Manufacturers Inc.,270366.666666
2014,4,10318,Alliance of Automobile Manufacturers Inc.,432000.000000
2015,3,10318,Alliance of Automobile Manufacturers Inc.,311666.666666
2016,2,10318,Alliance of Automobile Manufacturers Inc.,383333.333333
2017,1,10318,Alliance of Automobile Manufacturers Inc.,406000.000000
2017,4,10318,Alliance of Automobile Manufacturers Inc.,333200.000000
2018,3,10318,Alliance of Automobile Manufacturers Inc.,472600.000000
2019,2,10318,Alliance of Automobile Manufacturers Inc.,367500.000000
2020,4,14416,American Crystal Sugar Co.,254381.000000
2021,3,14416,American Crystal Sugar Co.,263321.000000
2022,2,14416,American Crystal Sugar Co.,521465.000000
2023,1,14416,American Crystal Sugar Co.,1497696.000000
2023,4,14416,American Crystal Sugar Co.,260192.000000
2024,3,14416,American Crystal Sugar Co.,1100916.000000
2023,4,18177,American Academy of Family Physicians,438379.500000
2024,3,18177,American Academy of Family Physicians,494371.500000
2010,3,18531,National Right To Work Committee,830000.000000
2011,2,18531,National Right To Work Committee,770000.000000
2012,1,18531,National Right To Work Committee,440000.000000
2022,3,9140,American Farm Bureau Federation,260000.000000
2023,2,9140,American Farm Bureau Federation,385000.000000
2024,1,9140,American Farm Bureau Federation,340000.000000
2024,4,9140,American Farm Bureau Federation,250000.000000
2010,3,14416,American Crystal Sugar Co.,513422.000000
2011,2,14416,American Crystal Sugar Co.,460170.000000
2012,1,14416,American Crystal Sugar Co.,951300.000000
2012,4,14416,American Crystal Sugar Co.,42152.000000
2013,3,14416,American Crystal Sugar Co.,285527.000000
2014,2,14416,American Crystal Sugar Co.,137931.000000
2015,1,14416,American Crystal Sugar Co.,1171290.000000
2011,4,18177,American Academy of Family Physicians,431506.500000
2012,3,18177,American Academy of Family Physicians,249519.000000
2013,2,18177,American Academy of Family Physicians,298961.000000
2014,1,18177,American Academy of Family Physicians,339980.500000
2014,4,18177,American Academy of Family Physicians,208083.666666
2015,3,18177,American Academy of Family Physicians,405469.500000
2016,2,18177,American Academy of Family Physicians,265583.666666
2017,1,18177,American Academy of Family Physicians,265635.000000
2017,4,18177,American Academy of Family Physicians,478692.000000
2018,3,18177,American Academy of Family Physicians,462791.000000
2019,2,18177,American Academy of Family Physicians,498881.000000
2020,1,18177,American Academy of Family Physicians,549824.500000
2020,4,18177,American Academy of Family Physicians,360630.000000
2021,3,18177,American Academy of Family Physicians,478324.500000
2022,2,18177,American Academy of Family Physicians,476088.000000
2023,1,18177,American Academy of Family Physicians,402469.500000
2020,4,18531,National Right To Work Committee,70000.000000
2021,3,18531,National Right To Work Committee,530000.000000
2022,2,18531,National Right To Work Committee,290000.000000
2023,1,18531,National Right To Work Committee,220000.000000
2023,4,18531,National Right To Work Committee,120000.000000
2024,3,18531,National Right To Work Committee,169473.000000
2021,4,20740,"International Association of Sheet Metal, Air, Rail and Transportation Workers Transportation Division",299078.000000
2022,3,20740,"International Association of Sheet Metal, Air, Rail and Transportation Workers Transportation Division",314009.000000
2023,2,20740,"International Association of Sheet Metal, Air, Rail and Transportation Workers Transportation Division",364510.000000
2024,1,20740,"International Association of Sheet Metal, Air, Rail and Transportation Workers Transportation Division",342756.000000
2024,4,20740,"International Association of Sheet Metal, Air, Rail and Transportation Workers Transportation Division",405663.000000
2010,3,22172,American Israel Public Affairs Committee,690310.000000
2011,2,22172,American Israel Public Affairs Committee,711959.000000
2012,1,22172,American Israel Public Affairs Committee,710849.000000
2012,4,22172,American Israel Public Affairs Committee,758541.000000
2013,3,22172,American Israel Public Affairs Committee,721917.000000
2014,2,22172,American Israel Public Affairs Committee,769670.000000
2015,1,22172,American Israel Public Affairs Committee,824968.000000
2015,4,22172,American Israel Public Affairs Committee,870808.000000
2016,3,22172,American Israel Public Affairs Committee,904415.000000
2017,2,22172,American Israel Public Affairs Committee,908195.000000
2018,1,22172,American Israel Public Affairs Committee,879084.000000
2010,2,22796,Friends Committee on National Legislation,419848.000000
2011,1,22796,Friends Committee on National Legislation,411382.000000
2011,4,22796,Friends Committee on National Legislation,427181.000000
2010,3,671,Washington Council Ernst & Young,375000.000000
2011,2,671,Washington Council Ernst & Young,340000.000000
2012,1,671,Washington Council Ernst & Young,380000.000000
2012,4,671,Washington Council Ernst & Young,600000.000000
2013,3,671,Washington Council Ernst & Young,490000.000000
2014,2,671,Washington Council Ernst & Young,430000.000000
2015,1,671,Washington Council Ernst & Young,600000.000000
2018,4,1904,Universal Music Group Inc.,450000.000000
2019,3,1904,Universal Music Group Inc.,320000.000000
2020,2,1904,Universal Music Group Inc.,380000.000000
2021,1,1904,Universal Music Group Inc.,240000.000000
2021,4,1904,Universal Music Group Inc.,225000.000000
2022,3,1904,Universal Music Group Inc.,235000.000000
2023,2,1904,Universal Music Group Inc.,400000.000000
2024,1,1904,Universal Music Group Inc.,380000.000000
2024,4,1904,Universal Music Group Inc.,265000.000000
2017,4,7926,National Retail Federation,505800.000000
2018,3,7926,National Retail Federation,402200.000000
2019,2,7926,National Retail Federation,417800.000000
2020,1,7926,National Retail Federation,278428.571428
2020,4,7926,National Retail Federation,349000.000000
2021,3,7926,National Retail Federation,407000.000000
2022,2,7926,National Retail Federation,515833.333333
2023,1,7926,National Retail Federation,407500.000000
2023,4,7926,National Retail Federation,470000.000000
2024,3,7926,National Retail Federation,493000.000000
2010,3,8895,International Paper Co.,410371.500000
2011,2,8895,International Paper Co.,445000.000000
2012,1,8895,International Paper Co.,525000.000000
2012,4,8895,International Paper Co.,665000.000000
2013,3,8895,International Paper Co.,440000.000000
2014,2,8895,International Paper Co.,565000.000000
2015,1,8895,International Paper Co.,655000.000000
2015,4,8895,International Paper Co.,455000.000000
2016,3,8895,International Paper Co.,380000.000000
2017,2,8895,International Paper Co.,420000.000000
2018,1,8895,International Paper Co.,408000.000000
2018,4,8895,International Paper Co.,300000.000000
2019,3,8895,International Paper Co.,235000.000000
2020,2,8895,International Paper Co.,208000.000000
2021,1,8895,International Paper Co.,312500.000000
2016,4,8900,Elevance Health Inc.,298000.000000
2017,3,8900,Elevance Health Inc.,216000.000000
2018,2,8900,Elevance Health Inc.,238000.000000
2019,1,8900,Elevance Health Inc.,325000.000000
2019,4,8900,Elevance Health Inc.,610000.000000
2020,3,8900,Elevance Health Inc.,247500.000000
2021,2,8900,Elevance Health Inc.,398000.000000
2022,1,8900,Elevance Health Inc.,386000.000000
2022,4,8900,Elevance Health Inc.,308000.000000
2023,3,8900,Elevance Health Inc.,219642.857142
2024,2,8900,Elevance Health Inc.,220937.500000
2010,2,9140,American Farm Bureau Federation,590000.000000
2011,1,9140,American Farm Bureau Federation,590000.000000
2010,1,10318,Alliance of Automobile Manufacturers Inc.,355000.000000
2010,4,10318,Alliance of Automobile Manufacturers Inc.,277600.000000
2011,3,10318,Alliance of Automobile Manufacturers Inc.,321820.000000
2012,2,10318,Alliance of Automobile Manufacturers Inc.,343620.000000
2013,1,10318,Alliance of Automobile Manufacturers Inc.,299050.000000
2013,4,10318,Alliance of Automobile Manufacturers Inc.,290150.000000
2014,3,10318,Alliance of Automobile Manufacturers Inc.,268333.333333
2015,2,10318,Alliance of Automobile Manufacturers Inc.,350000.000000
2016,1,10318,Alliance of Automobile Manufacturers Inc.,385000.000000
2016,4,10318,Alliance of Automobile Manufacturers Inc.,280383.333333
2017,3,10318,Alliance of Automobile Manufacturers Inc.,416000.000000
2015,4,604,"International Union, United Automobile, Aerospace and Agricultural Implement Workers of America",380000.000000
2016,3,604,"International Union, United Automobile, Aerospace and Agricultural Implement Workers of America",422000.000000
2017,2,604,"International Union, United Automobile, Aerospace and Agricultural Implement Workers of America",265000.000000
2018,1,604,"International Union, United Automobile, Aerospace and Agricultural Implement Workers of America",245000.000000
2018,4,604,"International Union, United Automobile, Aerospace and Agricultural Implement Workers of America",460000.000000
2019,3,604,"International Union, United Automobile, Aerospace and Agricultural Implement Workers of America",590000.000000
2020,2,604,"International Union, United Automobile, Aerospace and Agricultural Implement Workers of America",500000.000000
2021,1,604,"International Union, United Automobile, Aerospace and Agricultural Implement Workers of America",170000.000000
2021,4,604,"International Union, United Automobile, Aerospace and Agricultural Implement Workers of America",140000.000000
2022,3,604,"International Union, United Automobile, Aerospace and Agricultural Implement Workers of America",190000.000000
2023,2,604,"International Union, United Automobile, Aerospace and Agricultural Implement Workers of America",180000.000000
2024,1,604,"International Union, United Automobile, Aerospace and Agricultural Implement Workers of America",130000.000000
2024,4,604,"International Union, United Automobile, Aerospace and Agricultural Implement Workers of America",140000.000000
2015,4,671,Washington Council Ernst & Young,420000.000000
2016,3,671,Washington Council Ernst & Young,430000.000000
2017,2,671,Washington Council Ernst & Young,770000.000000
2018,1,671,Washington Council Ernst & Young,1000000.000000
2018,4,671,Washington Council Ernst & Young,800000.000000
2019,3,671,Washington Council Ernst & Young,660000.000000
2020,2,671,Washington Council Ernst & Young,460000.000000
2021,1,671,Washington Council Ernst & Young,480000.000000
2021,4,671,Washington Council Ernst & Young,450000.000000
2022,3,671,Washington Council Ernst & Young,540000.000000
2023,2,671,Washington Council Ernst & Young,470000.000000
2024,1,671,Washington Council Ernst & Young,500000.000000
2024,4,671,Washington Council Ernst & Young,400000.000000
2010,3,1904,Universal Music Group Inc.,410000.000000
2011,2,1904,Universal Music Group Inc.,420000.000000
2012,1,1904,Universal Music Group Inc.,550000.000000
2012,4,1904,Universal Music Group Inc.,670000.000000
2013,3,1904,Universal Music Group Inc.,500000.000000
2014,2,1904,Universal Music Group Inc.,800000.000000
2015,1,1904,Universal Music Group Inc.,770000.000000
2015,4,1904,Universal Music Group Inc.,420000.000000
2016,3,1904,Universal Music Group Inc.,400000.000000
2017,2,1904,Universal Music Group Inc.,360000.000000
2018,1,1904,Universal Music Group Inc.,600000.000000
2010,2,7926,National Retail Federation,159750.000000
2011,1,7926,National Retail Federation,189750.000000
2011,4,7926,National Retail Federation,215800.000000
2012,3,7926,National Retail Federation,201800.000000
2013,2,7926,National Retail Federation,131800.000000
2014,1,7926,National Retail Federation,284750.000000
2014,4,7926,National Retail Federation,217250.000000
2015,3,7926,National Retail Federation,361800.000000
2016,2,7926,National Retail Federation,361800.000000
2017,1,7926,National Retail Federation,424833.333333
2021,4,8895,International Paper Co.,234000.000000
2022,3,8895,International Paper Co.,337500.000000
2023,2,8895,International Paper Co.,390000.000000
2015,2,20740,"International Association of Sheet Metal, Air, Rail and Transportation Workers Transportation Division",396313.000000
2016,1,20740,"International Association of Sheet Metal, Air, Rail and Transportation Workers Transportation Division",421249.000000
2016,4,20740,"International Association of Sheet Metal, Air, Rail and Transportation Workers Transportation Division",372783.000000
2017,3,20740,"International Association of Sheet Metal, Air, Rail and Transportation Workers Transportation Division",402539.000000
2018,2,20740,"International Association of Sheet Metal, Air, Rail and Transportation Workers Transportation Division",316229.000000
2019,1,20740,"International Association of Sheet Metal, Air, Rail and Transportation Workers Transportation Division",355090.000000
2019,4,20740,"International Association of Sheet Metal, Air, Rail and Transportation Workers Transportation Division",388962.000000
2020,3,20740,"International Association of Sheet Metal, Air, Rail and Transportation Workers Transportation Division",284305.000000
2021,2,20740,"International Association of Sheet Metal, Air, Rail and Transportation Workers Transportation Division",271375.000000
2022,1,20740,"International Association of Sheet Metal, Air, Rail and Transportation Workers Transportation Division",292697.000000
2022,4,20740,"International Association of Sheet Metal, Air, Rail and Transportation Workers Transportation Division",386877.000000
2023,3,20740,"International Association of Sheet Metal, Air, Rail and Transportation Workers Transportation Division",324849.000000
2024,2,20740,"International Association of Sheet Metal, Air, Rail and Transportation Workers Transportation Division",374297.000000
2017,4,21881,HR Policy Association,590000.000000
2018,3,21881,HR Policy Association,650000.000000
2019,2,21881,HR Policy Association,670000.000000
2020,1,21881,HR Policy Association,700000.000000
2020,4,21881,HR Policy Association,700000.000000
2021,3,21881,HR Policy Association,730000.000000
2022,2,21881,HR Policy Association,820000.000000
2023,1,21881,HR Policy Association,990000.000000
2023,4,21881,HR Policy Association,1100000.000000
2024,3,21881,HR Policy Association,240000.000000
2020,4,23796,Distilled Spirits Council of the United States,475000.000000
2021,3,23796,Distilled Spirits Council of the United States,535000.000000
2022,2,23796,Distilled Spirits Council of the United States,545000.000000
2023,1,23796,Distilled Spirits Council of the United States,480000.000000
2023,4,23796,Distilled Spirits Council of the United States,440000.000000
2024,3,23796,Distilled Spirits Council of the United States,470000.000000
2010,2,27861,Coca-Cola Enterprises Inc.,725795.000000
2010,4,28928,Disney Worldwide Services Inc.,720000.000000
2011,3,28928,Disney Worldwide Services Inc.,600000.000000
2012,2,28928,Disney Worldwide Services Inc.,980000.000000
2013,1,28928,Disney Worldwide Services Inc.,1110000.000000
2013,4,28928,Disney Worldwide Services Inc.,810000.000000
2014,3,28928,Disney Worldwide Services Inc.,680000.000000
2015,2,28928,Disney Worldwide Services Inc.,620000.000000
2016,1,28928,Disney Worldwide Services Inc.,1180000.000000
2016,4,28928,Disney Worldwide Services Inc.,910000.000000
2017,3,28928,Disney Worldwide Services Inc.,640000.000000
2018,2,28928,Disney Worldwide Services Inc.,1050000.000000
2019,1,28928,Disney Worldwide Services Inc.,810000.000000
2019,4,28928,Disney Worldwide Services Inc.,940000.000000
2020,3,28928,Disney Worldwide Services Inc.,860000.000000
2021,2,28928,Disney Worldwide Services Inc.,830000.000000
2022,1,28928,Disney Worldwide Services Inc.,800000.000000
2015,4,29779,American Medical Association,1174375.000000
2012,1,10318,Alliance of Automobile Manufacturers Inc.,384060.000000
2012,4,10318,Alliance of Automobile Manufacturers Inc.,435000.000000
2013,3,10318,Alliance of Automobile Manufacturers Inc.,218385.714285
2014,2,10318,Alliance of Automobile Manufacturers Inc.,308166.666666
2015,1,10318,Alliance of Automobile Manufacturers Inc.,385000.000000
2010,2,14416,American Crystal Sugar Co.,23383.000000
2011,1,14416,American Crystal Sugar Co.,348321.000000
2010,2,18177,American Academy of Family Physicians,450224.000000
2011,1,18177,American Academy of Family Physicians,420440.000000
2024,4,18531,National Right To Work Committee,348012.000000
2017,4,20740,"International Association of Sheet Metal, Air, Rail and Transportation Workers Transportation Division",354041.000000
2018,3,20740,"International Association of Sheet Metal, Air, Rail and Transportation Workers Transportation Division",354807.000000
2019,2,20740,"International Association of Sheet Metal, Air, Rail and Transportation Workers Transportation Division",294121.000000
2020,1,20740,"International Association of Sheet Metal, Air, Rail and Transportation Workers Transportation Division",278461.000000
2020,4,20740,"International Association of Sheet Metal, Air, Rail and Transportation Workers Transportation Division",294160.000000
2021,3,20740,"International Association of Sheet Metal, Air, Rail and Transportation Workers Transportation Division",236188.000000
2022,2,20740,"International Association of Sheet Metal, Air, Rail and Transportation Workers Transportation Division",302403.000000
2023,1,20740,"International Association of Sheet Metal, Air, Rail and Transportation Workers Transportation Division",299056.000000
2023,4,20740,"International Association of Sheet Metal, Air, Rail and Transportation Workers Transportation Division",375892.000000
2024,3,20740,"International Association of Sheet Metal, Air, Rail and Transportation Workers Transportation Division",395002.000000
2013,4,21881,HR Policy Association,500000.000000
2014,3,21881,HR Policy Association,280000.000000
2015,2,21881,HR Policy Association,305000.000000
2016,1,21881,HR Policy Association,560000.000000
2016,4,21881,HR Policy Association,560000.000000
2017,3,21881,HR Policy Association,590000.000000
2018,2,21881,HR Policy Association,650000.000000
2019,1,21881,HR Policy Association,670000.000000
2019,4,21881,HR Policy Association,670000.000000
2020,3,21881,HR Policy Association,700000.000000
2021,2,21881,HR Policy Association,680000.000000
2022,1,21881,HR Policy Association,820000.000000
2022,4,21881,HR Policy Association,930000.000000
2023,3,21881,HR Policy Association,990000.000000
2024,2,21881,HR Policy Association,240000.000000
2010,2,22172,American Israel Public Affairs Committee,676413.000000
2011,1,22172,American Israel Public Affairs Committee,716615.000000
2011,4,22172,American Israel Public Affairs Committee,710849.000000
2012,3,22172,American Israel Public Affairs Committee,764031.000000
2013,2,22172,American Israel Public Affairs Committee,722679.000000
2014,1,22172,American Israel Public Affairs Committee,753725.000000
2010,1,22796,Friends Committee on National Legislation,442800.000000
2010,4,22796,Friends Committee on National Legislation,572807.000000
2011,3,22796,Friends Committee on National Legislation,388508.000000
2012,2,22796,Friends Committee on National Legislation,339424.000000
2013,1,22796,Friends Committee on National Legislation,359866.000000
2024,4,23796,Distilled Spirits Council of the United States,450000.000000
2010,1,27861,Coca-Cola Enterprises Inc.,496000.000000
2014,4,28928,Disney Worldwide Services Inc.,830000.000000
2015,3,28928,Disney Worldwide Services Inc.,690000.000000
2018,4,14416,American Crystal Sugar Co.,242261.000000
2019,3,14416,American Crystal Sugar Co.,432795.000000
2020,2,14416,American Crystal Sugar Co.,225919.000000
2021,1,14416,American Crystal Sugar Co.,629214.000000
2021,4,14416,American Crystal Sugar Co.,224160.000000
2022,3,14416,American Crystal Sugar Co.,972494.000000
2023,2,14416,American Crystal Sugar Co.,271494.000000
2024,1,14416,American Crystal Sugar Co.,444171.000000
2015,4,18177,American Academy of Family Physicians,467970.000000
2016,3,18177,American Academy of Family Physicians,283133.333333
2017,2,18177,American Academy of Family Physicians,284678.000000
2018,1,18177,American Academy of Family Physicians,411794.000000
2018,4,18177,American Academy of Family Physicians,697053.500000
2019,3,18177,American Academy of Family Physicians,528696.500000
2020,2,18177,American Academy of Family Physicians,484432.000000
2021,1,18177,American Academy of Family Physicians,495587.500000
2021,4,18177,American Academy of Family Physicians,458500.000000
2022,3,18177,American Academy of Family Physicians,403194.000000
2023,2,18177,American Academy of Family Physicians,432470.000000
2024,1,18177,American Academy of Family Physicians,442508.000000
2024,4,18177,American Academy of Family Physicians,566498.500000
2010,2,18531,National Right To Work Committee,1430000.000000
2011,1,18531,National Right To Work Committee,430000.000000
2011,4,18531,National Right To Work Committee,670000.000000
2012,3,18531,National Right To Work Committee,700000.000000
2013,2,18531,National Right To Work Committee,1190000.000000
2014,1,18531,National Right To Work Committee,600000.000000
2014,4,18531,National Right To Work Committee,190000.000000
2015,3,18531,National Right To Work Committee,170000.000000
2016,2,18531,National Right To Work Committee,350000.000000
2017,1,18531,National Right To Work Committee,110000.000000
2017,4,18531,National Right To Work Committee,150000.000000
2018,3,18531,National Right To Work Committee,100000.000000
2019,2,18531,National Right To Work Committee,320000.000000
2020,1,18531,National Right To Work Committee,100000.000000
2010,1,20740,"International Association of Sheet Metal, Air, Rail and Transportation Workers Transportation Division",333303.000000
2010,4,20740,"International Association of Sheet Metal, Air, Rail and Transportation Workers Transportation Division",389824.000000
2011,3,20740,"International Association of Sheet Metal, Air, Rail and Transportation Workers Transportation Division",323643.000000
2012,2,20740,"International Association of Sheet Metal, Air, Rail and Transportation Workers Transportation Division",469000.000000
2013,1,20740,"International Association of Sheet Metal, Air, Rail and Transportation Workers Transportation Division",315872.000000
2018,4,22172,American Israel Public Affairs Committee,883163.000000
2019,3,22172,American Israel Public Affairs Committee,710405.000000
2020,2,22172,American Israel Public Affairs Committee,638175.000000
2021,1,22172,American Israel Public Affairs Committee,723162.000000
2021,4,22172,American Israel Public Affairs Committee,676665.000000
2022,3,22172,American Israel Public Affairs Committee,640469.000000
2023,2,22172,American Israel Public Affairs Committee,704298.000000
2024,1,22172,American Israel Public Affairs Committee,837889.000000
2024,4,22172,American Israel Public Affairs Committee,909953.000000
2017,4,22796,Friends Committee on National Legislation,502580.000000
2018,3,22796,Friends Committee on National Legislation,1000000.000000
2019,2,22796,Friends Committee on National Legislation,1000000.000000
2020,1,22796,Friends Committee on National Legislation,336000.000000
2010,3,20740,"International Association of Sheet Metal, Air, Rail and Transportation Workers Transportation Division",348159.000000
2011,2,20740,"International Association of Sheet Metal, Air, Rail and Transportation Workers Transportation Division",394420.000000
2012,1,20740,"International Association of Sheet Metal, Air, Rail and Transportation Workers Transportation Division",440155.000000
2012,4,20740,"International Association of Sheet Metal, Air, Rail and Transportation Workers Transportation Division",362270.000000
2013,3,20740,"International Association of Sheet Metal, Air, Rail and Transportation Workers Transportation Division",315536.000000
2014,2,20740,"International Association of Sheet Metal, Air, Rail and Transportation Workers Transportation Division",204411.000000
2015,1,20740,"International Association of Sheet Metal, Air, Rail and Transportation Workers Transportation Division",278112.000000
2015,4,20740,"International Association of Sheet Metal, Air, Rail and Transportation Workers Transportation Division",325491.000000
2016,3,20740,"International Association of Sheet Metal, Air, Rail and Transportation Workers Transportation Division",376573.000000
2017,2,20740,"International Association of Sheet Metal, Air, Rail and Transportation Workers Transportation Division",425849.000000
2018,1,20740,"International Association of Sheet Metal, Air, Rail and Transportation Workers Transportation Division",426239.000000
2018,4,20740,"International Association of Sheet Metal, Air, Rail and Transportation Workers Transportation Division",287006.000000
2019,3,20740,"International Association of Sheet Metal, Air, Rail and Transportation Workers Transportation Division",852418.000000
2020,2,20740,"International Association of Sheet Metal, Air, Rail and Transportation Workers Transportation Division",254165.000000
2021,1,20740,"International Association of Sheet Metal, Air, Rail and Transportation Workers Transportation Division",299633.000000
2010,2,21881,HR Policy Association,400000.000000
2011,1,21881,HR Policy Association,380000.000000
2011,4,21881,HR Policy Association,380000.000000
2012,3,21881,HR Policy Association,450000.000000
2013,2,21881,HR Policy Association,450000.000000
2014,1,21881,HR Policy Association,490000.000000
2014,4,21881,HR Policy Association,295000.000000
2015,3,21881,HR Policy Association,340000.000000
2016,2,21881,HR Policy Association,560000.000000
2017,1,21881,HR Policy Association,590000.000000
2019,4,23796,Distilled Spirits Council of the United States,495000.000000
2020,3,23796,Distilled Spirits Council of the United States,520000.000000
2021,2,23796,Distilled Spirits Council of the United States,625000.000000
2022,1,23796,Distilled Spirits Council of the United States,710000.000000
2022,4,23796,Distilled Spirits Council of the United States,475000.000000
2023,3,23796,Distilled Spirits Council of the United States,440000.000000
2024,2,23796,Distilled Spirits Council of the United States,450000.000000
2010,3,28928,Disney Worldwide Services Inc.,930000.000000
2011,2,28928,Disney Worldwide Services Inc.,730000.000000
2012,1,28928,Disney Worldwide Services Inc.,1240000.000000
2012,4,28928,Disney Worldwide Services Inc.,790000.000000
2013,3,28928,Disney Worldwide Services Inc.,720000.000000
2014,2,28928,Disney Worldwide Services Inc.,760000.000000
2015,1,28928,Disney Worldwide Services Inc.,1100000.000000
2015,4,28928,Disney Worldwide Services Inc.,830000.000000
2016,3,28928,Disney Worldwide Services Inc.,690000.000000
2017,2,28928,Disney Worldwide Services Inc.,1050000.000000
2018,1,28928,Disney Worldwide Services Inc.,750000.000000
2019,4,29779,American Medical Association,839500.000000
2023,4,9140,American Farm Bureau Federation,300000.000000
2024,3,9140,American Farm Bureau Federation,350000.000000
2015,4,10318,Alliance of Automobile Manufacturers Inc.,296666.666666
2016,3,10318,Alliance of Automobile Manufacturers Inc.,269885.714285
2017,2,10318,Alliance of Automobile Manufacturers Inc.,336000.000000
2018,1,10318,Alliance of Automobile Manufacturers Inc.,444600.000000
2018,4,10318,Alliance of Automobile Manufacturers Inc.,300600.000000
2019,3,10318,Alliance of Automobile Manufacturers Inc.,350000.000000
2011,4,14416,American Crystal Sugar Co.,34920.000000
2012,3,14416,American Crystal Sugar Co.,244163.000000
2013,2,14416,American Crystal Sugar Co.,27523.000000
2014,1,14416,American Crystal Sugar Co.,1093859.000000
2014,4,14416,American Crystal Sugar Co.,246496.000000
2015,3,14416,American Crystal Sugar Co.,485865.000000
2016,2,14416,American Crystal Sugar Co.,648983.000000
2017,1,14416,American Crystal Sugar Co.,845499.000000
2017,4,14416,American Crystal Sugar Co.,257872.000000
2018,3,14416,American Crystal Sugar Co.,273477.000000
2019,2,14416,American Crystal Sugar Co.,775191.000000
2020,1,14416,American Crystal Sugar Co.,1318202.000000
2019,4,18177,American Academy of Family Physicians,639396.000000
2020,3,18177,American Academy of Family Physicians,1257804.000000
2021,2,18177,American Academy of Family Physicians,465703.000000
2022,1,18177,American Academy of Family Physicians,435769.000000
2022,4,18177,American Academy of Family Physicians,424007.500000
2023,3,18177,American Academy of Family Physicians,423139.500000
2024,2,18177,American Academy of Family Physicians,552713.000000
2012,4,18531,National Right To Work Committee,400000.000000
2013,3,18531,National Right To Work Committee,1120000.000000
2014,2,18531,National Right To Work Committee,730000.000000
2015,1,18531,National Right To Work Committee,310000.000000
2015,4,18531,National Right To Work Committee,120000.000000
2016,3,18531,National Right To Work Committee,110000.000000
2017,2,18531,National Right To Work Committee,210000.000000
2018,1,18531,National Right To Work Committee,140000.000000
2018,4,18531,National Right To Work Committee,130000.000000
2019,3,18531,National Right To Work Committee,130000.000000
2020,2,18531,National Right To Work Committee,130000.000000
2021,1,18531,National Right To Work Committee,90000.000000
2021,4,18531,National Right To Work Committee,340000.000000
2022,3,18531,National Right To Work Committee,190000.000000
2023,2,18531,National Right To Work Committee,260000.000000
2024,1,18531,National Right To Work Committee,180000.000000
2010,1,21881,HR Policy Association,470000.000000
2010,4,21881,HR Policy Association,400000.000000
2011,3,21881,HR Policy Association,380000.000000
2012,2,21881,HR Policy Association,450000.000000
2013,1,21881,HR Policy Association,450000.000000
2014,4,22172,American Israel Public Affairs Committee,765823.000000
2015,3,22172,American Israel Public Affairs Committee,849356.000000
2016,2,22172,American Israel Public Affairs Committee,912216.000000
2017,1,22172,American Israel Public Affairs Committee,840442.000000
2017,4,22172,American Israel Public Affairs Committee,840988.000000
2018,3,22172,American Israel Public Affairs Committee,879936.000000
2019,2,22172,American Israel Public Affairs Committee,694578.000000
2020,1,22172,American Israel Public Affairs Committee,721290.000000
2020,4,22172,American Israel Public Affairs Committee,688309.000000
2021,3,22172,American Israel Public Affairs Committee,667734.000000
2022,2,22172,American Israel Public Affairs Committee,650750.000000
2012,3,22796,Friends Committee on National Legislation,335058.000000
2013,2,22796,Friends Committee on National Legislation,319837.000000
2014,1,22796,Friends Committee on National Legislation,585327.000000
2014,4,22796,Friends Committee on National Legislation,590000.000000
2015,3,22796,Friends Committee on National Legislation,350000.000000
2016,2,22796,Friends Committee on National Legislation,330000.000000
2017,1,22796,Friends Committee on National Legislation,503600.000000
2010,2,23796,Distilled Spirits Council of the United States,466666.666666
2011,1,23796,Distilled Spirits Council of the United States,357500.000000
2018,4,28928,Disney Worldwide Services Inc.,830000.000000
2019,3,28928,Disney Worldwide Services Inc.,880000.000000
2020,2,28928,Disney Worldwide Services Inc.,890000.000000
2021,1,28928,Disney Worldwide Services Inc.,1310000.000000
2021,4,28928,Disney Worldwide Services Inc.,800000.000000
2022,3,28928,Disney Worldwide Services Inc.,1020000.000000
2023,2,28928,Disney Worldwide Services Inc.,1180000.000000
2024,1,28928,Disney Worldwide Services Inc.,1520000.000000
2024,4,28928,Disney Worldwide Services Inc.,750000.000000
2010,1,29779,American Medical Association,1595000.000000
2010,4,29779,American Medical Association,1291250.000000
2011,3,29779,American Medical Association,1494800.000000
2012,2,29779,American Medical Association,926800.000000
2013,1,29779,American Medical Association,1029400.000000
2013,4,29779,American Medical Association,896500.000000
2014,3,29779,American Medical Association,894500.000000
2015,2,29779,American Medical Association,1184500.000000
2016,1,29779,American Medical Association,1357500.000000
2016,4,29779,American Medical Association,1039375.000000
2017,3,29779,American Medical Association,1021500.000000
2018,2,29779,American Medical Association,909500.000000
2019,1,29779,American Medical Association,1403500.000000
2023,4,31392,U.S. Beet Sugar Association,505000.000000
2024,3,31392,U.S. Beet Sugar Association,505000.000000
2011,4,33260,Gun Owners of America Inc.,335841.000000
2012,3,33260,Gun Owners of America Inc.,293832.000000
2013,2,33260,Gun Owners of America Inc.,370434.000000
2014,1,33260,Gun Owners of America Inc.,342172.000000
2014,4,33260,Gun Owners of America Inc.,418316.000000
2015,3,33260,Gun Owners of America Inc.,350462.000000
2016,2,33260,Gun Owners of America Inc.,309831.000000
2017,1,33260,Gun Owners of America Inc.,303613.000000
2017,4,33260,Gun Owners of America Inc.,397188.000000
2018,3,33260,Gun Owners of America Inc.,375539.000000
2019,2,33260,Gun Owners of America Inc.,373925.000000
2020,1,33260,Gun Owners of America Inc.,484889.000000
2020,4,33260,Gun Owners of America Inc.,566611.000000
2021,3,33260,Gun Owners of America Inc.,664197.000000
2022,2,33260,Gun Owners of America Inc.,847059.000000
2023,1,33260,Gun Owners of America Inc.,861706.000000
2010,3,33679,American Association of Orthopaedic Surgeons,296843.500000
2011,2,33679,American Association of Orthopaedic Surgeons,175968.500000
2012,1,33679,American Association of Orthopaedic Surgeons,507846.000000
2012,4,33679,American Association of Orthopaedic Surgeons,452485.000000
2013,3,33679,American Association of Orthopaedic Surgeons,157748.500000
2014,2,33679,American Association of Orthopaedic Surgeons,513836.000000
2015,1,33679,American Association of Orthopaedic Surgeons,465953.000000
2015,4,33679,American Association of Orthopaedic Surgeons,494459.000000
2016,3,33679,American Association of Orthopaedic Surgeons,268918.000000
2017,2,33679,American Association of Orthopaedic Surgeons,461408.000000
2018,2,10318,Alliance of Automobile Manufacturers Inc.,522600.000000
2019,1,10318,Alliance of Automobile Manufacturers Inc.,475000.000000
2016,4,14416,American Crystal Sugar Co.,788398.000000
2017,3,14416,American Crystal Sugar Co.,636650.000000
2018,2,14416,American Crystal Sugar Co.,815914.000000
2019,1,14416,American Crystal Sugar Co.,822645.000000
2019,4,14416,American Crystal Sugar Co.,784742.000000
2020,3,14416,American Crystal Sugar Co.,439297.000000
2021,2,14416,American Crystal Sugar Co.,1221578.000000
2022,1,14416,American Crystal Sugar Co.,1226900.000000
2022,4,14416,American Crystal Sugar Co.,512936.000000
2023,3,14416,American Crystal Sugar Co.,1026862.000000
2024,2,14416,American Crystal Sugar Co.,660457.000000
2010,1,18531,National Right To Work Committee,1460000.000000
2010,4,18531,National Right To Work Committee,310000.000000
2011,3,18531,National Right To Work Committee,290000.000000
2012,2,18531,National Right To Work Committee,740000.000000
2013,1,18531,National Right To Work Committee,660000.000000
2013,4,18531,National Right To Work Committee,650000.000000
2014,3,18531,National Right To Work Committee,350000.000000
2015,2,18531,National Right To Work Committee,210000.000000
2016,1,18531,National Right To Work Committee,180000.000000
2010,2,20740,"International Association of Sheet Metal, Air, Rail and Transportation Workers Transportation Division",366994.000000
2011,1,20740,"International Association of Sheet Metal, Air, Rail and Transportation Workers Transportation Division",324941.000000
2011,4,20740,"International Association of Sheet Metal, Air, Rail and Transportation Workers Transportation Division",334348.000000
2012,3,20740,"International Association of Sheet Metal, Air, Rail and Transportation Workers Transportation Division",454213.000000
2013,2,20740,"International Association of Sheet Metal, Air, Rail and Transportation Workers Transportation Division",353282.000000
2014,1,20740,"International Association of Sheet Metal, Air, Rail and Transportation Workers Transportation Division",291324.000000
2014,4,20740,"International Association of Sheet Metal, Air, Rail and Transportation Workers Transportation Division",186052.000000
2015,3,20740,"International Association of Sheet Metal, Air, Rail and Transportation Workers Transportation Division",344661.000000
2016,2,20740,"International Association of Sheet Metal, Air, Rail and Transportation Workers Transportation Division",346855.000000
2017,1,20740,"International Association of Sheet Metal, Air, Rail and Transportation Workers Transportation Division",363028.000000
2010,3,21881,HR Policy Association,280000.000000
2011,2,21881,HR Policy Association,380000.000000
2012,1,21881,HR Policy Association,450000.000000
2012,4,21881,HR Policy Association,500000.000000
2013,3,21881,HR Policy Association,450000.000000
2014,2,21881,HR Policy Association,550000.000000
2015,1,21881,HR Policy Association,295000.000000
2015,4,21881,HR Policy Association,550000.000000
2016,3,21881,HR Policy Association,560000.000000
2017,2,21881,HR Policy Association,590000.000000
2018,1,21881,HR Policy Association,650000.000000
2018,4,21881,HR Policy Association,650000.000000
2019,3,21881,HR Policy Association,670000.000000
2020,2,21881,HR Policy Association,700000.000000
2021,1,21881,HR Policy Association,730000.000000
2022,4,22172,American Israel Public Affairs Committee,741474.000000
2023,3,22172,American Israel Public Affairs Committee,767812.000000
2024,2,22172,American Israel Public Affairs Committee,786536.000000
2021,4,22796,Friends Committee on National Legislation,1000000.000000
2022,3,22796,Friends Committee on National Legislation,1000000.000000
2024,1,8895,International Paper Co.,330000.000000
2024,4,8895,International Paper Co.,325000.000000
2010,1,8900,Elevance Health Inc.,346000.000000
2010,4,8900,Elevance Health Inc.,210000.000000
2011,3,8900,Elevance Health Inc.,255000.000000
2012,2,8900,Elevance Health Inc.,260000.000000
2013,1,8900,Elevance Health Inc.,400000.000000
2013,4,8900,Elevance Health Inc.,352500.000000
2014,3,8900,Elevance Health Inc.,307500.000000
2015,2,8900,Elevance Health Inc.,325000.000000
2016,1,8900,Elevance Health Inc.,344000.000000
2019,4,9140,American Farm Bureau Federation,384730.000000
2020,3,9140,American Farm Bureau Federation,435350.500000
2021,2,9140,American Farm Bureau Federation,335000.000000
2022,1,9140,American Farm Bureau Federation,280000.000000
2022,4,9140,American Farm Bureau Federation,360000.000000
2023,3,9140,American Farm Bureau Federation,310000.000000
2024,2,9140,American Farm Bureau Federation,370000.000000
2010,1,14416,American Crystal Sugar Co.,691069.000000
2010,4,14416,American Crystal Sugar Co.,34674.000000
2011,3,14416,American Crystal Sugar Co.,206946.000000
2012,2,14416,American Crystal Sugar Co.,77987.000000
2013,1,14416,American Crystal Sugar Co.,1004117.000000
2013,4,14416,American Crystal Sugar Co.,127939.000000
2014,3,14416,American Crystal Sugar Co.,561198.000000
2015,2,14416,American Crystal Sugar Co.,678404.000000
2016,1,14416,American Crystal Sugar Co.,1132869.000000
2010,1,18177,American Academy of Family Physicians,798462.000000
2010,4,18177,American Academy of Family Physicians,219599.500000
2011,3,18177,American Academy of Family Physicians,401235.000000
2012,2,18177,American Academy of Family Physicians,408798.500000
2013,1,18177,American Academy of Family Physicians,349652.000000
2013,4,18177,American Academy of Family Physicians,383832.000000
2014,3,18177,American Academy of Family Physicians,258982.333333
2015,2,18177,American Academy of Family Physicians,342084.500000
2016,1,18177,American Academy of Family Physicians,387591.000000
2016,4,18177,American Academy of Family Physicians,242095.666666
2017,3,18177,American Academy of Family Physicians,383014.000000
2018,2,18177,American Academy of Family Physicians,427863.000000
2019,1,18177,American Academy of Family Physicians,499875.500000
2016,4,18531,National Right To Work Committee,80000.000000
2017,3,18531,National Right To Work Committee,260000.000000
2018,2,18531,National Right To Work Committee,170000.000000
2019,1,18531,National Right To Work Committee,180000.000000
2019,4,18531,National Right To Work Committee,140000.000000
2020,3,18531,National Right To Work Committee,300000.000000
2021,2,18531,National Right To Work Committee,480000.000000
2022,1,18531,National Right To Work Committee,260000.000000
2022,4,18531,National Right To Work Committee,70000.000000
2023,3,18531,National Right To Work Committee,290000.000000
2024,2,18531,National Right To Work Committee,447425.000000
2021,4,21881,HR Policy Association,900000.000000
2022,3,21881,HR Policy Association,820000.000000
2023,2,21881,HR Policy Association,990000.000000
2024,1,21881,HR Policy Association,240000.000000
2024,4,21881,HR Policy Association,240000.000000
2010,4,22172,American Israel Public Affairs Committee,688269.000000
2011,3,22172,American Israel Public Affairs Committee,710977.000000
2012,2,22172,American Israel Public Affairs Committee,527967.000000
2013,1,22172,American Israel Public Affairs Committee,791314.000000
2013,4,22172,American Israel Public Affairs Committee,741832.000000
2014,3,22172,American Israel Public Affairs Committee,771114.000000
2015,2,22172,American Israel Public Affairs Committee,843568.000000
2016,1,22172,American Israel Public Affairs Committee,911006.000000
2016,4,22172,American Israel Public Affairs Committee,874706.000000
2017,3,22172,American Israel Public Affairs Committee,813026.000000
2018,2,22172,American Israel Public Affairs Committee,875845.000000
2019,1,22172,American Israel Public Affairs Committee,741114.000000
2019,4,22172,American Israel Public Affairs Committee,816010.000000
2020,3,22172,American Israel Public Affairs Committee,604527.000000
2021,2,22172,American Israel Public Affairs Committee,689686.000000
2022,1,22172,American Israel Public Affairs Committee,690388.000000
2010,3,22796,Friends Committee on National Legislation,431413.000000
2011,2,22796,Friends Committee on National Legislation,365226.000000
2012,1,22796,Friends Committee on National Legislation,342955.000000
2012,4,22796,Friends Committee on National Legislation,499482.000000
2013,3,22796,Friends Committee on National Legislation,368182.000000
2014,2,22796,Friends Committee on National Legislation,648238.000000
2015,1,22796,Friends Committee on National Legislation,430000.000000
2015,4,22796,Friends Committee on National Legislation,1060000.000000
2016,3,22796,Friends Committee on National Legislation,283050.000000
2017,2,22796,Friends Committee on National Legislation,503040.000000
2018,1,22796,Friends Committee on National Legislation,500000.000000
2018,4,22796,Friends Committee on National Legislation,1000000.000000
2019,3,22796,Friends Committee on National Legislation,500000.000000
2020,2,22796,Friends Committee on National Legislation,504149.000000
2021,1,22796,Friends Committee on National Legislation,515000.000000
2010,3,23796,Distilled Spirits Council of the United States,450000.000000
2011,2,23796,Distilled Spirits Council of the United States,347500.000000
2012,1,23796,Distilled Spirits Council of the United States,330000.000000
2012,4,23796,Distilled Spirits Council of the United States,320000.000000
2013,3,23796,Distilled Spirits Council of the United States,312500.000000
2014,2,23796,Distilled Spirits Council of the United States,407500.000000
2015,1,23796,Distilled Spirits Council of the United States,377500.000000
2022,4,28928,Disney Worldwide Services Inc.,930000.000000
2023,3,28928,Disney Worldwide Services Inc.,840000.000000
2024,2,28928,Disney Worldwide Services Inc.,1110000.000000
2010,3,29779,American Medical Association,621250.000000
2011,2,29779,American Medical Association,914800.000000
2012,1,29779,American Medical Association,976800.000000
2012,4,29779,American Medical Association,726800.000000
2013,3,29779,American Medical Association,901400.000000
2014,2,29779,American Medical Association,820500.000000
2015,1,29779,American Medical Association,1168750.000000
2015,4,33260,Gun Owners of America Inc.,405925.000000
2016,3,33260,Gun Owners of America Inc.,328107.000000
2017,2,33260,Gun Owners of America Inc.,313067.000000
2018,1,33260,Gun Owners of America Inc.,378084.000000
2018,4,33260,Gun Owners of America Inc.,432727.000000
2019,3,33260,Gun Owners of America Inc.,432358.000000
2020,2,33260,Gun Owners of America Inc.,396879.000000
2021,1,33260,Gun Owners of America Inc.,618453.000000
2021,4,33260,Gun Owners of America Inc.,875136.000000
2022,3,33260,Gun Owners of America Inc.,764917.000000
2023,2,33260,Gun Owners of America Inc.,1020212.000000
2024,1,33260,Gun Owners of America Inc.,649305.000000
2010,2,33679,American Association of Orthopaedic Surgeons,229500.000000
2011,1,33679,American Association of Orthopaedic Surgeons,186312.500000
2011,4,33679,American Association of Orthopaedic Surgeons,428017.000000
2012,3,33679,American Association of Orthopaedic Surgeons,371731.000000
2013,2,33679,American Association of Orthopaedic Surgeons,20000.000000
2014,1,33679,American Association of Orthopaedic Surgeons,356565.000000
2011,4,42121,Military Officers Association of America,423840.000000
2012,3,42121,Military Officers Association of America,381622.000000
2013,2,42121,Military Officers Association of America,563548.000000
2014,1,42121,Military Officers Association of America,418078.000000
2014,4,42121,Military Officers Association of America,411885.000000
2015,3,42121,Military Officers Association of America,492016.000000
2016,2,42121,Military Officers Association of America,515990.000000
2017,1,42121,Military Officers Association of America,423683.000000
2017,4,42121,Military Officers Association of America,356709.000000
2018,3,42121,Military Officers Association of America,414436.000000
2019,2,42121,Military Officers Association of America,536012.000000
2020,1,42121,Military Officers Association of America,449471.000000
2013,4,45053,AZOA Services Corp.,590000.000000
2014,3,45053,AZOA Services Corp.,590000.000000
2015,2,45053,AZOA Services Corp.,590000.000000
2016,1,45053,AZOA Services Corp.,600000.000000
2016,4,45053,AZOA Services Corp.,600000.000000
2017,3,45053,AZOA Services Corp.,530000.000000
2018,2,45053,AZOA Services Corp.,520000.000000
2019,1,45053,AZOA Services Corp.,530000.000000
2019,4,45053,AZOA Services Corp.,310000.000000
2020,3,45053,AZOA Services Corp.,305000.000000
2021,2,45053,AZOA Services Corp.,560000.000000
2022,1,45053,AZOA Services Corp.,530000.000000
2022,4,45053,AZOA Services Corp.,520000.000000
2023,3,45053,AZOA Services Corp.,480000.000000
2024,2,45053,AZOA Services Corp.,510000.000000
2017,4,48709,Open Society Policy Center Inc.,5155000.000000
2018,3,48709,Open Society Policy Center Inc.,3870000.000000
2019,2,48709,Open Society Policy Center Inc.,1980000.000000
2020,1,48709,Open Society Policy Center Inc.,45000.000000
2020,4,48709,Open Society Policy Center Inc.,45000.000000
2021,3,48709,Open Society Policy Center Inc.,10000.000000
2023,1,48709,Open Society Policy Center Inc.,1570000.000000
2023,4,48709,Open Society Policy Center Inc.,400000.000000
2024,3,48709,Open Society Policy Center Inc.,110000.000000
2012,4,48835,BB&T Corp.,313900.000000
2013,3,48835,BB&T Corp.,262332.000000
2014,2,48835,BB&T Corp.,182762.000000
2015,1,48835,BB&T Corp.,182000.000000
2015,4,48835,BB&T Corp.,188000.000000
2016,3,48835,BB&T Corp.,299586.000000
2017,2,48835,BB&T Corp.,160987.000000
2018,1,48835,BB&T Corp.,324247.000000
2018,4,48835,BB&T Corp.,299252.000000
2019,3,48835,BB&T Corp.,300000.000000
2020,2,48835,BB&T Corp.,420000.000000
2021,1,48835,BB&T Corp.,570000.000000
2021,4,48835,BB&T Corp.,570000.000000
2022,3,48835,BB&T Corp.,1025000.000000
2023,2,48835,BB&T Corp.,260000.000000
2024,1,48835,BB&T Corp.,1320000.000000
2021,4,49807,National Association of Realtors,2205000.000000
2022,3,49807,National Association of Realtors,4928333.333333
2023,2,49807,National Association of Realtors,1731666.666666
2024,1,49807,National Association of Realtors,2508333.333333
2024,4,49807,National Association of Realtors,3856666.666666
2019,4,53545,National Multifamily Housing Council,373333.333333
2020,3,53545,National Multifamily Housing Council,580000.000000
2021,2,53545,National Multifamily Housing Council,2040000.000000
2022,1,53545,National Multifamily Housing Council,900000.000000
2022,4,53545,National Multifamily Housing Council,990000.000000
2020,4,22796,Friends Committee on National Legislation,507500.000000
2021,3,22796,Friends Committee on National Legislation,500000.000000
2022,2,22796,Friends Committee on National Legislation,1000000.000000
2023,1,22796,Friends Committee on National Legislation,1000000.000000
2023,4,22796,Friends Committee on National Legislation,1000000.000000
2024,3,22796,Friends Committee on National Legislation,1000000.000000
2011,4,23796,Distilled Spirits Council of the United States,307500.000000
2012,3,23796,Distilled Spirits Council of the United States,330000.000000
2013,2,23796,Distilled Spirits Council of the United States,387500.000000
2014,1,23796,Distilled Spirits Council of the United States,385000.000000
2014,4,23796,Distilled Spirits Council of the United States,345000.000000
2015,3,23796,Distilled Spirits Council of the United States,264000.000000
2016,2,23796,Distilled Spirits Council of the United States,336000.000000
2017,1,23796,Distilled Spirits Council of the United States,312000.000000
2017,4,23796,Distilled Spirits Council of the United States,433333.333333
2018,3,23796,Distilled Spirits Council of the United States,470000.000000
2019,2,23796,Distilled Spirits Council of the United States,560000.000000
2020,1,23796,Distilled Spirits Council of the United States,665000.000000
2010,1,28928,Disney Worldwide Services Inc.,1250000.000000
2024,4,29779,American Medical Association,1697500.000000
2010,3,31392,U.S. Beet Sugar Association,450000.000000
2011,2,31392,U.S. Beet Sugar Association,450000.000000
2012,1,31392,U.S. Beet Sugar Association,450000.000000
2012,4,31392,U.S. Beet Sugar Association,450000.000000
2013,3,31392,U.S. Beet Sugar Association,450000.000000
2014,2,31392,U.S. Beet Sugar Association,450000.000000
2015,1,31392,U.S. Beet Sugar Association,450000.000000
2023,4,33260,Gun Owners of America Inc.,720588.000000
2016,4,42121,Military Officers Association of America,981891.000000
2017,3,42121,Military Officers Association of America,390191.000000
2018,2,42121,Military Officers Association of America,491384.000000
2019,1,42121,Military Officers Association of America,467038.000000
2019,4,42121,Military Officers Association of America,449471.000000
2020,3,42121,Military Officers Association of America,408089.000000
2021,2,42121,Military Officers Association of America,504223.000000
2022,1,42121,Military Officers Association of America,410774.000000
2022,4,42121,Military Officers Association of America,511337.000000
2023,3,42121,Military Officers Association of America,468071.000000
2024,2,42121,Military Officers Association of America,686072.000000
2021,4,45053,AZOA Services Corp.,560000.000000
2022,3,45053,AZOA Services Corp.,520000.000000
2023,2,45053,AZOA Services Corp.,480000.000000
2024,1,45053,AZOA Services Corp.,510000.000000
2024,4,45053,AZOA Services Corp.,510000.000000
2012,2,48835,BB&T Corp.,130400.000000
2013,1,48835,BB&T Corp.,203800.000000
2013,4,48835,BB&T Corp.,504080.000000
2014,3,48835,BB&T Corp.,548583.000000
2015,2,48835,BB&T Corp.,117500.000000
2016,1,48835,BB&T Corp.,71800.000000
2013,4,49807,National Association of Realtors,2538000.000000
2014,3,49807,National Association of Realtors,3606000.000000
2015,2,49807,National Association of Realtors,2740000.000000
2016,1,49807,National Association of Realtors,4000000.000000
2016,4,49807,National Association of Realtors,6526666.666666
2017,3,49807,National Association of Realtors,3730000.000000
2018,2,49807,National Association of Realtors,3585000.000000
2019,1,49807,National Association of Realtors,1945000.000000
2019,4,49807,National Association of Realtors,1881666.666666
2016,3,29779,American Medical Association,819500.000000
2017,2,29779,American Medical Association,1105500.000000
2018,1,29779,American Medical Association,1367500.000000
2018,4,29779,American Medical Association,997500.000000
2019,3,29779,American Medical Association,963500.000000
2020,2,29779,American Medical Association,817500.000000
2021,1,29779,American Medical Association,1635000.000000
2021,4,29779,American Medical Association,1237500.000000
2022,3,29779,American Medical Association,1135000.000000
2023,2,29779,American Medical Association,998000.000000
2024,1,29779,American Medical Association,1504000.000000
2010,1,31130,Qwest Communications International Inc.,1035175.000000
2015,4,31392,U.S. Beet Sugar Association,450000.000000
2016,3,31392,U.S. Beet Sugar Association,450000.000000
2017,2,31392,U.S. Beet Sugar Association,450000.000000
2018,1,31392,U.S. Beet Sugar Association,450000.000000
2018,4,31392,U.S. Beet Sugar Association,400000.000000
2019,3,31392,U.S. Beet Sugar Association,400000.000000
2020,2,31392,U.S. Beet Sugar Association,400000.000000
2021,1,31392,U.S. Beet Sugar Association,235000.000000
2021,4,31392,U.S. Beet Sugar Association,250000.000000
2022,3,31392,U.S. Beet Sugar Association,570000.000000
2023,2,31392,U.S. Beet Sugar Association,505000.000000
2024,1,31392,U.S. Beet Sugar Association,505000.000000
2024,4,31392,U.S. Beet Sugar Association,505000.000000
2010,3,33260,Gun Owners of America Inc.,333171.000000
2011,2,33260,Gun Owners of America Inc.,353655.000000
2012,1,33260,Gun Owners of America Inc.,272075.000000
2012,4,33260,Gun Owners of America Inc.,436319.000000
2013,3,33260,Gun Owners of America Inc.,289915.000000
2014,2,33260,Gun Owners of America Inc.,359205.000000
2015,1,33260,Gun Owners of America Inc.,334392.000000
2014,4,33679,American Association of Orthopaedic Surgeons,428706.000000
2015,3,33679,American Association of Orthopaedic Surgeons,203569.000000
2016,2,33679,American Association of Orthopaedic Surgeons,508077.000000
2017,1,33679,American Association of Orthopaedic Surgeons,541064.000000
2017,4,33679,American Association of Orthopaedic Surgeons,480689.000000
2018,3,33679,American Association of Orthopaedic Surgeons,653881.000000
2019,2,33679,American Association of Orthopaedic Surgeons,538681.000000
2020,1,33679,American Association of Orthopaedic Surgeons,489104.000000
2020,4,33679,American Association of Orthopaedic Surgeons,329804.000000
2021,3,33679,American Association of Orthopaedic Surgeons,252709.000000
2022,2,33679,American Association of Orthopaedic Surgeons,374911.000000
2023,1,33679,American Association of Orthopaedic Surgeons,431429.000000
2023,4,33679,American Association of Orthopaedic Surgeons,484754.000000
2024,3,33679,American Association of Orthopaedic Surgeons,393590.000000
2010,1,42121,Military Officers Association of America,483459.000000
2010,4,42121,Military Officers Association of America,194515.000000
2011,3,42121,Military Officers Association of America,503458.000000
2012,2,42121,Military Officers Association of America,522516.000000
2013,1,42121,Military Officers Association of America,409513.000000
2013,4,42121,Military Officers Association of America,420747.000000
2014,3,42121,Military Officers Association of America,413551.000000
2015,2,42121,Military Officers Association of America,542106.000000
2016,1,42121,Military Officers Association of America,505872.000000
2012,4,45053,AZOA Services Corp.,560000.000000
2013,3,45053,AZOA Services Corp.,570000.000000
2014,2,45053,AZOA Services Corp.,590000.000000
2015,1,45053,AZOA Services Corp.,590000.000000
2020,3,49807,National Association of Realtors,5610000.000000
2021,2,49807,National Association of Realtors,1725000.000000
2022,1,49807,National Association of Realtors,2075000.000000
2022,4,49807,National Association of Realtors,4261666.666666
2023,3,49807,National Association of Realtors,1731666.666666
2024,2,49807,National Association of Realtors,2795000.000000
2010,1,53545,National Multifamily Housing Council,380000.000000
2024,4,54262,ConocoPhillips Co.,1041250.000000
2013,4,54955,American College of Radiology Association,485890.500000
2014,3,54955,American College of Radiology Association,413175.500000
2015,2,54955,American College of Radiology Association,533053.500000
2016,1,54955,American College of Radiology Association,422229.500000
2016,4,54955,American College of Radiology Association,217652.000000
2017,3,54955,American College of Radiology Association,287313.000000
2018,2,54955,American College of Radiology Association,521883.000000
2019,1,54955,American College of Radiology Association,237326.000000
2019,4,54955,American College of Radiology Association,106953.000000
2020,3,54955,American College of Radiology Association,150676.500000
2021,2,54955,American College of Radiology Association,143309.000000
2022,1,54955,American College of Radiology Association,128366.000000
2022,4,54955,American College of Radiology Association,121083.000000
2023,3,54955,American College of Radiology Association,124999.500000
2024,2,54955,American College of Radiology Association,176771.500000
2021,4,68834,CVS Health,280000.000000
2022,3,68834,CVS Health,195454.545454
2023,2,68834,CVS Health,223333.333333
2024,1,68834,CVS Health,583333.333333
2024,4,68834,CVS Health,384166.666666
2010,3,70834,American Hospital Association,591875.000000
2011,2,70834,American Hospital Association,593750.000000
2012,1,70834,American Hospital Association,546250.000000
2012,4,70834,American Hospital Association,708125.000000
2013,3,70834,American Hospital Association,580714.285714
2014,2,70834,American Hospital Association,769166.666666
2015,1,70834,American Hospital Association,819166.666666
2015,4,86263,International Association of Machinists and Aerospace Workers,485000.000000
2016,3,86263,International Association of Machinists and Aerospace Workers,620000.000000
2017,2,86263,International Association of Machinists and Aerospace Workers,460000.000000
2018,1,86263,International Association of Machinists and Aerospace Workers,415000.000000
2018,4,86263,International Association of Machinists and Aerospace Workers,445000.000000
2019,3,86263,International Association of Machinists and Aerospace Workers,670000.000000
2020,2,86263,International Association of Machinists and Aerospace Workers,810000.000000
2021,1,86263,International Association of Machinists and Aerospace Workers,510000.000000
2021,4,86263,International Association of Machinists and Aerospace Workers,1400000.000000
2022,3,86263,International Association of Machinists and Aerospace Workers,660000.000000
2023,2,86263,International Association of Machinists and Aerospace Workers,640000.000000
2024,1,86263,International Association of Machinists and Aerospace Workers,710000.000000
2010,3,86642,National Association of Federally-Insured Credit Unions,610000.000000
2011,2,86642,National Association of Federally-Insured Credit Unions,610000.000000
2012,1,86642,National Association of Federally-Insured Credit Unions,550000.000000
2010,1,91032,Bayer Corp.,406066.666666
2016,4,92776,Philips Electronics North America Corp.,160000.000000
2017,3,92776,Philips Electronics North America Corp.,110000.000000
2018,2,92776,Philips Electronics North America Corp.,410000.000000
2020,3,29779,American Medical Association,901500.000000
2021,2,29779,American Medical Association,1100000.000000
2022,1,29779,American Medical Association,1675000.000000
2022,4,29779,American Medical Association,1310000.000000
2023,3,29779,American Medical Association,732000.000000
2024,2,29779,American Medical Association,1072000.000000
2010,4,31130,Qwest Communications International Inc.,307620.500000
2011,4,31392,U.S. Beet Sugar Association,450000.000000
2012,3,31392,U.S. Beet Sugar Association,450000.000000
2013,2,31392,U.S. Beet Sugar Association,450000.000000
2014,1,31392,U.S. Beet Sugar Association,450000.000000
2014,4,31392,U.S. Beet Sugar Association,450000.000000
2015,3,31392,U.S. Beet Sugar Association,450000.000000
2016,2,31392,U.S. Beet Sugar Association,450000.000000
2017,1,31392,U.S. Beet Sugar Association,450000.000000
2017,4,31392,U.S. Beet Sugar Association,450000.000000
2018,3,31392,U.S. Beet Sugar Association,400000.000000
2019,2,31392,U.S. Beet Sugar Association,400000.000000
2020,1,31392,U.S. Beet Sugar Association,400000.000000
2020,4,31392,U.S. Beet Sugar Association,400000.000000
2021,3,31392,U.S. Beet Sugar Association,250000.000000
2022,2,31392,U.S. Beet Sugar Association,570000.000000
2023,1,31392,U.S. Beet Sugar Association,505000.000000
2010,2,33260,Gun Owners of America Inc.,324114.000000
2011,1,33260,Gun Owners of America Inc.,303367.000000
2018,4,33679,American Association of Orthopaedic Surgeons,323071.000000
2019,3,33679,American Association of Orthopaedic Surgeons,536954.000000
2020,2,33679,American Association of Orthopaedic Surgeons,464047.000000
2021,1,33679,American Association of Orthopaedic Surgeons,248040.000000
2021,4,33679,American Association of Orthopaedic Surgeons,411657.000000
2022,3,33679,American Association of Orthopaedic Surgeons,319516.000000
2023,2,33679,American Association of Orthopaedic Surgeons,477238.000000
2024,1,33679,American Association of Orthopaedic Surgeons,424674.000000
2024,4,33679,American Association of Orthopaedic Surgeons,518655.000000
2024,4,42121,Military Officers Association of America,475175.000000
2010,3,45053,AZOA Services Corp.,420000.000000
2011,2,45053,AZOA Services Corp.,570000.000000
2012,1,45053,AZOA Services Corp.,580000.000000
2010,1,48709,Open Society Policy Center Inc.,390000.000000
2010,4,48709,Open Society Policy Center Inc.,300000.000000
2011,3,48709,Open Society Policy Center Inc.,345000.000000
2012,2,48709,Open Society Policy Center Inc.,320000.000000
2013,1,48709,Open Society Policy Center Inc.,576666.666666
2013,4,48709,Open Society Policy Center Inc.,2105000.000000
2014,3,48709,Open Society Policy Center Inc.,1180000.000000
2015,2,48709,Open Society Policy Center Inc.,1400000.000000
2016,1,48709,Open Society Policy Center Inc.,685000.000000
2010,2,49807,National Association of Realtors,1356666.666666
2011,1,49807,National Association of Realtors,1033333.333333
2011,4,49807,National Association of Realtors,1540000.000000
2012,3,49807,National Association of Realtors,2470000.000000
2013,2,49807,National Association of Realtors,2322500.000000
2014,1,49807,National Association of Realtors,1436000.000000
2014,4,49807,National Association of Realtors,4466666.666666
2015,3,49807,National Association of Realtors,2520000.000000
2016,2,49807,National Association of Realtors,3140000.000000
2017,1,49807,National Association of Realtors,3390000.000000
2010,3,53545,National Multifamily Housing Council,210000.000000
2011,2,53545,National Multifamily Housing Council,445000.000000
2012,1,53545,National Multifamily Housing Council,231500.000000
2012,4,53545,National Multifamily Housing Council,160000.000000
2018,1,33679,American Association of Orthopaedic Surgeons,432014.000000
2012,4,42121,Military Officers Association of America,497514.000000
2013,3,42121,Military Officers Association of America,437390.000000
2014,2,42121,Military Officers Association of America,523000.000000
2015,1,42121,Military Officers Association of America,441486.000000
2015,4,42121,Military Officers Association of America,403187.000000
2016,3,42121,Military Officers Association of America,465038.000000
2017,2,42121,Military Officers Association of America,627098.000000
2018,1,42121,Military Officers Association of America,504998.000000
2018,4,42121,Military Officers Association of America,414436.000000
2019,3,42121,Military Officers Association of America,446516.000000
2020,2,42121,Military Officers Association of America,507652.000000
2021,1,42121,Military Officers Association of America,534086.000000
2021,4,42121,Military Officers Association of America,330000.000000
2022,3,42121,Military Officers Association of America,401719.000000
2023,2,42121,Military Officers Association of America,638866.000000
2024,1,42121,Military Officers Association of America,451218.000000
2017,4,45053,AZOA Services Corp.,520000.000000
2018,3,45053,AZOA Services Corp.,520000.000000
2019,2,45053,AZOA Services Corp.,540000.000000
2020,1,45053,AZOA Services Corp.,305000.000000
2020,4,45053,AZOA Services Corp.,295000.000000
2021,3,45053,AZOA Services Corp.,560000.000000
2022,2,45053,AZOA Services Corp.,530000.000000
2023,1,45053,AZOA Services Corp.,480000.000000
2023,4,45053,AZOA Services Corp.,480000.000000
2024,3,45053,AZOA Services Corp.,510000.000000
2021,4,48709,Open Society Policy Center Inc.,10000.000000
2023,2,48709,Open Society Policy Center Inc.,8400000.000000
2024,1,48709,Open Society Policy Center Inc.,690000.000000
2024,4,48709,Open Society Policy Center Inc.,100000.000000
2016,4,48835,BB&T Corp.,261366.000000
2017,3,48835,BB&T Corp.,352707.000000
2018,2,48835,BB&T Corp.,165437.000000
2019,1,48835,BB&T Corp.,324705.000000
2019,4,48835,BB&T Corp.,520000.000000
2020,3,48835,BB&T Corp.,650000.000000
2021,2,48835,BB&T Corp.,570000.000000
2022,1,48835,BB&T Corp.,1350000.000000
2022,4,48835,BB&T Corp.,1025000.000000
2023,3,48835,BB&T Corp.,260000.000000
2024,2,48835,BB&T Corp.,250000.000000
2023,4,53545,National Multifamily Housing Council,975000.000000
2024,3,53545,National Multifamily Housing Council,975000.000000
2010,2,57099,Business Roundtable Inc.,297000.000000
2011,1,57099,Business Roundtable Inc.,243615.384615
2011,4,57099,Business Roundtable Inc.,343769.230769
2012,3,57099,Business Roundtable Inc.,353846.153846
2013,2,57099,Business Roundtable Inc.,213687.500000
2014,1,57099,Business Roundtable Inc.,313125.000000
2014,4,57099,Business Roundtable Inc.,317468.750000
2015,3,57099,Business Roundtable Inc.,256705.882352
2016,2,57099,Business Roundtable Inc.,371066.666666
2017,1,57099,Business Roundtable Inc.,244583.333333
2017,4,57099,Business Roundtable Inc.,1625363.636363
2018,3,57099,Business Roundtable Inc.,659000.000000
2019,2,57099,Business Roundtable Inc.,304916.666666
2020,1,57099,Business Roundtable Inc.,421153.846153
2022,4,68834,CVS Health,391818.181818
2023,3,68834,CVS Health,239375.000000
2024,2,68834,CVS Health,456666.666666
2010,1,69662,Peabody Investments Corp.,1190000.000000
2010,4,69662,Peabody Investments Corp.,1230000.000000
2011,3,69662,Peabody Investments Corp.,1150000.000000
2012,2,69662,Peabody Investments Corp.,1230000.000000
2013,1,69662,Peabody Investments Corp.,660000.000000
2010,1,70834,American Hospital Association,521875.000000
2013,3,53545,National Multifamily Housing Council,176500.000000
2014,2,53545,National Multifamily Housing Council,440000.000000
2015,1,53545,National Multifamily Housing Council,261000.000000
2016,4,54262,ConocoPhillips Co.,178600.000000
2017,3,54262,ConocoPhillips Co.,140000.000000
2018,2,54262,ConocoPhillips Co.,150500.000000
2019,1,54262,ConocoPhillips Co.,662500.000000
2019,4,54262,ConocoPhillips Co.,335000.000000
2020,3,54262,ConocoPhillips Co.,132500.000000
2021,2,54262,ConocoPhillips Co.,237500.000000
2022,1,54262,ConocoPhillips Co.,968000.000000
2022,4,54262,ConocoPhillips Co.,502000.000000
2023,3,54262,ConocoPhillips Co.,237000.000000
2024,2,54262,ConocoPhillips Co.,223750.000000
2010,2,54955,American College of Radiology Association,1276893.000000
2011,1,54955,American College of Radiology Association,826599.000000
2011,4,54955,American College of Radiology Association,974216.000000
2012,3,54955,American College of Radiology Association,859276.000000
2013,2,54955,American College of Radiology Association,632933.500000
2014,1,54955,American College of Radiology Association,481612.000000
2014,4,54955,American College of Radiology Association,453450.500000
2015,3,54955,American College of Radiology Association,419480.000000
2016,2,54955,American College of Radiology Association,703346.500000
2017,1,54955,American College of Radiology Association,305462.000000
2020,4,57099,Business Roundtable Inc.,465769.230769
2021,3,57099,Business Roundtable Inc.,901428.571428
2022,2,57099,Business Roundtable Inc.,367857.142857
2023,1,57099,Business Roundtable Inc.,410000.000000
2023,4,57099,Business Roundtable Inc.,500714.285714
2024,3,57099,Business Roundtable Inc.,325000.000000
2017,4,58786,AFL-CIO,320000.000000
2018,3,58786,AFL-CIO,520000.000000
2019,2,58786,AFL-CIO,740000.000000
2020,1,58786,AFL-CIO,1140000.000000
2020,4,58786,AFL-CIO,680000.000000
2021,3,58786,AFL-CIO,1100000.000000
2022,2,58786,AFL-CIO,720000.000000
2023,1,58786,AFL-CIO,740000.000000
2023,4,58786,AFL-CIO,620000.000000
2024,3,58786,AFL-CIO,720000.000000
2013,3,59112,Standard and Poor's Financial Services LLC,430000.000000
2013,4,68834,CVS Health,1013787.800000
2014,3,68834,CVS Health,890000.000000
2015,2,68834,CVS Health,782000.000000
2016,1,68834,CVS Health,245714.285714
2016,4,68834,CVS Health,336357.142857
2017,3,68834,CVS Health,249214.285714
2018,2,68834,CVS Health,213750.000000
2019,1,68834,CVS Health,229230.769230
2019,4,68834,CVS Health,222846.153846
2020,3,68834,CVS Health,244090.909090
2021,2,68834,CVS Health,297000.000000
2022,1,68834,CVS Health,380909.090909
2021,4,69662,Peabody Investments Corp.,60000.000000
2022,3,69662,Peabody Investments Corp.,90000.000000
2023,2,69662,Peabody Investments Corp.,140000.000000
2024,1,69662,Peabody Investments Corp.,160000.000000
2024,4,69662,Peabody Investments Corp.,180000.000000
2010,1,86263,International Association of Machinists and Aerospace Workers,440000.000000
2010,4,86263,International Association of Machinists and Aerospace Workers,390000.000000
2011,3,86263,International Association of Machinists and Aerospace Workers,430000.000000
2012,2,86263,International Association of Machinists and Aerospace Workers,480000.000000
2013,1,86263,International Association of Machinists and Aerospace Workers,400000.000000
2013,4,86263,International Association of Machinists and Aerospace Workers,340000.000000
2014,3,86263,International Association of Machinists and Aerospace Workers,400000.000000
2015,2,86263,International Association of Machinists and Aerospace Workers,655000.000000
2016,1,86263,International Association of Machinists and Aerospace Workers,455000.000000
2010,4,70834,American Hospital Association,733750.000000
2011,3,70834,American Hospital Association,648750.000000
2012,2,70834,American Hospital Association,564375.000000
2013,1,70834,American Hospital Association,515625.000000
2013,4,70834,American Hospital Association,802500.000000
2014,3,70834,American Hospital Association,754166.666666
2015,2,70834,American Hospital Association,842500.000000
2016,1,70834,American Hospital Association,902166.666666
2016,4,70834,American Hospital Association,761857.142857
2017,3,70834,American Hospital Association,701142.857142
2018,2,70834,American Hospital Association,666857.142857
2019,1,70834,American Hospital Association,810714.285714
2024,4,86263,International Association of Machinists and Aerospace Workers,690000.000000
2010,1,86642,National Association of Federally-Insured Credit Unions,430000.000000
2010,4,86642,National Association of Federally-Insured Credit Unions,570000.000000
2011,3,86642,National Association of Federally-Insured Credit Unions,630000.000000
2012,2,86642,National Association of Federally-Insured Credit Unions,660000.000000
2013,1,86642,National Association of Federally-Insured Credit Unions,850000.000000
2010,2,87583,American Cancer Society Cancer Action Network Inc.,170666.666666
2011,1,87583,American Cancer Society Cancer Action Network Inc.,203000.000000
2011,4,87583,American Cancer Society Cancer Action Network Inc.,273000.000000
2012,3,87583,American Cancer Society Cancer Action Network Inc.,228333.333333
2013,2,87583,American Cancer Society Cancer Action Network Inc.,203750.000000
2014,1,87583,American Cancer Society Cancer Action Network Inc.,216666.666666
2014,4,87583,American Cancer Society Cancer Action Network Inc.,464996.000000
2015,3,87583,American Cancer Society Cancer Action Network Inc.,615000.000000
2016,2,87583,American Cancer Society Cancer Action Network Inc.,645000.000000
2017,1,87583,American Cancer Society Cancer Action Network Inc.,312500.000000
2017,4,87583,American Cancer Society Cancer Action Network Inc.,653333.333333
2018,3,87583,American Cancer Society Cancer Action Network Inc.,450000.000000
2019,2,87583,American Cancer Society Cancer Action Network Inc.,343333.333333
2020,1,87583,American Cancer Society Cancer Action Network Inc.,283333.333333
2018,4,91032,Bayer Corp.,228571.428571
2019,3,91032,Bayer Corp.,346428.571428
2020,2,91032,Bayer Corp.,292142.857142
2021,1,91032,Bayer Corp.,293571.428571
2021,4,91032,Bayer Corp.,218125.000000
2022,3,91032,Bayer Corp.,199375.000000
2023,2,91032,Bayer Corp.,285714.285714
2024,1,91032,Bayer Corp.,418333.333333
2024,4,91032,Bayer Corp.,378333.333333
2010,1,92776,Philips Electronics North America Corp.,330000.000000
2010,4,92776,Philips Electronics North America Corp.,250000.000000
2011,3,92776,Philips Electronics North America Corp.,450000.000000
2012,2,92776,Philips Electronics North America Corp.,670000.000000
2013,1,92776,Philips Electronics North America Corp.,580000.000000
2013,4,92776,Philips Electronics North America Corp.,320000.000000
2014,3,92776,Philips Electronics North America Corp.,175000.000000
2015,2,92776,Philips Electronics North America Corp.,250000.000000
2016,1,92776,Philips Electronics North America Corp.,190000.000000
2019,4,93809,Aerospace Industries Association of America Inc.,520000.000000
2020,3,93809,Aerospace Industries Association of America Inc.,390000.000000
2021,2,93809,Aerospace Industries Association of America Inc.,380000.000000
2022,1,93809,Aerospace Industries Association of America Inc.,380000.000000
2022,4,93809,Aerospace Industries Association of America Inc.,530000.000000
2023,3,53545,National Multifamily Housing Council,783211.000000
2024,2,53545,National Multifamily Housing Council,1325000.000000
2010,3,54262,ConocoPhillips Co.,2460913.500000
2011,2,54262,ConocoPhillips Co.,1466330.666666
2012,1,54262,ConocoPhillips Co.,370000.000000
2021,4,54955,American College of Radiology Association,137102.500000
2022,3,54955,American College of Radiology Association,127929.500000
2023,2,54955,American College of Radiology Association,137239.000000
2024,1,54955,American College of Radiology Association,268205.000000
2024,4,54955,American College of Radiology Association,130357.500000
2010,1,57099,Business Roundtable Inc.,238666.666666
2010,4,57099,Business Roundtable Inc.,335461.538461
2011,3,57099,Business Roundtable Inc.,301583.333333
2012,2,57099,Business Roundtable Inc.,229214.285714
2013,1,57099,Business Roundtable Inc.,242071.428571
2013,4,57099,Business Roundtable Inc.,306250.000000
2014,3,57099,Business Roundtable Inc.,230147.058823
2015,2,57099,Business Roundtable Inc.,425588.235294
2016,1,57099,Business Roundtable Inc.,248500.000000
2010,1,58786,AFL-CIO,213333.333333
2010,4,58786,AFL-CIO,350000.000000
2011,3,58786,AFL-CIO,460000.000000
2012,2,58786,AFL-CIO,420000.000000
2013,1,58786,AFL-CIO,490000.000000
2010,2,69662,Peabody Investments Corp.,1170000.000000
2011,1,69662,Peabody Investments Corp.,1360000.000000
2011,4,69662,Peabody Investments Corp.,1150000.000000
2012,3,69662,Peabody Investments Corp.,860000.000000
2013,2,69662,Peabody Investments Corp.,570000.000000
2014,1,69662,Peabody Investments Corp.,780000.000000
2014,4,69662,Peabody Investments Corp.,500000.000000
2015,3,69662,Peabody Investments Corp.,350000.000000
2016,2,69662,Peabody Investments Corp.,280000.000000
2017,1,69662,Peabody Investments Corp.,450000.000000
2011,4,70834,American Hospital Association,721250.000000
2012,3,70834,American Hospital Association,494375.000000
2013,2,70834,American Hospital Association,641875.000000
2014,1,70834,American Hospital Association,719166.666666
2014,4,70834,American Hospital Association,974166.666666
2015,3,70834,American Hospital Association,717500.000000
2016,2,70834,American Hospital Association,832166.666666
2017,1,70834,American Hospital Association,813000.000000
2017,4,70834,American Hospital Association,715428.571428
2018,3,70834,American Hospital Association,799714.285714
2019,2,70834,American Hospital Association,749285.714285
2020,1,70834,American Hospital Association,1043333.333333
2020,4,70834,American Hospital Association,801666.666666
2021,3,70834,American Hospital Association,798333.333333
2022,2,70834,American Hospital Association,818333.333333
2023,1,70834,American Hospital Association,851428.571428
2020,4,86263,International Association of Machinists and Aerospace Workers,1220000.000000
2021,3,86263,International Association of Machinists and Aerospace Workers,600000.000000
2022,2,86263,International Association of Machinists and Aerospace Workers,620000.000000
2023,1,86263,International Association of Machinists and Aerospace Workers,680000.000000
2023,4,86263,International Association of Machinists and Aerospace Workers,635000.000000
2024,3,86263,International Association of Machinists and Aerospace Workers,870000.000000
2010,2,86642,National Association of Federally-Insured Credit Unions,520000.000000
2011,1,86642,National Association of Federally-Insured Credit Unions,420000.000000
2011,4,86642,National Association of Federally-Insured Credit Unions,540000.000000
2012,3,86642,National Association of Federally-Insured Credit Unions,710000.000000
2013,2,86642,National Association of Federally-Insured Credit Unions,510000.000000
2019,1,92776,Philips Electronics North America Corp.,250000.000000
2019,4,92776,Philips Electronics North America Corp.,300000.000000
2020,3,92776,Philips Electronics North America Corp.,540000.000000
2021,2,92776,Philips Electronics North America Corp.,590000.000000
2022,1,92776,Philips Electronics North America Corp.,580000.000000
2022,4,92776,Philips Electronics North America Corp.,540000.000000
2023,3,92776,Philips Electronics North America Corp.,570000.000000
2024,2,92776,Philips Electronics North America Corp.,780000.000000
2023,4,93809,Aerospace Industries Association of America Inc.,380000.000000
2024,3,93809,Aerospace Industries Association of America Inc.,340000.000000
2016,4,99896,Mercedes-Benz USA LLC,500000.000000
2017,3,99896,Mercedes-Benz USA LLC,360000.000000
2018,2,99896,Mercedes-Benz USA LLC,420000.000000
2019,1,99896,Mercedes-Benz USA LLC,360000.000000
2019,4,99896,Mercedes-Benz USA LLC,160000.000000
2020,3,99896,Mercedes-Benz USA LLC,630000.000000
2021,2,99896,Mercedes-Benz USA LLC,550000.000000
2022,1,99896,Mercedes-Benz USA LLC,300000.000000
2022,4,99896,Mercedes-Benz USA LLC,70000.000000
2023,3,99896,Mercedes-Benz USA LLC,110000.000000
2024,2,99896,Mercedes-Benz USA LLC,220000.000000
2012,4,101822,NACS,400000.000000
2013,3,101822,NACS,225000.000000
2014,2,101822,NACS,555000.000000
2015,1,101822,NACS,520000.000000
2015,4,101822,NACS,870000.000000
2016,3,101822,NACS,285000.000000
2017,2,101822,NACS,273333.333333
2018,1,101822,NACS,330000.000000
2018,4,101822,NACS,465000.000000
2019,3,101822,NACS,465000.000000
2020,2,101822,NACS,465000.000000
2021,1,101822,NACS,465000.000000
2021,4,101822,NACS,214375.000000
2022,3,101822,NACS,224375.000000
2023,2,101822,NACS,224375.000000
2024,1,101822,NACS,189500.000000
2010,4,104372,Independent Community Bankers of America,557500.000000
2011,3,104372,Independent Community Bankers of America,350000.000000
2012,2,104372,Independent Community Bankers of America,553333.333333
2013,1,104372,Independent Community Bankers of America,383333.333333
2013,4,104372,Independent Community Bankers of America,546666.666666
2014,3,104372,Independent Community Bankers of America,366666.666666
2015,2,104372,Independent Community Bankers of America,683333.333333
2016,1,104372,Independent Community Bankers of America,376666.666666
2016,4,104372,Independent Community Bankers of America,413333.333333
2017,3,104372,Independent Community Bankers of America,393333.333333
2018,2,104372,Independent Community Bankers of America,710000.000000
2019,1,104372,Independent Community Bankers of America,393333.333333
2021,4,104549,Primerica Life Insurance Co.,410000.000000
2022,3,104549,Primerica Life Insurance Co.,390000.000000
2023,2,104549,Primerica Life Insurance Co.,450000.000000
2024,1,104549,Primerica Life Insurance Co.,670000.000000
2024,4,104549,Primerica Life Insurance Co.,380000.000000
2010,1,139200,Government of Equatorial Guinea,510000.000000
2010,2,149687,National Rifle Association,206666.666666
2011,1,149687,National Rifle Association,201666.666666
2022,4,155701,"American Federation of State, County and Municipal Employees",540000.000000
2023,3,155701,"American Federation of State, County and Municipal Employees",630000.000000
2024,2,155701,"American Federation of State, County and Municipal Employees",680000.000000
2010,1,159586,Talecris Biotherapeutics Inc.,302500.000000
2010,3,159844,Occidental Petroleum Corp.,380097.000000
2011,2,159844,Occidental Petroleum Corp.,415313.500000
2012,1,159844,Occidental Petroleum Corp.,839582.500000
2012,4,159844,Occidental Petroleum Corp.,978621.500000
2013,3,159844,Occidental Petroleum Corp.,958693.500000
2023,2,22796,Friends Committee on National Legislation,1000000.000000
2024,1,22796,Friends Committee on National Legislation,1000000.000000
2024,4,22796,Friends Committee on National Legislation,1000000.000000
2015,4,23796,Distilled Spirits Council of the United States,300000.000000
2016,3,23796,Distilled Spirits Council of the United States,244000.000000
2017,2,23796,Distilled Spirits Council of the United States,338000.000000
2018,1,23796,Distilled Spirits Council of the United States,433333.333333
2018,4,23796,Distilled Spirits Council of the United States,645000.000000
2019,3,23796,Distilled Spirits Council of the United States,550000.000000
2020,2,23796,Distilled Spirits Council of the United States,520000.000000
2021,1,23796,Distilled Spirits Council of the United States,700000.000000
2021,4,23796,Distilled Spirits Council of the United States,510000.000000
2022,3,23796,Distilled Spirits Council of the United States,530000.000000
2023,2,23796,Distilled Spirits Council of the United States,500000.000000
2024,1,23796,Distilled Spirits Council of the United States,535000.000000
2010,2,28928,Disney Worldwide Services Inc.,780000.000000
2011,1,28928,Disney Worldwide Services Inc.,1390000.000000
2011,4,28928,Disney Worldwide Services Inc.,1190000.000000
2012,3,28928,Disney Worldwide Services Inc.,640000.000000
2013,2,28928,Disney Worldwide Services Inc.,620000.000000
2014,1,28928,Disney Worldwide Services Inc.,890000.000000
2020,4,29779,American Medical Association,823500.000000
2021,3,29779,American Medical Association,917500.000000
2022,2,29779,American Medical Association,1182500.000000
2023,1,29779,American Medical Association,1388000.000000
2023,4,29779,American Medical Association,1196000.000000
2024,3,29779,American Medical Association,1114000.000000
2010,3,31130,Qwest Communications International Inc.,329643.000000
2010,1,31392,U.S. Beet Sugar Association,450000.000000
2010,4,31392,U.S. Beet Sugar Association,450000.000000
2011,3,31392,U.S. Beet Sugar Association,450000.000000
2012,2,31392,U.S. Beet Sugar Association,450000.000000
2013,1,31392,U.S. Beet Sugar Association,450000.000000
2013,4,31392,U.S. Beet Sugar Association,450000.000000
2014,3,31392,U.S. Beet Sugar Association,450000.000000
2015,2,31392,U.S. Beet Sugar Association,450000.000000
2016,1,31392,U.S. Beet Sugar Association,450000.000000
2016,4,31392,U.S. Beet Sugar Association,450000.000000
2017,3,31392,U.S. Beet Sugar Association,450000.000000
2018,2,31392,U.S. Beet Sugar Association,450000.000000
2019,1,31392,U.S. Beet Sugar Association,400000.000000
2022,4,33679,American Association of Orthopaedic Surgeons,326542.000000
2023,3,33679,American Association of Orthopaedic Surgeons,307255.000000
2024,2,33679,American Association of Orthopaedic Surgeons,433848.000000
2010,2,42121,Military Officers Association of America,651991.000000
2011,1,42121,Military Officers Association of America,540353.000000
2010,1,45053,AZOA Services Corp.,425000.000000
2010,4,45053,AZOA Services Corp.,420000.000000
2011,3,45053,AZOA Services Corp.,620000.000000
2012,2,45053,AZOA Services Corp.,560000.000000
2013,1,45053,AZOA Services Corp.,560000.000000
2010,2,48709,Open Society Policy Center Inc.,270000.000000
2011,1,48709,Open Society Policy Center Inc.,140000.000000
2011,4,48709,Open Society Policy Center Inc.,1010000.000000
2012,3,48709,Open Society Policy Center Inc.,620000.000000
2013,2,48709,Open Society Policy Center Inc.,630000.000000
2014,1,48709,Open Society Policy Center Inc.,1405000.000000
2014,4,48709,Open Society Policy Center Inc.,6400000.000000
2015,3,48709,Open Society Policy Center Inc.,3580000.000000
2014,1,86642,National Association of Federally-Insured Credit Unions,740000.000000
2014,4,86642,National Association of Federally-Insured Credit Unions,520000.000000
2015,3,86642,National Association of Federally-Insured Credit Unions,400000.000000
2016,2,86642,National Association of Federally-Insured Credit Unions,280000.000000
2017,1,86642,National Association of Federally-Insured Credit Unions,990000.000000
2010,1,87583,American Cancer Society Cancer Action Network Inc.,237333.333333
2010,4,87583,American Cancer Society Cancer Action Network Inc.,190500.000000
2011,3,87583,American Cancer Society Cancer Action Network Inc.,370500.000000
2012,2,87583,American Cancer Society Cancer Action Network Inc.,218333.333333
2013,1,87583,American Cancer Society Cancer Action Network Inc.,196250.000000
2013,4,87583,American Cancer Society Cancer Action Network Inc.,660000.000000
2014,3,87583,American Cancer Society Cancer Action Network Inc.,328115.500000
2015,2,87583,American Cancer Society Cancer Action Network Inc.,675000.000000
2016,1,87583,American Cancer Society Cancer Action Network Inc.,266666.666666
2022,4,91032,Bayer Corp.,285625.000000
2023,3,91032,Bayer Corp.,258571.428571
2024,2,91032,Bayer Corp.,405000.000000
2010,2,92776,Philips Electronics North America Corp.,250000.000000
2011,1,92776,Philips Electronics North America Corp.,550000.000000
2011,4,92776,Philips Electronics North America Corp.,430000.000000
2012,3,92776,Philips Electronics North America Corp.,570000.000000
2013,2,92776,Philips Electronics North America Corp.,400000.000000
2014,1,92776,Philips Electronics North America Corp.,640000.000000
2014,4,92776,Philips Electronics North America Corp.,185000.000000
2015,3,92776,Philips Electronics North America Corp.,205000.000000
2016,2,92776,Philips Electronics North America Corp.,300000.000000
2017,1,92776,Philips Electronics North America Corp.,195000.000000
2017,4,92776,Philips Electronics North America Corp.,115000.000000
2018,3,92776,Philips Electronics North America Corp.,300000.000000
2019,2,92776,Philips Electronics North America Corp.,460000.000000
2020,1,92776,Philips Electronics North America Corp.,450000.000000
2015,4,93809,Aerospace Industries Association of America Inc.,450000.000000
2016,3,93809,Aerospace Industries Association of America Inc.,410000.000000
2017,2,93809,Aerospace Industries Association of America Inc.,530000.000000
2018,1,93809,Aerospace Industries Association of America Inc.,410000.000000
2018,4,93809,Aerospace Industries Association of America Inc.,530000.000000
2019,3,93809,Aerospace Industries Association of America Inc.,360000.000000
2020,2,93809,Aerospace Industries Association of America Inc.,165000.000000
2021,1,93809,Aerospace Industries Association of America Inc.,320000.000000
2021,4,93809,Aerospace Industries Association of America Inc.,470000.000000
2022,3,93809,Aerospace Industries Association of America Inc.,420000.000000
2023,2,93809,Aerospace Industries Association of America Inc.,220000.000000
2024,1,93809,Aerospace Industries Association of America Inc.,320000.000000
2024,4,93809,Aerospace Industries Association of America Inc.,570000.000000
2011,4,99896,Mercedes-Benz USA LLC,370000.000000
2012,3,99896,Mercedes-Benz USA LLC,250000.000000
2013,2,99896,Mercedes-Benz USA LLC,320000.000000
2014,1,99896,Mercedes-Benz USA LLC,400000.000000
2014,4,99896,Mercedes-Benz USA LLC,580000.000000
2015,3,99896,Mercedes-Benz USA LLC,360000.000000
2016,2,99896,Mercedes-Benz USA LLC,370000.000000
2017,1,99896,Mercedes-Benz USA LLC,490000.000000
2017,4,99896,Mercedes-Benz USA LLC,370000.000000
2018,3,99896,Mercedes-Benz USA LLC,450000.000000
2015,4,45053,AZOA Services Corp.,590000.000000
2016,3,45053,AZOA Services Corp.,610000.000000
2017,2,45053,AZOA Services Corp.,530000.000000
2018,1,45053,AZOA Services Corp.,510000.000000
2018,4,45053,AZOA Services Corp.,530000.000000
2019,3,45053,AZOA Services Corp.,550000.000000
2020,2,45053,AZOA Services Corp.,595000.000000
2021,1,45053,AZOA Services Corp.,285000.000000
2016,4,48709,Open Society Policy Center Inc.,1800000.000000
2017,3,48709,Open Society Policy Center Inc.,1250000.000000
2018,2,48709,Open Society Policy Center Inc.,5200000.000000
2019,1,48709,Open Society Policy Center Inc.,1305000.000000
2019,4,48709,Open Society Policy Center Inc.,8023333.333333
2020,3,48709,Open Society Policy Center Inc.,5000.000000
2021,2,48709,Open Society Policy Center Inc.,10000.000000
2023,3,48709,Open Society Policy Center Inc.,740000.000000
2024,2,48709,Open Society Policy Center Inc.,540000.000000
2024,4,48835,BB&T Corp.,210000.000000
2010,1,49807,National Association of Realtors,1112500.000000
2010,4,49807,National Association of Realtors,1633333.333333
2011,3,49807,National Association of Realtors,1565000.000000
2012,2,49807,National Association of Realtors,2530000.000000
2013,1,49807,National Association of Realtors,2137500.000000
2015,4,53545,National Multifamily Housing Council,280500.000000
2016,3,53545,National Multifamily Housing Council,255000.000000
2017,2,53545,National Multifamily Housing Council,361666.666666
2018,1,53545,National Multifamily Housing Council,383333.333333
2018,4,53545,National Multifamily Housing Council,275881.333333
2019,3,53545,National Multifamily Housing Council,383333.333333
2020,2,53545,National Multifamily Housing Council,765000.000000
2021,1,53545,National Multifamily Housing Council,540000.000000
2021,4,53545,National Multifamily Housing Council,1650000.000000
2022,3,53545,National Multifamily Housing Council,680000.000000
2023,2,53545,National Multifamily Housing Council,1250000.000000
2024,1,53545,National Multifamily Housing Council,1365000.000000
2024,4,53545,National Multifamily Housing Council,875000.000000
2010,1,54262,ConocoPhillips Co.,2152992.666666
2010,4,54262,ConocoPhillips Co.,1436287.500000
2011,3,54262,ConocoPhillips Co.,1885462.666666
2012,2,54262,ConocoPhillips Co.,321666.666666
2013,1,54262,ConocoPhillips Co.,322175.000000
2013,4,54262,ConocoPhillips Co.,398160.000000
2014,3,54262,ConocoPhillips Co.,251086.250000
2015,2,54262,ConocoPhillips Co.,146850.000000
2016,1,54262,ConocoPhillips Co.,247750.000000
2010,1,54955,American College of Radiology Association,927474.000000
2010,4,54955,American College of Radiology Association,994775.000000
2011,3,54955,American College of Radiology Association,723039.000000
2012,2,54955,American College of Radiology Association,875616.000000
2013,1,54955,American College of Radiology Association,467857.500000
2016,4,57099,Business Roundtable Inc.,328333.333333
2017,3,57099,Business Roundtable Inc.,461727.272727
2018,2,57099,Business Roundtable Inc.,623000.000000
2019,1,57099,Business Roundtable Inc.,365363.636363
2019,4,57099,Business Roundtable Inc.,759916.666666
2020,3,57099,Business Roundtable Inc.,321071.428571
2021,2,57099,Business Roundtable Inc.,412500.000000
2022,1,57099,Business Roundtable Inc.,401071.428571
2022,4,57099,Business Roundtable Inc.,466923.076923
2023,3,57099,Business Roundtable Inc.,310000.000000
2024,2,57099,Business Roundtable Inc.,366250.000000
2010,2,58786,AFL-CIO,290000.000000
2011,1,58786,AFL-CIO,430000.000000
2011,4,58786,AFL-CIO,470000.000000
2012,3,58786,AFL-CIO,420000.000000
2013,2,58786,AFL-CIO,540000.000000
2016,2,28928,Disney Worldwide Services Inc.,720000.000000
2017,1,28928,Disney Worldwide Services Inc.,700000.000000
2017,4,28928,Disney Worldwide Services Inc.,760000.000000
2018,3,28928,Disney Worldwide Services Inc.,760000.000000
2019,2,28928,Disney Worldwide Services Inc.,840000.000000
2020,1,28928,Disney Worldwide Services Inc.,1360000.000000
2020,4,28928,Disney Worldwide Services Inc.,720000.000000
2021,3,28928,Disney Worldwide Services Inc.,890000.000000
2022,2,28928,Disney Worldwide Services Inc.,1370000.000000
2023,1,28928,Disney Worldwide Services Inc.,930000.000000
2023,4,28928,Disney Worldwide Services Inc.,890000.000000
2024,3,28928,Disney Worldwide Services Inc.,870000.000000
2011,4,29779,American Medical Association,1088800.000000
2012,3,29779,American Medical Association,782800.000000
2013,2,29779,American Medical Association,872600.000000
2014,1,29779,American Medical Association,1310500.000000
2014,4,29779,American Medical Association,773750.000000
2015,3,29779,American Medical Association,904500.000000
2016,2,29779,American Medical Association,907500.000000
2017,1,29779,American Medical Association,1405500.000000
2017,4,29779,American Medical Association,839500.000000
2018,3,29779,American Medical Association,873500.000000
2019,2,29779,American Medical Association,997500.000000
2020,1,29779,American Medical Association,1375500.000000
2010,2,31130,Qwest Communications International Inc.,872874.000000
2019,4,31392,U.S. Beet Sugar Association,400000.000000
2020,3,31392,U.S. Beet Sugar Association,400000.000000
2021,2,31392,U.S. Beet Sugar Association,235000.000000
2022,1,31392,U.S. Beet Sugar Association,250000.000000
2022,4,31392,U.S. Beet Sugar Association,570000.000000
2023,3,31392,U.S. Beet Sugar Association,505000.000000
2024,2,31392,U.S. Beet Sugar Association,505000.000000
2010,1,33260,Gun Owners of America Inc.,366125.000000
2010,4,33260,Gun Owners of America Inc.,640655.000000
2011,3,33260,Gun Owners of America Inc.,315133.000000
2012,2,33260,Gun Owners of America Inc.,297424.000000
2013,1,33260,Gun Owners of America Inc.,313032.000000
2013,4,33260,Gun Owners of America Inc.,351857.000000
2014,3,33260,Gun Owners of America Inc.,332301.000000
2015,2,33260,Gun Owners of America Inc.,354565.000000
2016,1,33260,Gun Owners of America Inc.,334919.000000
2016,4,33260,Gun Owners of America Inc.,342067.000000
2017,3,33260,Gun Owners of America Inc.,326084.000000
2018,2,33260,Gun Owners of America Inc.,363193.000000
2019,1,33260,Gun Owners of America Inc.,376931.000000
2010,4,33679,American Association of Orthopaedic Surgeons,347186.500000
2011,3,33679,American Association of Orthopaedic Surgeons,153191.500000
2012,2,33679,American Association of Orthopaedic Surgeons,383614.000000
2013,1,33679,American Association of Orthopaedic Surgeons,414161.000000
2013,4,33679,American Association of Orthopaedic Surgeons,294294.000000
2014,3,33679,American Association of Orthopaedic Surgeons,449034.000000
2015,2,33679,American Association of Orthopaedic Surgeons,543259.000000
2016,1,33679,American Association of Orthopaedic Surgeons,347093.000000
2016,4,33679,American Association of Orthopaedic Surgeons,405312.000000
2017,3,33679,American Association of Orthopaedic Surgeons,268699.000000
2018,2,33679,American Association of Orthopaedic Surgeons,589146.000000
2019,1,33679,American Association of Orthopaedic Surgeons,614286.000000
2019,4,33679,American Association of Orthopaedic Surgeons,440130.000000
2020,3,33679,American Association of Orthopaedic Surgeons,405402.000000
2021,2,33679,American Association of Orthopaedic Surgeons,212969.000000
2016,4,86263,International Association of Machinists and Aerospace Workers,325000.000000
2017,3,86263,International Association of Machinists and Aerospace Workers,560000.000000
2018,2,86263,International Association of Machinists and Aerospace Workers,380000.000000
2019,1,86263,International Association of Machinists and Aerospace Workers,495000.000000
2021,4,86642,National Association of Federally-Insured Credit Unions,505000.000000
2022,3,86642,National Association of Federally-Insured Credit Unions,1160000.000000
2023,2,86642,National Association of Federally-Insured Credit Unions,510000.000000
2024,1,86642,National Association of Federally-Insured Credit Unions,50000.000000
2020,4,87583,American Cancer Society Cancer Action Network Inc.,193333.333333
2021,3,87583,American Cancer Society Cancer Action Network Inc.,490000.000000
2022,2,87583,American Cancer Society Cancer Action Network Inc.,282500.000000
2023,1,87583,American Cancer Society Cancer Action Network Inc.,237500.000000
2023,4,87583,American Cancer Society Cancer Action Network Inc.,648000.000000
2024,3,87583,American Cancer Society Cancer Action Network Inc.,372000.000000
2010,3,91032,Bayer Corp.,606200.000000
2011,2,91032,Bayer Corp.,765000.000000
2012,1,91032,Bayer Corp.,755000.000000
2012,4,91032,Bayer Corp.,590000.000000
2013,3,91032,Bayer Corp.,575000.000000
2014,2,91032,Bayer Corp.,264166.666666
2015,1,91032,Bayer Corp.,475000.000000
2015,4,91032,Bayer Corp.,448000.000000
2016,3,91032,Bayer Corp.,542000.000000
2017,2,91032,Bayer Corp.,527000.000000
2018,1,91032,Bayer Corp.,662500.000000
2024,4,92776,Philips Electronics North America Corp.,470000.000000
2010,2,93809,Aerospace Industries Association of America Inc.,207928.000000
2011,1,93809,Aerospace Industries Association of America Inc.,225988.000000
2024,4,99896,Mercedes-Benz USA LLC,160000.000000
2010,1,101822,NACS,372750.000000
2010,4,101822,NACS,465000.000000
2011,3,101822,NACS,275000.000000
2012,2,101822,NACS,595000.000000
2013,1,101822,NACS,300000.000000
2013,4,101822,NACS,385000.000000
2014,3,101822,NACS,400000.000000
2015,2,101822,NACS,425000.000000
2016,1,101822,NACS,360000.000000
2018,4,104372,Independent Community Bankers of America,430000.000000
2019,3,104372,Independent Community Bankers of America,443333.333333
2020,2,104372,Independent Community Bankers of America,530000.000000
2021,1,104372,Independent Community Bankers of America,560000.000000
2021,4,104372,Independent Community Bankers of America,720000.000000
2022,3,104372,Independent Community Bankers of America,464412.500000
2023,2,104372,Independent Community Bankers of America,1275400.000000
2024,1,104372,Independent Community Bankers of America,760000.000000
2024,4,104372,Independent Community Bankers of America,834820.000000
2018,4,145134,MacAndrews South Corp.,490000.000000
2019,3,145134,MacAndrews South Corp.,490000.000000
2020,2,145134,MacAndrews South Corp.,360000.000000
2023,4,149687,National Rifle Association,550000.000000
2024,3,149687,National Rifle Association,500000.000000
2020,4,154499,American Electric Power Co. Inc.,582361.500000
2021,3,154499,American Electric Power Co. Inc.,824343.000000
2022,2,154499,American Electric Power Co. Inc.,1251550.000000
2023,1,154499,American Electric Power Co. Inc.,1460072.000000
2023,4,154499,American Electric Power Co. Inc.,466673.500000
2024,3,154499,American Electric Power Co. Inc.,280153.200000
2010,1,155701,"American Federation of State, County and Municipal Employees",750000.000000
2011,4,159844,Occidental Petroleum Corp.,857657.500000
2012,3,159844,Occidental Petroleum Corp.,873362.500000
2013,2,159844,Occidental Petroleum Corp.,898396.000000
2014,2,159844,Occidental Petroleum Corp.,1080330.000000
2015,1,159844,Occidental Petroleum Corp.,1070557.000000
2010,3,166177,Nucor Public Affairs Inc.,590000.000000
2011,2,166177,Nucor Public Affairs Inc.,600000.000000
2012,1,166177,Nucor Public Affairs Inc.,400000.000000
2010,3,171727,"Satterwhite, Johnny Sr.",100000000.000000
2011,2,171727,"Satterwhite, Johnny Sr.",0.000000
2024,4,175545,National Association of Manufacturers,3280000.000000
2010,3,177594,Quantico North NFP Ltd.,250000.000000
2011,2,177594,Quantico North NFP Ltd.,1500000.000000
2011,1,190535,Naturgy Energy Group SA,750000.000000
2022,4,202278,Phillips 66 Co.,330000.000000
2023,3,202278,Phillips 66 Co.,276666.666666
2024,2,202278,Phillips 66 Co.,235000.000000
2010,3,206206,Northrop Grumman Corp.,222734.375000
2011,2,206206,Northrop Grumman Corp.,174937.500000
2012,1,206206,Northrop Grumman Corp.,350000.000000
2012,4,206206,Northrop Grumman Corp.,378461.538461
2013,3,206206,Northrop Grumman Corp.,416000.000000
2014,2,206206,Northrop Grumman Corp.,238333.333333
2015,1,206206,Northrop Grumman Corp.,209807.692307
2015,4,206206,Northrop Grumman Corp.,218958.333333
2016,3,206206,Northrop Grumman Corp.,268863.636363
2017,2,206206,Northrop Grumman Corp.,303750.000000
2018,1,206206,Northrop Grumman Corp.,480750.000000
2013,3,206789,National Association for Gun Rights,1030000.000000
2014,2,206789,National Association for Gun Rights,1240000.000000
2015,1,206789,National Association for Gun Rights,430000.000000
2010,1,211513,Charles Schwab Corp.,621000.000000
2010,4,211513,Charles Schwab Corp.,540000.000000
2011,3,211513,Charles Schwab Corp.,930000.000000
2012,2,211513,Charles Schwab Corp.,680000.000000
2013,1,211513,Charles Schwab Corp.,610000.000000
2014,2,213692,SoftBank Capital,750000.000000
2021,4,213715,Chevron USA Inc.,375000.000000
2022,3,213715,Chevron USA Inc.,387500.000000
2023,2,213715,Chevron USA Inc.,587500.000000
2024,1,213715,Chevron USA Inc.,475000.000000
2024,4,213715,Chevron USA Inc.,657500.000000
2010,3,221146,AARP Inc.,1185500.000000
2011,2,221146,AARP Inc.,1193000.000000
2012,1,221146,AARP Inc.,346666.666666
2012,4,221146,AARP Inc.,376428.571428
2013,3,221146,AARP Inc.,532000.000000
2014,2,221146,AARP Inc.,420000.000000
2015,1,221146,AARP Inc.,252500.000000
2010,3,243759,Pacific Gas and Electric Co.,420000.000000
2011,2,243759,Pacific Gas and Electric Co.,345000.000000
2012,1,243759,Pacific Gas and Electric Co.,326666.666666
2012,4,243759,Pacific Gas and Electric Co.,156666.666666
2013,3,243759,Pacific Gas and Electric Co.,197500.000000
2014,2,243759,Pacific Gas and Electric Co.,207500.000000
2015,1,243759,Pacific Gas and Electric Co.,273750.000000
2015,4,243759,Pacific Gas and Electric Co.,175000.000000
2016,3,243759,Pacific Gas and Electric Co.,130000.000000
2017,2,243759,Pacific Gas and Electric Co.,150000.000000
2018,1,243759,Pacific Gas and Electric Co.,141250.000000
2010,2,252337,U.S. Chamber of Commerce Institute for Legal Reform,304285.714285
2011,1,252337,U.S. Chamber of Commerce Institute for Legal Reform,409687.500000
2011,4,252337,U.S. Chamber of Commerce Institute for Legal Reform,418333.333333
2012,3,252337,U.S. Chamber of Commerce Institute for Legal Reform,595000.000000
2013,2,252337,U.S. Chamber of Commerce Institute for Legal Reform,392500.000000
2014,1,252337,U.S. Chamber of Commerce Institute for Legal Reform,422812.500000
2014,4,252337,U.S. Chamber of Commerce Institute for Legal Reform,660470.588235
2015,3,252337,U.S. Chamber of Commerce Institute for Legal Reform,284000.000000
2016,2,252337,U.S. Chamber of Commerce Institute for Legal Reform,362592.105263
2017,1,252337,U.S. Chamber of Commerce Institute for Legal Reform,504364.437500
2023,3,93809,Aerospace Industries Association of America Inc.,270000.000000
2024,2,93809,Aerospace Industries Association of America Inc.,360000.000000
2010,1,99896,Mercedes-Benz USA LLC,770000.000000
2010,4,99896,Mercedes-Benz USA LLC,400000.000000
2011,3,99896,Mercedes-Benz USA LLC,340000.000000
2012,2,99896,Mercedes-Benz USA LLC,260000.000000
2013,1,99896,Mercedes-Benz USA LLC,320000.000000
2013,4,99896,Mercedes-Benz USA LLC,400000.000000
2014,3,99896,Mercedes-Benz USA LLC,420000.000000
2015,2,99896,Mercedes-Benz USA LLC,490000.000000
2016,1,99896,Mercedes-Benz USA LLC,410000.000000
2016,4,101822,NACS,455000.000000
2017,3,101822,NACS,260000.000000
2018,2,101822,NACS,330000.000000
2019,1,101822,NACS,465000.000000
2019,4,101822,NACS,465000.000000
2020,3,101822,NACS,465000.000000
2021,2,101822,NACS,385000.000000
2022,1,101822,NACS,214375.000000
2022,4,101822,NACS,224375.000000
2023,3,101822,NACS,224375.000000
2024,2,101822,NACS,189500.000000
2010,1,104372,Independent Community Bankers of America,585000.000000
2017,4,104549,Primerica Life Insurance Co.,380000.000000
2018,3,104549,Primerica Life Insurance Co.,320000.000000
2019,2,104549,Primerica Life Insurance Co.,350000.000000
2020,1,104549,Primerica Life Insurance Co.,560000.000000
2020,4,104549,Primerica Life Insurance Co.,340000.000000
2021,3,104549,Primerica Life Insurance Co.,600000.000000
2022,2,104549,Primerica Life Insurance Co.,510000.000000
2023,1,104549,Primerica Life Insurance Co.,630000.000000
2023,4,104549,Primerica Life Insurance Co.,440000.000000
2024,3,104549,Primerica Life Insurance Co.,380000.000000
2010,1,145134,MacAndrews South Corp.,280000.000000
2014,4,147733,Financial Services Roundtable,372500.000000
2015,3,147733,Financial Services Roundtable,240000.000000
2016,2,147733,Financial Services Roundtable,302500.000000
2017,1,147733,Financial Services Roundtable,420000.000000
2017,4,147733,Financial Services Roundtable,347500.000000
2018,3,147733,Financial Services Roundtable,6000.000000
2011,4,149687,National Rifle Association,250000.000000
2012,3,149687,National Rifle Association,208333.333333
2013,2,149687,National Rifle Association,365000.000000
2014,1,149687,National Rifle Association,275000.000000
2014,4,149687,National Rifle Association,240000.000000
2015,3,149687,National Rifle Association,263413.333333
2016,2,149687,National Rifle Association,283333.333333
2017,1,149687,National Rifle Association,746666.666666
2017,4,149687,National Rifle Association,476000.000000
2018,3,149687,National Rifle Association,1070000.000000
2019,2,149687,National Rifle Association,415000.000000
2020,1,149687,National Rifle Association,365000.000000
2020,4,149687,National Rifle Association,540000.000000
2021,3,149687,National Rifle Association,900000.000000
2022,2,149687,National Rifle Association,910000.000000
2023,1,149687,National Rifle Association,620000.000000
2010,2,154499,American Electric Power Co. Inc.,291012.166666
2011,1,154499,American Electric Power Co. Inc.,433042.000000
2011,4,154499,American Electric Power Co. Inc.,732595.333333
2012,3,154499,American Electric Power Co. Inc.,506964.000000
2013,2,154499,American Electric Power Co. Inc.,366330.000000
2014,1,154499,American Electric Power Co. Inc.,459641.000000
2014,4,154499,American Electric Power Co. Inc.,755360.666666
2015,3,154499,American Electric Power Co. Inc.,475283.333333
2016,2,154499,American Electric Power Co. Inc.,617712.666666
2017,1,154499,American Electric Power Co. Inc.,704244.333333
2017,4,154499,American Electric Power Co. Inc.,407923.333333
2018,3,154499,American Electric Power Co. Inc.,475643.333333
2016,2,48709,Open Society Policy Center Inc.,1740000.000000
2017,1,48709,Open Society Policy Center Inc.,1700000.000000
2012,1,48835,BB&T Corp.,163775.000000
2010,3,49807,National Association of Realtors,1543333.333333
2011,2,49807,National Association of Realtors,2386666.666666
2012,1,49807,National Association of Realtors,1530000.000000
2012,4,49807,National Association of Realtors,3900000.000000
2013,3,49807,National Association of Realtors,1664000.000000
2014,2,49807,National Association of Realtors,3310000.000000
2015,1,49807,National Association of Realtors,1932500.000000
2015,4,49807,National Association of Realtors,4773333.333333
2016,3,49807,National Association of Realtors,7946666.666666
2017,2,49807,National Association of Realtors,3656666.666666
2018,1,49807,National Association of Realtors,4363333.333333
2018,4,49807,National Association of Realtors,4777500.000000
2019,3,49807,National Association of Realtors,1401666.666666
2020,2,49807,National Association of Realtors,1986666.666666
2021,1,49807,National Association of Realtors,1365000.000000
2010,4,53545,National Multifamily Housing Council,269000.000000
2011,3,53545,National Multifamily Housing Council,225000.000000
2012,2,53545,National Multifamily Housing Council,250000.000000
2013,1,53545,National Multifamily Housing Council,175000.000000
2013,4,53545,National Multifamily Housing Council,222500.000000
2014,3,53545,National Multifamily Housing Council,230000.000000
2015,2,53545,National Multifamily Housing Council,340000.000000
2016,1,53545,National Multifamily Housing Council,467500.000000
2016,4,53545,National Multifamily Housing Council,336000.000000
2017,3,53545,National Multifamily Housing Council,336666.666666
2018,2,53545,National Multifamily Housing Council,383333.333333
2019,1,53545,National Multifamily Housing Council,406666.666666
2012,4,54262,ConocoPhillips Co.,428684.000000
2013,3,54262,ConocoPhillips Co.,283490.750000
2014,2,54262,ConocoPhillips Co.,256092.500000
2015,1,54262,ConocoPhillips Co.,296491.250000
2015,4,54262,ConocoPhillips Co.,349937.500000
2016,3,54262,ConocoPhillips Co.,136200.000000
2017,2,54262,ConocoPhillips Co.,232000.000000
2018,1,54262,ConocoPhillips Co.,327500.000000
2018,4,54262,ConocoPhillips Co.,324500.000000
2019,3,54262,ConocoPhillips Co.,170000.000000
2020,2,54262,ConocoPhillips Co.,185000.000000
2021,1,54262,ConocoPhillips Co.,382450.000000
2021,4,54262,ConocoPhillips Co.,388000.000000
2022,3,54262,ConocoPhillips Co.,160000.000000
2023,2,54262,ConocoPhillips Co.,204000.000000
2024,1,54262,ConocoPhillips Co.,856250.000000
2010,3,54955,American College of Radiology Association,852964.000000
2011,2,54955,American College of Radiology Association,1409519.000000
2012,1,54955,American College of Radiology Association,875616.000000
2012,4,54955,American College of Radiology Association,949142.000000
2013,3,54955,American College of Radiology Association,413993.500000
2014,2,54955,American College of Radiology Association,694054.500000
2015,1,54955,American College of Radiology Association,460575.500000
2015,4,54955,American College of Radiology Association,501070.500000
2016,3,54955,American College of Radiology Association,375654.000000
2017,2,54955,American College of Radiology Association,370235.000000
2018,1,54955,American College of Radiology Association,334003.000000
2018,4,54955,American College of Radiology Association,529342.000000
2019,3,54955,American College of Radiology Association,94305.500000
2020,2,54955,American College of Radiology Association,115822.000000
2021,1,54955,American College of Radiology Association,130415.500000
2014,1,58786,AFL-CIO,450000.000000
2014,4,58786,AFL-CIO,410000.000000
2015,3,58786,AFL-CIO,415000.000000
2016,2,58786,AFL-CIO,380000.000000
2017,1,58786,AFL-CIO,380000.000000
2010,1,68834,CVS Health,691491.666666
2010,4,68834,CVS Health,759666.666666
2011,3,68834,CVS Health,590000.000000
2012,2,68834,CVS Health,771666.666666
2013,1,68834,CVS Health,874670.000000
2010,3,69662,Peabody Investments Corp.,1090000.000000
2011,2,69662,Peabody Investments Corp.,1310000.000000
2012,1,69662,Peabody Investments Corp.,1120000.000000
2012,4,69662,Peabody Investments Corp.,650000.000000
2013,3,69662,Peabody Investments Corp.,630000.000000
2014,2,69662,Peabody Investments Corp.,600000.000000
2015,1,69662,Peabody Investments Corp.,680000.000000
2015,4,69662,Peabody Investments Corp.,360000.000000
2016,3,69662,Peabody Investments Corp.,260000.000000
2017,2,69662,Peabody Investments Corp.,290000.000000
2018,1,69662,Peabody Investments Corp.,380000.000000
2018,4,69662,Peabody Investments Corp.,390000.000000
2019,3,69662,Peabody Investments Corp.,310000.000000
2020,2,69662,Peabody Investments Corp.,200000.000000
2021,1,69662,Peabody Investments Corp.,140000.000000
2015,4,70834,American Hospital Association,847500.000000
2016,3,70834,American Hospital Association,624714.285714
2017,2,70834,American Hospital Association,595428.571428
2018,1,70834,American Hospital Association,762571.428571
2018,4,70834,American Hospital Association,834000.000000
2019,3,70834,American Hospital Association,820714.285714
2020,2,70834,American Hospital Association,770000.000000
2021,1,70834,American Hospital Association,861666.666666
2021,4,70834,American Hospital Association,1128333.333333
2022,3,70834,American Hospital Association,908333.333333
2023,2,70834,American Hospital Association,965714.285714
2024,1,70834,American Hospital Association,912857.142857
2024,4,70834,American Hospital Association,992857.142857
2010,3,86263,International Association of Machinists and Aerospace Workers,380000.000000
2011,2,86263,International Association of Machinists and Aerospace Workers,560000.000000
2012,1,86263,International Association of Machinists and Aerospace Workers,470000.000000
2012,4,86263,International Association of Machinists and Aerospace Workers,380000.000000
2013,3,86263,International Association of Machinists and Aerospace Workers,620000.000000
2014,2,86263,International Association of Machinists and Aerospace Workers,540000.000000
2015,1,86263,International Association of Machinists and Aerospace Workers,475000.000000
2012,4,86642,National Association of Federally-Insured Credit Unions,800000.000000
2013,3,86642,National Association of Federally-Insured Credit Unions,1170000.000000
2014,2,86642,National Association of Federally-Insured Credit Unions,480000.000000
2015,1,86642,National Association of Federally-Insured Credit Unions,480000.000000
2015,4,86642,National Association of Federally-Insured Credit Unions,196666.666666
2016,3,86642,National Association of Federally-Insured Credit Unions,305000.000000
2017,2,86642,National Association of Federally-Insured Credit Unions,580000.000000
2018,1,86642,National Association of Federally-Insured Credit Unions,790000.000000
2018,4,86642,National Association of Federally-Insured Credit Unions,530000.000000
2019,3,86642,National Association of Federally-Insured Credit Unions,760000.000000
2020,2,86642,National Association of Federally-Insured Credit Unions,350000.000000
2021,1,86642,National Association of Federally-Insured Credit Unions,585000.000000
2016,4,87583,American Cancer Society Cancer Action Network Inc.,830000.000000
2017,3,87583,American Cancer Society Cancer Action Network Inc.,402000.000000
2024,4,57099,Business Roundtable Inc.,513333.333333
2013,4,58786,AFL-CIO,400000.000000
2014,3,58786,AFL-CIO,350000.000000
2015,2,58786,AFL-CIO,460000.000000
2016,1,58786,AFL-CIO,400000.000000
2016,4,58786,AFL-CIO,270000.000000
2017,3,58786,AFL-CIO,330000.000000
2018,2,58786,AFL-CIO,600000.000000
2019,1,58786,AFL-CIO,760000.000000
2019,4,58786,AFL-CIO,740000.000000
2020,3,58786,AFL-CIO,640000.000000
2021,2,58786,AFL-CIO,620000.000000
2022,1,58786,AFL-CIO,920000.000000
2022,4,58786,AFL-CIO,520000.000000
2023,3,58786,AFL-CIO,480000.000000
2024,2,58786,AFL-CIO,560000.000000
2013,2,59112,Standard and Poor's Financial Services LLC,490000.000000
2010,3,68834,CVS Health,880000.000000
2011,2,68834,CVS Health,789107.000000
2012,1,68834,CVS Health,863333.333333
2012,4,68834,CVS Health,1016666.666666
2013,3,68834,CVS Health,592481.500000
2014,2,68834,CVS Health,779528.000000
2015,1,68834,CVS Health,860000.000000
2015,4,68834,CVS Health,745000.000000
2016,3,68834,CVS Health,224928.571428
2017,2,68834,CVS Health,227062.500000
2018,1,68834,CVS Health,306142.857142
2018,4,68834,CVS Health,267090.909090
2019,3,68834,CVS Health,226000.000000
2020,2,68834,CVS Health,237727.272727
2021,1,68834,CVS Health,274000.000000
2017,4,69662,Peabody Investments Corp.,390000.000000
2018,3,69662,Peabody Investments Corp.,400000.000000
2019,2,69662,Peabody Investments Corp.,340000.000000
2020,1,69662,Peabody Investments Corp.,270000.000000
2020,4,69662,Peabody Investments Corp.,140000.000000
2021,3,69662,Peabody Investments Corp.,110000.000000
2022,2,69662,Peabody Investments Corp.,90000.000000
2023,1,69662,Peabody Investments Corp.,120000.000000
2023,4,69662,Peabody Investments Corp.,160000.000000
2024,3,69662,Peabody Investments Corp.,180000.000000
2023,4,70834,American Hospital Association,1210000.000000
2024,3,70834,American Hospital Association,832857.142857
2011,4,86263,International Association of Machinists and Aerospace Workers,430000.000000
2012,3,86263,International Association of Machinists and Aerospace Workers,420000.000000
2013,2,86263,International Association of Machinists and Aerospace Workers,500000.000000
2014,1,86263,International Association of Machinists and Aerospace Workers,400000.000000
2014,4,86263,International Association of Machinists and Aerospace Workers,380000.000000
2015,3,86263,International Association of Machinists and Aerospace Workers,445000.000000
2016,2,86263,International Association of Machinists and Aerospace Workers,510000.000000
2017,1,86263,International Association of Machinists and Aerospace Workers,515000.000000
2017,4,86263,International Association of Machinists and Aerospace Workers,440000.000000
2018,3,86263,International Association of Machinists and Aerospace Workers,545000.000000
2019,2,86263,International Association of Machinists and Aerospace Workers,495000.000000
2020,1,86263,International Association of Machinists and Aerospace Workers,980000.000000
2017,4,86642,National Association of Federally-Insured Credit Unions,540000.000000
2018,3,86642,National Association of Federally-Insured Credit Unions,590000.000000
2019,2,86642,National Association of Federally-Insured Credit Unions,660000.000000
2020,1,86642,National Association of Federally-Insured Credit Unions,615000.000000
2020,4,86642,National Association of Federally-Insured Credit Unions,415000.000000
2021,3,86642,National Association of Federally-Insured Credit Unions,380000.000000
2022,2,86642,National Association of Federally-Insured Credit Unions,400000.000000
2023,1,86642,National Association of Federally-Insured Credit Unions,1420000.000000
2018,2,87583,American Cancer Society Cancer Action Network Inc.,340000.000000
2019,1,87583,American Cancer Society Cancer Action Network Inc.,260000.000000
2019,4,87583,American Cancer Society Cancer Action Network Inc.,590000.000000
2020,3,87583,American Cancer Society Cancer Action Network Inc.,305146.666666
2021,2,87583,American Cancer Society Cancer Action Network Inc.,243333.333333
2022,1,87583,American Cancer Society Cancer Action Network Inc.,228750.000000
2022,4,87583,American Cancer Society Cancer Action Network Inc.,542500.000000
2023,3,87583,American Cancer Society Cancer Action Network Inc.,454000.000000
2024,2,87583,American Cancer Society Cancer Action Network Inc.,292000.000000
2010,4,91032,Bayer Corp.,476685.000000
2011,3,91032,Bayer Corp.,700000.000000
2012,2,91032,Bayer Corp.,750160.500000
2013,1,91032,Bayer Corp.,920000.000000
2013,4,91032,Bayer Corp.,520000.000000
2014,3,91032,Bayer Corp.,334000.000000
2015,2,91032,Bayer Corp.,562500.000000
2016,1,91032,Bayer Corp.,452000.000000
2016,4,91032,Bayer Corp.,476000.000000
2017,3,91032,Bayer Corp.,395833.333333
2018,2,91032,Bayer Corp.,318571.428571
2019,1,91032,Bayer Corp.,280500.000000
2019,4,91032,Bayer Corp.,316428.571428
2020,3,91032,Bayer Corp.,246428.571428
2021,2,91032,Bayer Corp.,242142.857142
2022,1,91032,Bayer Corp.,252142.857142
2011,4,93809,Aerospace Industries Association of America Inc.,903609.000000
2012,3,93809,Aerospace Industries Association of America Inc.,838657.000000
2013,2,93809,Aerospace Industries Association of America Inc.,490000.000000
2014,1,93809,Aerospace Industries Association of America Inc.,440000.000000
2014,4,93809,Aerospace Industries Association of America Inc.,308819.000000
2015,3,93809,Aerospace Industries Association of America Inc.,210000.000000
2016,2,93809,Aerospace Industries Association of America Inc.,380000.000000
2017,1,93809,Aerospace Industries Association of America Inc.,470000.000000
2017,4,93809,Aerospace Industries Association of America Inc.,620000.000000
2018,3,93809,Aerospace Industries Association of America Inc.,420000.000000
2019,2,93809,Aerospace Industries Association of America Inc.,520000.000000
2020,1,93809,Aerospace Industries Association of America Inc.,380000.000000
2020,4,93809,Aerospace Industries Association of America Inc.,430000.000000
2021,3,93809,Aerospace Industries Association of America Inc.,380000.000000
2022,2,93809,Aerospace Industries Association of America Inc.,420000.000000
2023,1,93809,Aerospace Industries Association of America Inc.,250000.000000
2010,2,99896,Mercedes-Benz USA LLC,780000.000000
2011,1,99896,Mercedes-Benz USA LLC,340000.000000
2024,4,101822,NACS,235000.000000
2019,4,104372,Independent Community Bankers of America,690000.000000
2020,3,104372,Independent Community Bankers of America,525000.000000
2021,2,104372,Independent Community Bankers of America,520000.000000
2022,1,104372,Independent Community Bankers of America,450000.000000
2022,4,104372,Independent Community Bankers of America,756895.000000
2023,3,104372,Independent Community Bankers of America,557790.000000
2024,2,104372,Independent Community Bankers of America,705730.000000
2012,4,104549,Primerica Life Insurance Co.,230000.000000
2013,3,104549,Primerica Life Insurance Co.,280000.000000
2014,2,104549,Primerica Life Insurance Co.,150000.000000
2015,1,104549,Primerica Life Insurance Co.,200000.000000
2015,4,104549,Primerica Life Insurance Co.,390000.000000
2016,3,104549,Primerica Life Insurance Co.,260000.000000
2017,2,104549,Primerica Life Insurance Co.,340000.000000
2018,1,104549,Primerica Life Insurance Co.,540000.000000
2022,1,33679,American Association of Orthopaedic Surgeons,353803.000000
2010,3,42121,Military Officers Association of America,399666.000000
2011,2,42121,Military Officers Association of America,508938.000000
2012,1,42121,Military Officers Association of America,452892.000000
2010,2,45053,AZOA Services Corp.,430000.000000
2011,1,45053,AZOA Services Corp.,580000.000000
2011,4,45053,AZOA Services Corp.,640000.000000
2012,3,45053,AZOA Services Corp.,560000.000000
2013,2,45053,AZOA Services Corp.,570000.000000
2014,1,45053,AZOA Services Corp.,590000.000000
2014,4,45053,AZOA Services Corp.,590000.000000
2015,3,45053,AZOA Services Corp.,590000.000000
2016,2,45053,AZOA Services Corp.,610000.000000
2017,1,45053,AZOA Services Corp.,600000.000000
2012,4,48709,Open Society Policy Center Inc.,1000000.000000
2013,3,48709,Open Society Policy Center Inc.,1960000.000000
2014,2,48709,Open Society Policy Center Inc.,2020000.000000
2015,1,48709,Open Society Policy Center Inc.,1110000.000000
2015,4,48709,Open Society Policy Center Inc.,1070000.000000
2016,3,48709,Open Society Policy Center Inc.,550000.000000
2017,2,48709,Open Society Policy Center Inc.,2860000.000000
2018,1,48709,Open Society Policy Center Inc.,1265000.000000
2018,4,48709,Open Society Policy Center Inc.,5485000.000000
2019,3,48709,Open Society Policy Center Inc.,5313333.333333
2020,2,48709,Open Society Policy Center Inc.,5000.000000
2021,1,48709,Open Society Policy Center Inc.,10000.000000
2020,4,48835,BB&T Corp.,680000.000000
2021,3,48835,BB&T Corp.,570000.000000
2022,2,48835,BB&T Corp.,1025000.000000
2023,1,48835,BB&T Corp.,1260000.000000
2023,4,48835,BB&T Corp.,260000.000000
2024,3,48835,BB&T Corp.,210000.000000
2011,4,53545,National Multifamily Housing Council,267000.000000
2012,3,53545,National Multifamily Housing Council,120000.000000
2013,2,53545,National Multifamily Housing Council,412500.000000
2014,1,53545,National Multifamily Housing Council,287500.000000
2014,4,53545,National Multifamily Housing Council,225250.000000
2015,3,53545,National Multifamily Housing Council,235000.000000
2016,2,53545,National Multifamily Housing Council,410000.000000
2017,1,53545,National Multifamily Housing Council,342500.000000
2017,4,53545,National Multifamily Housing Council,380000.000000
2018,3,53545,National Multifamily Housing Council,295873.333333
2019,2,53545,National Multifamily Housing Council,540000.000000
2020,1,53545,National Multifamily Housing Council,503333.333333
2020,4,53545,National Multifamily Housing Council,535000.000000
2021,3,53545,National Multifamily Housing Council,1340000.000000
2022,2,53545,National Multifamily Housing Council,925000.000000
2023,1,53545,National Multifamily Housing Council,146569.000000
2010,2,54262,ConocoPhillips Co.,2786501.000000
2011,1,54262,ConocoPhillips Co.,3139331.500000
2011,4,54262,ConocoPhillips Co.,1504333.333333
2012,3,54262,ConocoPhillips Co.,181333.333333
2013,2,54262,ConocoPhillips Co.,281762.500000
2014,1,54262,ConocoPhillips Co.,277368.750000
2014,4,54262,ConocoPhillips Co.,402912.500000
2015,3,54262,ConocoPhillips Co.,163117.000000
2016,2,54262,ConocoPhillips Co.,164750.000000
2017,1,54262,ConocoPhillips Co.,197200.000000
2017,4,54262,ConocoPhillips Co.,186000.000000
2018,3,54262,ConocoPhillips Co.,113600.000000
2019,2,54262,ConocoPhillips Co.,200000.000000
2020,1,54262,ConocoPhillips Co.,585000.000000
2012,4,57099,Business Roundtable Inc.,369928.571428
2013,3,57099,Business Roundtable Inc.,227187.500000
2014,2,57099,Business Roundtable Inc.,233852.941176
2015,1,57099,Business Roundtable Inc.,310294.117647
2014,1,159844,Occidental Petroleum Corp.,1007030.000000
2014,4,159844,Occidental Petroleum Corp.,1109072.500000
2015,3,159844,Occidental Petroleum Corp.,1542306.000000
2016,2,159844,Occidental Petroleum Corp.,633027.750000
2017,1,159844,Occidental Petroleum Corp.,456483.333333
2017,4,159844,Occidental Petroleum Corp.,583467.000000
2018,3,159844,Occidental Petroleum Corp.,355695.250000
2019,2,159844,Occidental Petroleum Corp.,375262.750000
2020,1,159844,Occidental Petroleum Corp.,803333.333333
2020,4,159844,Occidental Petroleum Corp.,916666.666666
2021,3,159844,Occidental Petroleum Corp.,835000.000000
2022,2,159844,Occidental Petroleum Corp.,357500.000000
2023,1,159844,Occidental Petroleum Corp.,660400.000000
2010,2,166177,Nucor Public Affairs Inc.,680000.000000
2011,1,166177,Nucor Public Affairs Inc.,580000.000000
2011,4,166177,Nucor Public Affairs Inc.,330000.000000
2012,3,166177,Nucor Public Affairs Inc.,270000.000000
2013,2,166177,Nucor Public Affairs Inc.,390000.000000
2014,1,166177,Nucor Public Affairs Inc.,410000.000000
2014,4,166177,Nucor Public Affairs Inc.,420000.000000
2015,3,166177,Nucor Public Affairs Inc.,510000.000000
2016,2,166177,Nucor Public Affairs Inc.,470000.000000
2017,1,166177,Nucor Public Affairs Inc.,520000.000000
2017,4,166177,Nucor Public Affairs Inc.,490000.000000
2018,3,166177,Nucor Public Affairs Inc.,480000.000000
2019,2,166177,Nucor Public Affairs Inc.,470000.000000
2020,1,166177,Nucor Public Affairs Inc.,540000.000000
2010,3,175545,National Association of Manufacturers,4750000.000000
2011,2,175545,National Association of Manufacturers,1100000.000000
2012,1,175545,National Association of Manufacturers,1730000.000000
2014,4,202278,Phillips 66 Co.,675000.000000
2015,3,202278,Phillips 66 Co.,420000.000000
2016,2,202278,Phillips 66 Co.,260000.000000
2017,1,202278,Phillips 66 Co.,510000.000000
2017,4,202278,Phillips 66 Co.,240000.000000
2018,3,202278,Phillips 66 Co.,225000.000000
2019,2,202278,Phillips 66 Co.,310000.000000
2020,1,202278,Phillips 66 Co.,720000.000000
2020,4,202278,Phillips 66 Co.,700000.000000
2021,3,202278,Phillips 66 Co.,270000.000000
2022,2,202278,Phillips 66 Co.,555000.000000
2023,1,202278,Phillips 66 Co.,683333.333333
2023,4,202278,Phillips 66 Co.,886666.666666
2024,3,202278,Phillips 66 Co.,127500.000000
2010,1,206073,U.S. Chamber of Commerce,1709800.000000
2010,4,206073,U.S. Chamber of Commerce,2833230.769230
2011,3,206073,U.S. Chamber of Commerce,580166.666666
2012,2,206073,U.S. Chamber of Commerce,1276888.888888
2013,1,206073,U.S. Chamber of Commerce,619588.235294
2010,1,206206,Northrop Grumman Corp.,293031.250000
2013,2,206789,National Association for Gun Rights,3010000.000000
2014,1,206789,National Association for Gun Rights,1010000.000000
2014,4,206789,National Association for Gun Rights,500000.000000
2015,3,206789,National Association for Gun Rights,430000.000000
2016,2,206789,National Association for Gun Rights,579940.000000
2017,1,206789,National Association for Gun Rights,326678.000000
2017,4,206789,National Association for Gun Rights,252922.000000
2018,3,206789,National Association for Gun Rights,226466.000000
2019,2,206789,National Association for Gun Rights,267427.000000
2020,1,206789,National Association for Gun Rights,203281.000000
2010,3,211513,Charles Schwab Corp.,840000.000000
2011,2,211513,Charles Schwab Corp.,670000.000000
2012,1,211513,Charles Schwab Corp.,570000.000000
2012,4,211513,Charles Schwab Corp.,1120000.000000
2013,3,211513,Charles Schwab Corp.,1060000.000000
2014,2,211513,Charles Schwab Corp.,450000.000000
2015,1,211513,Charles Schwab Corp.,640000.000000
2015,4,211513,Charles Schwab Corp.,405000.000000
2016,3,211513,Charles Schwab Corp.,770000.000000
2010,3,255640,Gila River Indian Community,220000.000000
2011,2,255640,Gila River Indian Community,350000.000000
2012,1,255640,Gila River Indian Community,590000.000000
2012,4,255640,Gila River Indian Community,570000.000000
2013,3,255640,Gila River Indian Community,780000.000000
2014,2,255640,Gila River Indian Community,930000.000000
2015,1,255640,Gila River Indian Community,980000.000000
2017,4,260497,Qualcomm Inc.,397777.777777
2018,3,260497,Qualcomm Inc.,435000.000000
2019,2,260497,Qualcomm Inc.,485000.000000
2020,1,260497,Qualcomm Inc.,538750.000000
2020,4,260497,Qualcomm Inc.,403750.000000
2021,3,260497,Qualcomm Inc.,431111.111111
2022,2,260497,Qualcomm Inc.,558750.000000
2023,1,260497,Qualcomm Inc.,383750.000000
2023,4,260497,Qualcomm Inc.,456666.666666
2024,3,260497,Qualcomm Inc.,371111.111111
2020,3,297638,New California Republic Co.,2253844.000000
2011,4,315362,National Federation of Independent Business Inc.,430000.000000
2012,3,315362,National Federation of Independent Business Inc.,347500.000000
2013,2,315362,National Federation of Independent Business Inc.,217500.000000
2014,1,315362,National Federation of Independent Business Inc.,217500.000000
2014,4,315362,National Federation of Independent Business Inc.,214750.000000
2015,3,315362,National Federation of Independent Business Inc.,245500.000000
2016,2,315362,National Federation of Independent Business Inc.,302666.666666
2017,1,315362,National Federation of Independent Business Inc.,415666.666666
2017,4,315362,National Federation of Independent Business Inc.,610000.000000
2018,3,315362,National Federation of Independent Business Inc.,539500.000000
2019,2,315362,National Federation of Independent Business Inc.,438000.000000
2020,1,315362,National Federation of Independent Business Inc.,429000.000000
2020,4,315362,National Federation of Independent Business Inc.,430000.000000
2021,3,315362,National Federation of Independent Business Inc.,550000.000000
2022,2,315362,National Federation of Independent Business Inc.,356666.666666
2023,1,315362,National Federation of Independent Business Inc.,383333.333333
2010,1,316850,AHIP,335000.000000
2023,4,320046,Pharmaceutical Care Management Association,920563.000000
2024,3,320046,Pharmaceutical Care Management Association,630724.714285
2023,1,324505,Partnership to Address Global Emissions Inc.,640000.000000
2023,4,324505,Partnership to Address Global Emissions Inc.,640000.000000
2024,3,324505,Partnership to Address Global Emissions Inc.,490000.000000
2010,3,325634,Amazon Corporate LLC,255000.000000
2011,2,325634,Amazon Corporate LLC,240000.000000
2012,1,325634,Amazon Corporate LLC,270000.000000
2012,4,325634,Amazon Corporate LLC,223333.333333
2013,3,325634,Amazon Corporate LLC,276666.666666
2014,2,325634,Amazon Corporate LLC,1060000.000000
2015,1,325634,Amazon Corporate LLC,1910000.000000
2015,4,325634,Amazon Corporate LLC,2990000.000000
2016,3,325634,Amazon Corporate LLC,2710000.000000
2017,2,325634,Amazon Corporate LLC,3210000.000000
2018,1,325634,Amazon Corporate LLC,867500.000000
2018,4,325634,Amazon Corporate LLC,778000.000000
2019,3,325634,Amazon Corporate LLC,711666.666666
2020,2,325634,Amazon Corporate LLC,775000.000000
2021,1,325634,Amazon Corporate LLC,843333.333333
2010,1,334449,General Electric Co.,428875.000000
2023,3,336127,SPLC Action Fund,690000.000000
2024,2,336127,SPLC Action Fund,1858000.000000
2017,4,341619,BlackRock Funds Services Group LLC,550000.000000
2018,3,341619,BlackRock Funds Services Group LLC,620000.000000
2019,2,341619,BlackRock Funds Services Group LLC,660000.000000
2020,1,341619,BlackRock Funds Services Group LLC,340000.000000
2020,4,341619,BlackRock Funds Services Group LLC,640000.000000
2015,4,57099,Business Roundtable Inc.,362437.500000
2016,3,57099,Business Roundtable Inc.,283066.666666
2017,2,57099,Business Roundtable Inc.,317750.000000
2018,1,57099,Business Roundtable Inc.,611900.000000
2018,4,57099,Business Roundtable Inc.,690000.000000
2019,3,57099,Business Roundtable Inc.,461583.333333
2020,2,57099,Business Roundtable Inc.,271785.714285
2021,1,57099,Business Roundtable Inc.,368750.000000
2021,4,57099,Business Roundtable Inc.,658571.428571
2022,3,57099,Business Roundtable Inc.,480000.000000
2023,2,57099,Business Roundtable Inc.,400666.666666
2024,1,57099,Business Roundtable Inc.,491428.571428
2010,3,58786,AFL-CIO,380000.000000
2011,2,58786,AFL-CIO,440000.000000
2012,1,58786,AFL-CIO,460000.000000
2012,4,58786,AFL-CIO,350000.000000
2013,3,58786,AFL-CIO,520000.000000
2014,2,58786,AFL-CIO,450000.000000
2015,1,58786,AFL-CIO,320000.000000
2015,4,58786,AFL-CIO,370000.000000
2016,3,58786,AFL-CIO,380000.000000
2017,2,58786,AFL-CIO,440000.000000
2018,1,58786,AFL-CIO,340000.000000
2018,4,58786,AFL-CIO,720000.000000
2019,3,58786,AFL-CIO,760000.000000
2020,2,58786,AFL-CIO,760000.000000
2021,1,58786,AFL-CIO,740000.000000
2010,2,68834,CVS Health,780000.000000
2011,1,68834,CVS Health,802333.333333
2011,4,68834,CVS Health,746250.000000
2012,3,68834,CVS Health,806666.666666
2013,2,68834,CVS Health,707739.250000
2014,1,68834,CVS Health,622000.000000
2014,4,68834,CVS Health,985000.000000
2015,3,68834,CVS Health,583333.333333
2016,2,68834,CVS Health,199749.571428
2017,1,68834,CVS Health,270562.500000
2013,4,69662,Peabody Investments Corp.,900000.000000
2014,3,69662,Peabody Investments Corp.,530000.000000
2015,2,69662,Peabody Investments Corp.,550000.000000
2016,1,69662,Peabody Investments Corp.,330000.000000
2016,4,69662,Peabody Investments Corp.,430000.000000
2017,3,69662,Peabody Investments Corp.,380000.000000
2018,2,69662,Peabody Investments Corp.,480000.000000
2019,1,69662,Peabody Investments Corp.,410000.000000
2019,4,69662,Peabody Investments Corp.,270000.000000
2020,3,69662,Peabody Investments Corp.,140000.000000
2021,2,69662,Peabody Investments Corp.,110000.000000
2022,1,69662,Peabody Investments Corp.,90000.000000
2022,4,69662,Peabody Investments Corp.,110000.000000
2023,3,69662,Peabody Investments Corp.,160000.000000
2024,2,69662,Peabody Investments Corp.,170000.000000
2019,4,70834,American Hospital Association,997857.142857
2020,3,70834,American Hospital Association,870000.000000
2021,2,70834,American Hospital Association,900000.000000
2022,1,70834,American Hospital Association,955000.000000
2022,4,70834,American Hospital Association,1213333.333333
2023,3,70834,American Hospital Association,790000.000000
2024,2,70834,American Hospital Association,922857.142857
2010,2,86263,International Association of Machinists and Aerospace Workers,570000.000000
2011,1,86263,International Association of Machinists and Aerospace Workers,420000.000000
2013,4,86642,National Association of Federally-Insured Credit Unions,440000.000000
2014,3,86642,National Association of Federally-Insured Credit Unions,620000.000000
2015,2,86642,National Association of Federally-Insured Credit Unions,620000.000000
2016,1,86642,National Association of Federally-Insured Credit Unions,150000.000000
2016,4,86642,National Association of Federally-Insured Credit Unions,640000.000000
2017,3,86642,National Association of Federally-Insured Credit Unions,600000.000000
2018,2,86642,National Association of Federally-Insured Credit Unions,550000.000000
2019,1,86642,National Association of Federally-Insured Credit Unions,1050000.000000
2019,4,86642,National Association of Federally-Insured Credit Unions,600000.000000
2017,2,211513,Charles Schwab Corp.,520000.000000
2018,1,211513,Charles Schwab Corp.,500000.000000
2018,4,211513,Charles Schwab Corp.,860000.000000
2019,3,211513,Charles Schwab Corp.,480000.000000
2020,2,211513,Charles Schwab Corp.,680000.000000
2021,1,211513,Charles Schwab Corp.,840000.000000
2013,4,213715,Chevron USA Inc.,1080000.000000
2014,3,213715,Chevron USA Inc.,472500.000000
2015,2,213715,Chevron USA Inc.,612500.000000
2016,1,213715,Chevron USA Inc.,673333.333333
2016,4,213715,Chevron USA Inc.,472500.000000
2017,3,213715,Chevron USA Inc.,565000.000000
2018,2,213715,Chevron USA Inc.,682500.000000
2019,1,213715,Chevron USA Inc.,752500.000000
2019,4,213715,Chevron USA Inc.,400000.000000
2020,3,213715,Chevron USA Inc.,300000.000000
2021,2,213715,Chevron USA Inc.,407500.000000
2022,1,213715,Chevron USA Inc.,492500.000000
2022,4,213715,Chevron USA Inc.,382500.000000
2023,3,213715,Chevron USA Inc.,442500.000000
2024,2,213715,Chevron USA Inc.,552500.000000
2010,1,221146,AARP Inc.,1003000.000000
2010,2,232057,Southern Co.,242045.454545
2011,1,232057,Southern Co.,398409.090909
2011,4,232057,Southern Co.,431136.363636
2012,3,232057,Southern Co.,284250.000000
2013,2,232057,Southern Co.,294100.000000
2014,1,232057,Southern Co.,351818.181818
2014,4,232057,Southern Co.,441750.000000
2015,3,232057,Southern Co.,285500.000000
2016,2,232057,Southern Co.,316363.636363
2017,1,232057,Southern Co.,347272.727272
2010,2,232657,Shell USA Inc.,605000.000000
2011,1,232657,Shell USA Inc.,464444.444444
2011,4,232657,Shell USA Inc.,417777.777777
2012,3,232657,Shell USA Inc.,605714.285714
2013,2,232657,Shell USA Inc.,395000.000000
2014,1,232657,Shell USA Inc.,358571.428571
2010,1,243759,Pacific Gas and Electric Co.,12960000.000000
2013,4,252337,U.S. Chamber of Commerce Institute for Legal Reform,396562.500000
2014,3,252337,U.S. Chamber of Commerce Institute for Legal Reform,567823.529411
2015,2,252337,U.S. Chamber of Commerce Institute for Legal Reform,289000.000000
2016,1,252337,U.S. Chamber of Commerce Institute for Legal Reform,391645.315789
2016,4,252337,U.S. Chamber of Commerce Institute for Legal Reform,371132.352941
2017,3,252337,U.S. Chamber of Commerce Institute for Legal Reform,327602.941176
2018,2,252337,U.S. Chamber of Commerce Institute for Legal Reform,357765.625000
2019,1,252337,U.S. Chamber of Commerce Institute for Legal Reform,387500.000000
2019,4,252337,U.S. Chamber of Commerce Institute for Legal Reform,296153.846153
2020,3,252337,U.S. Chamber of Commerce Institute for Legal Reform,28000.000000
2021,2,252337,U.S. Chamber of Commerce Institute for Legal Reform,36666.666666
2022,1,252337,U.S. Chamber of Commerce Institute for Legal Reform,33333.333333
2022,4,252337,U.S. Chamber of Commerce Institute for Legal Reform,35555.555555
2023,3,252337,U.S. Chamber of Commerce Institute for Legal Reform,39000.000000
2024,2,252337,U.S. Chamber of Commerce Institute for Legal Reform,37272.727272
2011,4,255640,Gila River Indian Community,270000.000000
2012,3,255640,Gila River Indian Community,600000.000000
2013,2,255640,Gila River Indian Community,600000.000000
2014,1,255640,Gila River Indian Community,880000.000000
2014,4,255640,Gila River Indian Community,910000.000000
2015,3,255640,Gila River Indian Community,330000.000000
2016,2,255640,Gila River Indian Community,520000.000000
2017,1,255640,Gila River Indian Community,630000.000000
2017,4,255640,Gila River Indian Community,590000.000000
2018,3,255640,Gila River Indian Community,560000.000000
2019,2,255640,Gila River Indian Community,367500.000000
2020,1,255640,Gila River Indian Community,405000.000000
2020,4,255640,Gila River Indian Community,445000.000000
2019,2,99896,Mercedes-Benz USA LLC,620000.000000
2020,1,99896,Mercedes-Benz USA LLC,350000.000000
2020,4,101822,NACS,465000.000000
2021,3,101822,NACS,200000.000000
2022,2,101822,NACS,224375.000000
2023,1,101822,NACS,224375.000000
2023,4,101822,NACS,187500.000000
2024,3,101822,NACS,161250.000000
2010,2,104372,Independent Community Bankers of America,880000.000000
2011,1,104372,Independent Community Bankers of America,390000.000000
2011,4,104372,Independent Community Bankers of America,483333.333333
2012,3,104372,Independent Community Bankers of America,366666.666666
2013,2,104372,Independent Community Bankers of America,627000.000000
2014,1,104372,Independent Community Bankers of America,406666.666666
2013,4,104549,Primerica Life Insurance Co.,260000.000000
2014,3,104549,Primerica Life Insurance Co.,140000.000000
2015,2,104549,Primerica Life Insurance Co.,490000.000000
2016,1,104549,Primerica Life Insurance Co.,380000.000000
2016,4,104549,Primerica Life Insurance Co.,280000.000000
2017,3,104549,Primerica Life Insurance Co.,370000.000000
2018,2,104549,Primerica Life Insurance Co.,410000.000000
2019,1,104549,Primerica Life Insurance Co.,510000.000000
2019,4,104549,Primerica Life Insurance Co.,410000.000000
2020,3,104549,Primerica Life Insurance Co.,370000.000000
2021,2,104549,Primerica Life Insurance Co.,390000.000000
2022,1,104549,Primerica Life Insurance Co.,670000.000000
2022,4,104549,Primerica Life Insurance Co.,480000.000000
2023,3,104549,Primerica Life Insurance Co.,370000.000000
2024,2,104549,Primerica Life Insurance Co.,400000.000000
2010,2,139200,Government of Equatorial Guinea,460000.000000
2010,2,145134,MacAndrews South Corp.,280000.000000
2011,1,145134,MacAndrews South Corp.,260000.000000
2011,4,145134,MacAndrews South Corp.,260000.000000
2012,3,145134,MacAndrews South Corp.,290000.000000
2013,2,145134,MacAndrews South Corp.,280000.000000
2014,1,145134,MacAndrews South Corp.,300000.000000
2010,4,147733,Financial Services Roundtable,475000.000000
2011,3,147733,Financial Services Roundtable,392000.000000
2012,2,147733,Financial Services Roundtable,342000.000000
2013,1,147733,Financial Services Roundtable,577500.000000
2013,4,147733,Financial Services Roundtable,475000.000000
2014,3,147733,Financial Services Roundtable,272500.000000
2015,2,147733,Financial Services Roundtable,263000.000000
2016,1,147733,Financial Services Roundtable,527500.000000
2016,4,147733,Financial Services Roundtable,265000.000000
2017,3,147733,Financial Services Roundtable,151666.666666
2018,2,147733,Financial Services Roundtable,210000.000000
2010,1,149687,National Rifle Association,272500.000000
2010,4,149687,National Rifle Association,178333.333333
2011,3,149687,National Rifle Association,250000.000000
2012,2,149687,National Rifle Association,241666.666666
2013,1,149687,National Rifle Association,360000.000000
2013,4,149687,National Rifle Association,266666.666666
2014,3,149687,National Rifle Association,140000.000000
2015,2,149687,National Rifle Association,263333.333333
2016,1,149687,National Rifle Association,225000.000000
2016,4,149687,National Rifle Association,192666.666666
2017,3,149687,National Rifle Association,296666.666666
2018,2,149687,National Rifle Association,497500.000000
2019,1,149687,National Rifle Association,430000.000000
2010,3,154002,Lorillard Tobacco Co.,425000.000000
2011,2,154002,Lorillard Tobacco Co.,900000.000000
2012,1,154002,Lorillard Tobacco Co.,480000.000000
2010,1,154499,American Electric Power Co. Inc.,581452.500000
2010,4,154499,American Electric Power Co. Inc.,621090.666666
2011,3,154499,American Electric Power Co. Inc.,264238.333333
2018,4,104549,Primerica Life Insurance Co.,510000.000000
2019,3,104549,Primerica Life Insurance Co.,340000.000000
2020,2,104549,Primerica Life Insurance Co.,340000.000000
2021,1,104549,Primerica Life Insurance Co.,600000.000000
2010,3,145134,MacAndrews South Corp.,280000.000000
2011,2,145134,MacAndrews South Corp.,260000.000000
2012,1,145134,MacAndrews South Corp.,290000.000000
2012,4,145134,MacAndrews South Corp.,290000.000000
2013,3,145134,MacAndrews South Corp.,280000.000000
2014,2,145134,MacAndrews South Corp.,300000.000000
2015,1,145134,MacAndrews South Corp.,470000.000000
2015,4,145134,MacAndrews South Corp.,360000.000000
2016,3,145134,MacAndrews South Corp.,380000.000000
2017,2,145134,MacAndrews South Corp.,540000.000000
2018,1,145134,MacAndrews South Corp.,700000.000000
2010,3,147733,Financial Services Roundtable,300000.000000
2011,2,147733,Financial Services Roundtable,338000.000000
2012,1,147733,Financial Services Roundtable,592000.000000
2012,4,147733,Financial Services Roundtable,492500.000000
2013,3,147733,Financial Services Roundtable,325000.000000
2014,2,147733,Financial Services Roundtable,295000.000000
2015,1,147733,Financial Services Roundtable,502500.000000
2015,4,147733,Financial Services Roundtable,287500.000000
2016,3,147733,Financial Services Roundtable,262500.000000
2017,2,147733,Financial Services Roundtable,224000.000000
2018,1,147733,Financial Services Roundtable,417500.000000
2019,4,149687,National Rifle Association,385000.000000
2020,3,149687,National Rifle Association,410000.000000
2021,2,149687,National Rifle Association,2400000.000000
2022,1,149687,National Rifle Association,620000.000000
2022,4,149687,National Rifle Association,440000.000000
2023,3,149687,National Rifle Association,570000.000000
2024,2,149687,National Rifle Association,440000.000000
2010,1,154002,Lorillard Tobacco Co.,155000.000000
2010,4,154002,Lorillard Tobacco Co.,350000.000000
2011,3,154002,Lorillard Tobacco Co.,410000.000000
2012,2,154002,Lorillard Tobacco Co.,680000.000000
2013,1,154002,Lorillard Tobacco Co.,600000.000000
2013,4,154002,Lorillard Tobacco Co.,710000.000000
2016,4,154499,American Electric Power Co. Inc.,500938.666666
2017,3,154499,American Electric Power Co. Inc.,478057.333333
2018,2,154499,American Electric Power Co. Inc.,517816.000000
2019,1,154499,American Electric Power Co. Inc.,754875.000000
2019,4,154499,American Electric Power Co. Inc.,790079.000000
2020,3,154499,American Electric Power Co. Inc.,1387548.500000
2021,2,154499,American Electric Power Co. Inc.,1000383.000000
2022,1,154499,American Electric Power Co. Inc.,981595.500000
2022,4,154499,American Electric Power Co. Inc.,1287012.500000
2023,3,154499,American Electric Power Co. Inc.,389871.500000
2024,2,154499,American Electric Power Co. Inc.,405110.250000
2010,4,155701,"American Federation of State, County and Municipal Employees",580000.000000
2011,3,155701,"American Federation of State, County and Municipal Employees",720000.000000
2012,2,155701,"American Federation of State, County and Municipal Employees",670000.000000
2013,1,155701,"American Federation of State, County and Municipal Employees",710000.000000
2013,4,155701,"American Federation of State, County and Municipal Employees",600000.000000
2014,3,155701,"American Federation of State, County and Municipal Employees",550000.000000
2015,2,155701,"American Federation of State, County and Municipal Employees",690000.000000
2016,1,155701,"American Federation of State, County and Municipal Employees",610000.000000
2016,4,155701,"American Federation of State, County and Municipal Employees",550000.000000
2017,3,155701,"American Federation of State, County and Municipal Employees",600000.000000
2019,2,154499,American Electric Power Co. Inc.,825867.666666
2020,1,154499,American Electric Power Co. Inc.,963413.666666
2018,4,155701,"American Federation of State, County and Municipal Employees",540000.000000
2019,3,155701,"American Federation of State, County and Municipal Employees",580000.000000
2020,2,155701,"American Federation of State, County and Municipal Employees",660000.000000
2021,1,155701,"American Federation of State, County and Municipal Employees",640000.000000
2021,4,155701,"American Federation of State, County and Municipal Employees",600000.000000
2022,3,155701,"American Federation of State, County and Municipal Employees",470000.000000
2023,2,155701,"American Federation of State, County and Municipal Employees",550000.000000
2024,1,155701,"American Federation of State, County and Municipal Employees",690000.000000
2024,4,155701,"American Federation of State, County and Municipal Employees",670000.000000
2010,2,159586,Talecris Biotherapeutics Inc.,240000.000000
2011,1,159586,Talecris Biotherapeutics Inc.,335000.000000
2023,4,159844,Occidental Petroleum Corp.,931000.000000
2024,3,159844,Occidental Petroleum Corp.,299166.666666
2020,4,175545,National Association of Manufacturers,1350000.000000
2021,3,175545,National Association of Manufacturers,1610000.000000
2022,2,175545,National Association of Manufacturers,1130000.000000
2023,1,175545,National Association of Manufacturers,2170000.000000
2023,4,175545,National Association of Manufacturers,4640000.000000
2024,3,175545,National Association of Manufacturers,1410000.000000
2010,4,177594,Quantico North NFP Ltd.,350000.000000
2021,4,206073,U.S. Chamber of Commerce,3291666.666666
2022,3,206073,U.S. Chamber of Commerce,4031666.666666
2023,2,206073,U.S. Chamber of Commerce,4122500.000000
2024,1,206073,U.S. Chamber of Commerce,7806666.666666
2024,4,206073,U.S. Chamber of Commerce,7486666.666666
2010,4,206206,Northrop Grumman Corp.,201607.142857
2011,3,206206,Northrop Grumman Corp.,169437.500000
2012,2,206206,Northrop Grumman Corp.,386153.846153
2013,1,206206,Northrop Grumman Corp.,476923.076923
2013,4,206206,Northrop Grumman Corp.,701818.181818
2014,3,206206,Northrop Grumman Corp.,255454.545454
2015,2,206206,Northrop Grumman Corp.,395192.307692
2016,1,206206,Northrop Grumman Corp.,473409.090909
2016,4,206206,Northrop Grumman Corp.,311750.000000
2017,3,206206,Northrop Grumman Corp.,291750.000000
2018,2,206206,Northrop Grumman Corp.,298611.111111
2019,1,206206,Northrop Grumman Corp.,665277.777777
2019,4,206206,Northrop Grumman Corp.,359687.500000
2020,3,206206,Northrop Grumman Corp.,331071.428571
2021,2,206206,Northrop Grumman Corp.,443500.000000
2022,1,206206,Northrop Grumman Corp.,921500.000000
2010,1,213715,Chevron USA Inc.,1100000.000000
2010,4,213715,Chevron USA Inc.,1020000.000000
2011,3,213715,Chevron USA Inc.,766666.666666
2012,2,213715,Chevron USA Inc.,595000.000000
2013,1,213715,Chevron USA Inc.,995000.000000
2010,4,221146,AARP Inc.,1834400.000000
2011,3,221146,AARP Inc.,479666.666666
2012,2,221146,AARP Inc.,412142.857142
2013,1,221146,AARP Inc.,378333.333333
2013,4,221146,AARP Inc.,528000.000000
2014,3,221146,AARP Inc.,421666.666666
2015,2,221146,AARP Inc.,256125.000000
2016,1,221146,AARP Inc.,250000.000000
2016,4,221146,AARP Inc.,334375.000000
2017,3,221146,AARP Inc.,253125.000000
2018,2,221146,AARP Inc.,388333.333333
2019,1,221146,AARP Inc.,336666.666666
2022,4,232657,Shell USA Inc.,366000.000000
2023,3,232657,Shell USA Inc.,370000.000000
2024,2,232657,Shell USA Inc.,386666.666666
2018,4,243759,Pacific Gas and Electric Co.,275714.285714
2019,3,243759,Pacific Gas and Electric Co.,196666.666666
2020,2,243759,Pacific Gas and Electric Co.,127500.000000
2021,3,341619,BlackRock Funds Services Group LLC,175000.000000
2022,2,341619,BlackRock Funds Services Group LLC,243333.333333
2023,1,341619,BlackRock Funds Services Group LLC,190000.000000
2023,4,341619,BlackRock Funds Services Group LLC,152500.000000
2024,3,341619,BlackRock Funds Services Group LLC,165000.000000
2023,4,86642,National Association of Federally-Insured Credit Unions,50000.000000
2024,3,86642,National Association of Federally-Insured Credit Unions,50000.000000
2024,4,87583,American Cancer Society Cancer Action Network Inc.,556000.000000
2010,2,91032,Bayer Corp.,487335.000000
2011,1,91032,Bayer Corp.,805000.000000
2011,4,91032,Bayer Corp.,695000.000000
2012,3,91032,Bayer Corp.,680000.000000
2013,2,91032,Bayer Corp.,545000.000000
2014,1,91032,Bayer Corp.,447000.000000
2020,4,92776,Philips Electronics North America Corp.,225000.000000
2021,3,92776,Philips Electronics North America Corp.,540000.000000
2022,2,92776,Philips Electronics North America Corp.,870000.000000
2023,1,92776,Philips Electronics North America Corp.,550000.000000
2023,4,92776,Philips Electronics North America Corp.,630000.000000
2024,3,92776,Philips Electronics North America Corp.,480000.000000
2010,3,93809,Aerospace Industries Association of America Inc.,213684.000000
2011,2,93809,Aerospace Industries Association of America Inc.,164972.000000
2012,1,93809,Aerospace Industries Association of America Inc.,620449.000000
2012,4,93809,Aerospace Industries Association of America Inc.,850000.000000
2013,3,93809,Aerospace Industries Association of America Inc.,280000.000000
2014,2,93809,Aerospace Industries Association of America Inc.,310000.000000
2015,1,93809,Aerospace Industries Association of America Inc.,260000.000000
2020,4,99896,Mercedes-Benz USA LLC,130000.000000
2021,3,99896,Mercedes-Benz USA LLC,300000.000000
2022,2,99896,Mercedes-Benz USA LLC,60000.000000
2023,1,99896,Mercedes-Benz USA LLC,390000.000000
2023,4,99896,Mercedes-Benz USA LLC,130000.000000
2024,3,99896,Mercedes-Benz USA LLC,130000.000000
2010,3,101822,NACS,345000.000000
2011,2,101822,NACS,385000.000000
2012,1,101822,NACS,565000.000000
2014,4,104372,Independent Community Bankers of America,513333.333333
2015,3,104372,Independent Community Bankers of America,380000.000000
2016,2,104372,Independent Community Bankers of America,603333.333333
2017,1,104372,Independent Community Bankers of America,410000.000000
2017,4,104372,Independent Community Bankers of America,483333.333333
2018,3,104372,Independent Community Bankers of America,333333.333333
2019,2,104372,Independent Community Bankers of America,686666.666666
2020,1,104372,Independent Community Bankers of America,570000.000000
2020,4,104372,Independent Community Bankers of America,585000.000000
2021,3,104372,Independent Community Bankers of America,575000.000000
2022,2,104372,Independent Community Bankers of America,1025000.000000
2023,1,104372,Independent Community Bankers of America,548000.000000
2013,1,104549,Primerica Life Insurance Co.,270000.000000
2014,4,145134,MacAndrews South Corp.,300000.000000
2015,3,145134,MacAndrews South Corp.,430000.000000
2016,2,145134,MacAndrews South Corp.,270000.000000
2017,1,145134,MacAndrews South Corp.,670000.000000
2017,4,145134,MacAndrews South Corp.,420000.000000
2018,3,145134,MacAndrews South Corp.,600000.000000
2019,2,145134,MacAndrews South Corp.,560000.000000
2020,1,145134,MacAndrews South Corp.,470000.000000
2010,1,147733,Financial Services Roundtable,471666.666666
2012,4,154002,Lorillard Tobacco Co.,490000.000000
2013,3,154002,Lorillard Tobacco Co.,730000.000000
2014,2,154002,Lorillard Tobacco Co.,550000.000000
2021,4,154499,American Electric Power Co. Inc.,913594.500000
2022,3,154499,American Electric Power Co. Inc.,933595.500000
2023,2,154499,American Electric Power Co. Inc.,519885.750000
2024,1,154499,American Electric Power Co. Inc.,632281.500000
2024,4,154499,American Electric Power Co. Inc.,282697.400000
2020,3,86642,National Association of Federally-Insured Credit Unions,355000.000000
2021,2,86642,National Association of Federally-Insured Credit Unions,365000.000000
2022,1,86642,National Association of Federally-Insured Credit Unions,660000.000000
2022,4,86642,National Association of Federally-Insured Credit Unions,910000.000000
2023,3,86642,National Association of Federally-Insured Credit Unions,505000.000000
2024,2,86642,National Association of Federally-Insured Credit Unions,50000.000000
2012,4,87583,American Cancer Society Cancer Action Network Inc.,291666.666666
2013,3,87583,American Cancer Society Cancer Action Network Inc.,418333.333333
2014,2,87583,American Cancer Society Cancer Action Network Inc.,260625.000000
2015,1,87583,American Cancer Society Cancer Action Network Inc.,565000.000000
2015,4,87583,American Cancer Society Cancer Action Network Inc.,1000000.000000
2016,3,87583,American Cancer Society Cancer Action Network Inc.,620000.000000
2017,2,87583,American Cancer Society Cancer Action Network Inc.,370000.000000
2018,1,87583,American Cancer Society Cancer Action Network Inc.,256666.666666
2018,4,87583,American Cancer Society Cancer Action Network Inc.,576903.333333
2019,3,87583,American Cancer Society Cancer Action Network Inc.,450000.000000
2020,2,87583,American Cancer Society Cancer Action Network Inc.,270000.000000
2021,1,87583,American Cancer Society Cancer Action Network Inc.,150000.000000
2021,4,87583,American Cancer Society Cancer Action Network Inc.,436250.000000
2022,3,87583,American Cancer Society Cancer Action Network Inc.,345000.000000
2023,2,87583,American Cancer Society Cancer Action Network Inc.,374000.000000
2024,1,87583,American Cancer Society Cancer Action Network Inc.,576000.000000
2014,4,91032,Bayer Corp.,282000.000000
2015,3,91032,Bayer Corp.,382000.000000
2016,2,91032,Bayer Corp.,356000.000000
2017,1,91032,Bayer Corp.,593000.000000
2017,4,91032,Bayer Corp.,450833.333333
2018,3,91032,Bayer Corp.,271428.571428
2019,2,91032,Bayer Corp.,330555.555555
2020,1,91032,Bayer Corp.,323571.428571
2020,4,91032,Bayer Corp.,237857.142857
2021,3,91032,Bayer Corp.,257857.142857
2022,2,91032,Bayer Corp.,252142.857142
2023,1,91032,Bayer Corp.,327142.857142
2023,4,91032,Bayer Corp.,418333.333333
2024,3,91032,Bayer Corp.,390000.000000
2010,3,92776,Philips Electronics North America Corp.,230000.000000
2011,2,92776,Philips Electronics North America Corp.,360000.000000
2012,1,92776,Philips Electronics North America Corp.,740000.000000
2010,1,93809,Aerospace Industries Association of America Inc.,215334.000000
2010,4,93809,Aerospace Industries Association of America Inc.,211689.000000
2011,3,93809,Aerospace Industries Association of America Inc.,886814.000000
2012,2,93809,Aerospace Industries Association of America Inc.,578055.000000
2013,1,93809,Aerospace Industries Association of America Inc.,410000.000000
2013,4,93809,Aerospace Industries Association of America Inc.,480000.000000
2014,3,93809,Aerospace Industries Association of America Inc.,400000.000000
2015,2,93809,Aerospace Industries Association of America Inc.,320000.000000
2016,1,93809,Aerospace Industries Association of America Inc.,470000.000000
2016,4,93809,Aerospace Industries Association of America Inc.,530000.000000
2017,3,93809,Aerospace Industries Association of America Inc.,470000.000000
2018,2,93809,Aerospace Industries Association of America Inc.,400000.000000
2019,1,93809,Aerospace Industries Association of America Inc.,530000.000000
2010,3,99896,Mercedes-Benz USA LLC,740000.000000
2011,2,99896,Mercedes-Benz USA LLC,300000.000000
2012,1,99896,Mercedes-Benz USA LLC,260000.000000
2021,3,255640,Gila River Indian Community,890000.000000
2022,2,255640,Gila River Indian Community,860000.000000
2023,1,255640,Gila River Indian Community,760000.000000
2019,4,263701,SB Group US Inc.,480000.000000
2020,3,263701,SB Group US Inc.,450000.000000
2021,2,263701,SB Group US Inc.,313333.333333
2022,1,263701,SB Group US Inc.,406666.666666
2019,3,273100,HCA Healthcare Inc.,440000.000000
2020,2,273100,HCA Healthcare Inc.,260000.000000
2021,1,273100,HCA Healthcare Inc.,980000.000000
2021,4,273100,HCA Healthcare Inc.,420000.000000
2022,3,273100,HCA Healthcare Inc.,730000.000000
2023,2,273100,HCA Healthcare Inc.,1100000.000000
2024,1,273100,HCA Healthcare Inc.,930000.000000
2015,3,275945,Baxalta US Inc.,330000.000000
2020,1,289768,Alliance for Automotive Innovation,281709.500000
2020,4,289768,Alliance for Automotive Innovation,303481.750000
2021,3,289768,Alliance for Automotive Innovation,305062.500000
2022,2,289768,Alliance for Automotive Innovation,329766.500000
2023,1,289768,Alliance for Automotive Innovation,354165.250000
2023,4,289768,Alliance for Automotive Innovation,379975.750000
2024,3,289768,Alliance for Automotive Innovation,439115.000000
2024,4,291370,Taiwan Semiconductor Manufacturing Co. Ltd.,540000.000000
2020,4,301050,Zamzam Consulting LLC,0.000000
2021,3,301050,Zamzam Consulting LLC,0.000000
2022,2,301050,Zamzam Consulting LLC,0.000000
2023,1,301050,Zamzam Consulting LLC,0.000000
2021,3,305212,Renewable Energy Aggregators Inc.,230000.000000
2022,2,305212,Renewable Energy Aggregators Inc.,630000.000000
2023,1,305212,Renewable Energy Aggregators Inc.,630000.000000
2023,4,305212,Renewable Energy Aggregators Inc.,200000.000000
2010,3,315362,National Federation of Independent Business Inc.,685000.000000
2011,2,315362,National Federation of Independent Business Inc.,420000.000000
2012,1,315362,National Federation of Independent Business Inc.,233333.333333
2012,4,315362,National Federation of Independent Business Inc.,198250.000000
2013,3,315362,National Federation of Independent Business Inc.,216500.000000
2014,2,315362,National Federation of Independent Business Inc.,247500.000000
2015,1,315362,National Federation of Independent Business Inc.,226500.000000
2019,4,316850,AHIP,368571.428571
2020,3,316850,AHIP,323125.000000
2021,2,316850,AHIP,356875.000000
2022,1,316850,AHIP,561666.666666
2022,4,316850,AHIP,322222.222222
2023,3,316850,AHIP,395555.555555
2024,2,316850,AHIP,318888.888888
2015,4,320046,Pharmaceutical Care Management Association,163851.000000
2016,3,320046,Pharmaceutical Care Management Association,251194.666666
2017,2,320046,Pharmaceutical Care Management Association,238383.250000
2018,1,320046,Pharmaceutical Care Management Association,232889.250000
2018,4,320046,Pharmaceutical Care Management Association,180361.500000
2019,3,320046,Pharmaceutical Care Management Association,241133.750000
2020,2,320046,Pharmaceutical Care Management Association,431151.000000
2021,1,320046,Pharmaceutical Care Management Association,830290.666666
2021,4,320046,Pharmaceutical Care Management Association,682968.000000
2022,3,320046,Pharmaceutical Care Management Association,514252.000000
2023,2,320046,Pharmaceutical Care Management Association,710258.400000
2024,1,320046,Pharmaceutical Care Management Association,719114.571428
2024,4,320046,Pharmaceutical Care Management Association,1048442.600000
2022,4,324505,Partnership to Address Global Emissions Inc.,580000.000000
2023,3,324505,Partnership to Address Global Emissions Inc.,640000.000000
2024,2,324505,Partnership to Address Global Emissions Inc.,480000.000000
2010,1,325634,Amazon Corporate LLC,285000.000000
2012,2,154499,American Electric Power Co. Inc.,541475.750000
2013,1,154499,American Electric Power Co. Inc.,555901.500000
2013,4,154499,American Electric Power Co. Inc.,596199.750000
2014,3,154499,American Electric Power Co. Inc.,378715.000000
2015,2,154499,American Electric Power Co. Inc.,521326.000000
2016,1,154499,American Electric Power Co. Inc.,523159.000000
2014,4,155701,"American Federation of State, County and Municipal Employees",490000.000000
2015,3,155701,"American Federation of State, County and Municipal Employees",610000.000000
2016,2,155701,"American Federation of State, County and Municipal Employees",660000.000000
2017,1,155701,"American Federation of State, County and Municipal Employees",630000.000000
2017,4,155701,"American Federation of State, County and Municipal Employees",560000.000000
2018,3,155701,"American Federation of State, County and Municipal Employees",550000.000000
2019,2,155701,"American Federation of State, County and Municipal Employees",600000.000000
2020,1,155701,"American Federation of State, County and Municipal Employees",670000.000000
2020,4,155701,"American Federation of State, County and Municipal Employees",530000.000000
2021,3,155701,"American Federation of State, County and Municipal Employees",570000.000000
2022,2,155701,"American Federation of State, County and Municipal Employees",510000.000000
2023,1,155701,"American Federation of State, County and Municipal Employees",490000.000000
2023,4,155701,"American Federation of State, County and Municipal Employees",610000.000000
2024,3,155701,"American Federation of State, County and Municipal Employees",720000.000000
2010,3,159586,Talecris Biotherapeutics Inc.,535000.000000
2011,2,159586,Talecris Biotherapeutics Inc.,325000.000000
2024,4,166177,Nucor Public Affairs Inc.,360000.000000
2016,4,175545,National Association of Manufacturers,880000.000000
2017,3,175545,National Association of Manufacturers,655000.000000
2018,2,175545,National Association of Manufacturers,895000.000000
2019,1,175545,National Association of Manufacturers,1150000.000000
2019,4,175545,National Association of Manufacturers,4190000.000000
2020,3,175545,National Association of Manufacturers,1130000.000000
2021,2,175545,National Association of Manufacturers,5490000.000000
2022,1,175545,National Association of Manufacturers,890000.000000
2022,4,175545,National Association of Manufacturers,2640000.000000
2023,3,175545,National Association of Manufacturers,2060000.000000
2024,2,175545,National Association of Manufacturers,1850000.000000
2017,4,206073,U.S. Chamber of Commerce,1712000.000000
2018,3,206073,U.S. Chamber of Commerce,1780500.000000
2019,2,206073,U.S. Chamber of Commerce,1277000.000000
2020,1,206073,U.S. Chamber of Commerce,2661666.666666
2020,4,206073,U.S. Chamber of Commerce,4470000.000000
2021,3,206073,U.S. Chamber of Commerce,2753333.333333
2022,2,206073,U.S. Chamber of Commerce,2671000.000000
2023,1,206073,U.S. Chamber of Commerce,4690000.000000
2023,4,206073,U.S. Chamber of Commerce,4795000.000000
2024,3,206073,U.S. Chamber of Commerce,4933333.333333
2014,4,206206,Northrop Grumman Corp.,196818.181818
2015,3,206206,Northrop Grumman Corp.,207291.666666
2016,2,206206,Northrop Grumman Corp.,242500.000000
2017,1,206206,Northrop Grumman Corp.,473750.000000
2017,4,206206,Northrop Grumman Corp.,333750.000000
2018,3,206206,Northrop Grumman Corp.,297350.000000
2019,2,206206,Northrop Grumman Corp.,340833.333333
2020,1,206206,Northrop Grumman Corp.,644687.500000
2020,4,206206,Northrop Grumman Corp.,412500.000000
2021,3,206206,Northrop Grumman Corp.,395500.000000
2022,2,206206,Northrop Grumman Corp.,457500.000000
2023,1,206206,Northrop Grumman Corp.,887500.000000
2021,1,243759,Pacific Gas and Electric Co.,176666.666666
2021,4,243759,Pacific Gas and Electric Co.,120714.285714
2022,3,243759,Pacific Gas and Electric Co.,167142.857142
2023,2,243759,Pacific Gas and Electric Co.,310000.000000
2024,1,243759,Pacific Gas and Electric Co.,457500.000000
2024,4,243759,Pacific Gas and Electric Co.,320000.000000
2021,4,244645,Hikvision USA Inc.,500000.000000
2010,1,252337,U.S. Chamber of Commerce Institute for Legal Reform,438357.142857
2010,4,252337,U.S. Chamber of Commerce Institute for Legal Reform,1067500.000000
2011,3,252337,U.S. Chamber of Commerce Institute for Legal Reform,321000.000000
2012,2,252337,U.S. Chamber of Commerce Institute for Legal Reform,457666.666666
2013,1,252337,U.S. Chamber of Commerce Institute for Legal Reform,491071.428571
2023,4,255640,Gila River Indian Community,720000.000000
2024,3,255640,Gila River Indian Community,690000.000000
2013,4,260497,Qualcomm Inc.,515000.000000
2014,3,260497,Qualcomm Inc.,248750.000000
2015,2,260497,Qualcomm Inc.,502500.000000
2016,1,260497,Qualcomm Inc.,374285.714285
2016,4,260497,Qualcomm Inc.,302857.142857
2017,3,260497,Qualcomm Inc.,436250.000000
2018,2,260497,Qualcomm Inc.,435000.000000
2019,1,260497,Qualcomm Inc.,485555.555555
2019,4,260497,Qualcomm Inc.,427500.000000
2020,3,260497,Qualcomm Inc.,407500.000000
2021,2,260497,Qualcomm Inc.,424000.000000
2022,1,260497,Qualcomm Inc.,578750.000000
2022,4,260497,Qualcomm Inc.,541250.000000
2023,3,260497,Qualcomm Inc.,328888.888888
2024,2,260497,Qualcomm Inc.,363333.333333
2024,4,273100,HCA Healthcare Inc.,700000.000000
2020,4,297638,New California Republic Co.,3253844.000000
2015,4,315362,National Federation of Independent Business Inc.,225000.000000
2016,3,315362,National Federation of Independent Business Inc.,310000.000000
2017,2,315362,National Federation of Independent Business Inc.,403333.333333
2018,1,315362,National Federation of Independent Business Inc.,630000.000000
2018,4,315362,National Federation of Independent Business Inc.,585000.000000
2019,3,315362,National Federation of Independent Business Inc.,413333.333333
2020,2,315362,National Federation of Independent Business Inc.,417000.000000
2021,1,315362,National Federation of Independent Business Inc.,465000.000000
2021,4,315362,National Federation of Independent Business Inc.,260000.000000
2022,3,315362,National Federation of Independent Business Inc.,340000.000000
2023,2,315362,National Federation of Independent Business Inc.,570000.000000
2024,1,315362,National Federation of Independent Business Inc.,648000.000000
2024,4,315362,National Federation of Independent Business Inc.,1205921.000000
2010,2,316850,AHIP,315625.000000
2011,1,316850,AHIP,365714.285714
2011,4,316850,AHIP,425714.285714
2012,3,316850,AHIP,368750.000000
2013,2,316850,AHIP,302500.000000
2014,1,316850,AHIP,341250.000000
2013,4,325634,Amazon Corporate LLC,336666.666666
2014,3,325634,Amazon Corporate LLC,605000.000000
2015,2,325634,Amazon Corporate LLC,2150000.000000
2016,1,325634,Amazon Corporate LLC,2650000.000000
2016,4,325634,Amazon Corporate LLC,2660000.000000
2017,3,325634,Amazon Corporate LLC,3410000.000000
2018,2,325634,Amazon Corporate LLC,611666.666666
2019,1,325634,Amazon Corporate LLC,590000.000000
2019,4,325634,Amazon Corporate LLC,743333.333333
2020,3,325634,Amazon Corporate LLC,778333.333333
2021,2,325634,Amazon Corporate LLC,734285.714285
2022,1,325634,Amazon Corporate LLC,873333.333333
2022,4,325634,Amazon Corporate LLC,730000.000000
2023,3,325634,Amazon Corporate LLC,670000.000000
2024,2,325634,Amazon Corporate LLC,786666.666666
2023,1,333209,Community News Media LLC,480000.000000
2019,2,341815,ByteDance Inc.,0.000000
2018,2,155701,"American Federation of State, County and Municipal Employees",580000.000000
2019,1,155701,"American Federation of State, County and Municipal Employees",590000.000000
2019,4,155701,"American Federation of State, County and Municipal Employees",560000.000000
2020,3,155701,"American Federation of State, County and Municipal Employees",590000.000000
2021,2,155701,"American Federation of State, County and Municipal Employees",570000.000000
2022,1,155701,"American Federation of State, County and Municipal Employees",590000.000000
2010,4,159586,Talecris Biotherapeutics Inc.,440000.000000
2015,4,159844,Occidental Petroleum Corp.,496397.666666
2016,3,159844,Occidental Petroleum Corp.,443999.000000
2017,2,159844,Occidental Petroleum Corp.,255237.500000
2018,1,159844,Occidental Petroleum Corp.,354465.250000
2018,4,159844,Occidental Petroleum Corp.,365117.500000
2019,3,159844,Occidental Petroleum Corp.,510924.250000
2020,2,159844,Occidental Petroleum Corp.,250000.000000
2021,1,159844,Occidental Petroleum Corp.,643333.333333
2021,4,159844,Occidental Petroleum Corp.,872000.000000
2022,3,159844,Occidental Petroleum Corp.,543600.000000
2023,2,159844,Occidental Petroleum Corp.,615000.000000
2024,1,159844,Occidental Petroleum Corp.,407000.000000
2024,4,159844,Occidental Petroleum Corp.,697500.000000
2020,4,166177,Nucor Public Affairs Inc.,470000.000000
2021,3,166177,Nucor Public Affairs Inc.,520000.000000
2022,2,166177,Nucor Public Affairs Inc.,560000.000000
2023,1,166177,Nucor Public Affairs Inc.,830000.000000
2023,4,166177,Nucor Public Affairs Inc.,510000.000000
2024,3,166177,Nucor Public Affairs Inc.,460000.000000
2012,4,175545,National Association of Manufacturers,2060000.000000
2013,3,175545,National Association of Manufacturers,990000.000000
2014,2,175545,National Association of Manufacturers,853333.333333
2015,1,175545,National Association of Manufacturers,1363333.333333
2015,4,175545,National Association of Manufacturers,600000.000000
2016,3,175545,National Association of Manufacturers,1410000.000000
2017,2,175545,National Association of Manufacturers,865000.000000
2018,1,175545,National Association of Manufacturers,1004024.000000
2018,4,175545,National Association of Manufacturers,1420000.000000
2019,3,175545,National Association of Manufacturers,1015000.000000
2020,2,175545,National Association of Manufacturers,3420000.000000
2021,1,175545,National Association of Manufacturers,2220000.000000
2021,4,175545,National Association of Manufacturers,2215000.000000
2022,3,175545,National Association of Manufacturers,2125000.000000
2023,2,175545,National Association of Manufacturers,3140000.000000
2024,1,175545,National Association of Manufacturers,780000.000000
2012,3,202278,Phillips 66 Co.,320000.000000
2013,2,202278,Phillips 66 Co.,550000.000000
2014,1,202278,Phillips 66 Co.,1340000.000000
2013,4,206073,U.S. Chamber of Commerce,1130000.000000
2014,3,206073,U.S. Chamber of Commerce,2062321.428571
2015,2,206073,U.S. Chamber of Commerce,1409230.769230
2016,1,206073,U.S. Chamber of Commerce,1774444.444444
2016,4,206073,U.S. Chamber of Commerce,2104444.444444
2017,3,206073,U.S. Chamber of Commerce,1337000.000000
2018,2,206073,U.S. Chamber of Commerce,1552000.000000
2019,1,206073,U.S. Chamber of Commerce,1667000.000000
2019,4,206073,U.S. Chamber of Commerce,1715000.000000
2020,3,206073,U.S. Chamber of Commerce,4022000.000000
2021,2,206073,U.S. Chamber of Commerce,1956666.666666
2022,1,206073,U.S. Chamber of Commerce,3146666.666666
2022,4,206073,U.S. Chamber of Commerce,3516666.666666
2023,3,206073,U.S. Chamber of Commerce,3422500.000000
2024,2,206073,U.S. Chamber of Commerce,4660000.000000
2018,4,206206,Northrop Grumman Corp.,346833.333333
2010,2,155701,"American Federation of State, County and Municipal Employees",750000.000000
2011,1,155701,"American Federation of State, County and Municipal Employees",670000.000000
2011,4,155701,"American Federation of State, County and Municipal Employees",760000.000000
2012,3,155701,"American Federation of State, County and Municipal Employees",670000.000000
2013,2,155701,"American Federation of State, County and Municipal Employees",700000.000000
2014,1,155701,"American Federation of State, County and Municipal Employees",680000.000000
2010,1,159844,Occidental Petroleum Corp.,321237.500000
2010,4,159844,Occidental Petroleum Corp.,375908.000000
2011,3,159844,Occidental Petroleum Corp.,551402.000000
2012,2,159844,Occidental Petroleum Corp.,843031.000000
2013,1,159844,Occidental Petroleum Corp.,1066754.000000
2013,4,159844,Occidental Petroleum Corp.,1411819.500000
2014,3,159844,Occidental Petroleum Corp.,1642966.500000
2015,2,159844,Occidental Petroleum Corp.,555700.500000
2016,1,159844,Occidental Petroleum Corp.,341499.250000
2016,4,159844,Occidental Petroleum Corp.,338598.666666
2017,3,159844,Occidental Petroleum Corp.,347346.000000
2018,2,159844,Occidental Petroleum Corp.,669078.000000
2019,1,159844,Occidental Petroleum Corp.,414588.500000
2012,4,166177,Nucor Public Affairs Inc.,350000.000000
2013,3,166177,Nucor Public Affairs Inc.,330000.000000
2014,2,166177,Nucor Public Affairs Inc.,390000.000000
2015,1,166177,Nucor Public Affairs Inc.,770000.000000
2015,4,166177,Nucor Public Affairs Inc.,500000.000000
2016,3,166177,Nucor Public Affairs Inc.,560000.000000
2017,2,166177,Nucor Public Affairs Inc.,400000.000000
2018,1,166177,Nucor Public Affairs Inc.,600000.000000
2018,4,166177,Nucor Public Affairs Inc.,500000.000000
2019,3,166177,Nucor Public Affairs Inc.,450000.000000
2020,2,166177,Nucor Public Affairs Inc.,550000.000000
2021,1,166177,Nucor Public Affairs Inc.,490000.000000
2021,4,166177,Nucor Public Affairs Inc.,590000.000000
2022,3,166177,Nucor Public Affairs Inc.,770000.000000
2023,2,166177,Nucor Public Affairs Inc.,600000.000000
2024,1,166177,Nucor Public Affairs Inc.,410000.000000
2010,2,171727,"Satterwhite, Johnny Sr.",100000.000000
2011,1,171727,"Satterwhite, Johnny Sr.",0.000000
2010,1,175545,National Association of Manufacturers,1190000.000000
2010,4,175545,National Association of Manufacturers,1570000.000000
2011,3,175545,National Association of Manufacturers,2320000.000000
2012,2,175545,National Association of Manufacturers,2400000.000000
2013,1,175545,National Association of Manufacturers,1000000.000000
2013,4,175545,National Association of Manufacturers,850000.000000
2014,3,175545,National Association of Manufacturers,1493333.333333
2015,2,175545,National Association of Manufacturers,1680000.000000
2016,1,175545,National Association of Manufacturers,650004.666666
2010,4,190535,Naturgy Energy Group SA,250000.000000
2012,2,202278,Phillips 66 Co.,80000.000000
2013,1,202278,Phillips 66 Co.,440000.000000
2013,4,202278,Phillips 66 Co.,575000.000000
2014,3,202278,Phillips 66 Co.,450000.000000
2015,2,202278,Phillips 66 Co.,195000.000000
2016,1,202278,Phillips 66 Co.,805000.000000
2016,4,202278,Phillips 66 Co.,526666.666666
2017,3,202278,Phillips 66 Co.,303333.333333
2018,2,202278,Phillips 66 Co.,160000.000000
2019,1,202278,Phillips 66 Co.,535000.000000
2019,4,202278,Phillips 66 Co.,530000.000000
2020,3,202278,Phillips 66 Co.,290000.000000
2021,2,202278,Phillips 66 Co.,265000.000000
2022,1,202278,Phillips 66 Co.,625000.000000
2010,2,206073,U.S. Chamber of Commerce,681800.000000
2011,1,206073,U.S. Chamber of Commerce,602894.736842
2011,4,206073,U.S. Chamber of Commerce,813222.222222
2012,3,206073,U.S. Chamber of Commerce,2138666.666666
2020,1,341815,ByteDance Inc.,120000.000000
2020,4,341815,ByteDance Inc.,270000.000000
2021,3,341815,ByteDance Inc.,403333.333333
2022,2,341815,ByteDance Inc.,565000.000000
2023,1,341815,ByteDance Inc.,430000.000000
2023,4,341815,ByteDance Inc.,367500.000000
2024,3,341815,ByteDance Inc.,700000.000000
2024,4,353420,America's Credit Unions,410000.000000
2010,4,325634,Amazon Corporate LLC,280000.000000
2011,3,325634,Amazon Corporate LLC,240000.000000
2012,2,325634,Amazon Corporate LLC,266666.666666
2013,1,325634,Amazon Corporate LLC,302277.000000
2024,2,332893,Gotion Inc.,405000.000000
2010,3,334449,General Electric Co.,519285.714285
2011,2,334449,General Electric Co.,441578.947368
2012,1,334449,General Electric Co.,411562.500000
2012,4,334449,General Electric Co.,396666.666666
2013,3,334449,General Electric Co.,272500.000000
2014,2,334449,General Electric Co.,241250.000000
2015,1,334449,General Electric Co.,528863.636363
2015,4,334449,General Electric Co.,530833.333333
2016,3,334449,General Electric Co.,248571.428571
2017,2,334449,General Electric Co.,293142.857142
2018,1,334449,General Electric Co.,235714.285714
2010,3,341619,BlackRock Funds Services Group LLC,340000.000000
2011,2,341619,BlackRock Funds Services Group LLC,640000.000000
2012,1,341619,BlackRock Funds Services Group LLC,600000.000000
2012,4,341619,BlackRock Funds Services Group LLC,520000.000000
2013,3,341619,BlackRock Funds Services Group LLC,700000.000000
2014,2,341619,BlackRock Funds Services Group LLC,630000.000000
2015,1,341619,BlackRock Funds Services Group LLC,630000.000000
2015,4,341619,BlackRock Funds Services Group LLC,590000.000000
2016,3,341619,BlackRock Funds Services Group LLC,590000.000000
2017,2,341619,BlackRock Funds Services Group LLC,630000.000000
2018,1,341619,BlackRock Funds Services Group LLC,580000.000000
2024,4,352069,Lullwater Holdings LLC,350000.000000
2024,1,353420,America's Credit Unions,852000.000000
2023,4,104372,Independent Community Bankers of America,580772.500000
2024,3,104372,Independent Community Bankers of America,736305.000000
2013,2,104549,Primerica Life Insurance Co.,260000.000000
2014,1,104549,Primerica Life Insurance Co.,220000.000000
2014,4,104549,Primerica Life Insurance Co.,190000.000000
2015,3,104549,Primerica Life Insurance Co.,720000.000000
2016,2,104549,Primerica Life Insurance Co.,300000.000000
2017,1,104549,Primerica Life Insurance Co.,500000.000000
2010,4,145134,MacAndrews South Corp.,280000.000000
2011,3,145134,MacAndrews South Corp.,260000.000000
2012,2,145134,MacAndrews South Corp.,290000.000000
2013,1,145134,MacAndrews South Corp.,280000.000000
2013,4,145134,MacAndrews South Corp.,280000.000000
2014,3,145134,MacAndrews South Corp.,300000.000000
2015,2,145134,MacAndrews South Corp.,390000.000000
2016,1,145134,MacAndrews South Corp.,310000.000000
2016,4,145134,MacAndrews South Corp.,410000.000000
2017,3,145134,MacAndrews South Corp.,460000.000000
2018,2,145134,MacAndrews South Corp.,630000.000000
2019,1,145134,MacAndrews South Corp.,780000.000000
2019,4,145134,MacAndrews South Corp.,560000.000000
2010,2,147733,Financial Services Roundtable,305000.000000
2011,1,147733,Financial Services Roundtable,642500.000000
2011,4,147733,Financial Services Roundtable,378000.000000
2012,3,147733,Financial Services Roundtable,410000.000000
2013,2,147733,Financial Services Roundtable,355000.000000
2014,1,147733,Financial Services Roundtable,462500.000000
2015,4,149687,National Rifle Association,280108.000000
2016,3,149687,National Rifle Association,268333.333333
2017,2,149687,National Rifle Association,293333.333333
2018,1,149687,National Rifle Association,465500.000000
2018,4,149687,National Rifle Association,425000.000000
2019,3,149687,National Rifle Association,380000.000000
2020,2,149687,National Rifle Association,500000.000000
2021,1,149687,National Rifle Association,830000.000000
2021,4,149687,National Rifle Association,640000.000000
2022,3,149687,National Rifle Association,540000.000000
2023,2,149687,National Rifle Association,565000.000000
2024,1,149687,National Rifle Association,540000.000000
2024,4,149687,National Rifle Association,560000.000000
2010,2,154002,Lorillard Tobacco Co.,155000.000000
2011,1,154002,Lorillard Tobacco Co.,900000.000000
2011,4,154002,Lorillard Tobacco Co.,400000.000000
2012,3,154002,Lorillard Tobacco Co.,700000.000000
2013,2,154002,Lorillard Tobacco Co.,730000.000000
2014,1,154002,Lorillard Tobacco Co.,500000.000000
2012,4,154499,American Electric Power Co. Inc.,575764.250000
2013,3,154499,American Electric Power Co. Inc.,439440.000000
2014,2,154499,American Electric Power Co. Inc.,666805.666666
2015,1,154499,American Electric Power Co. Inc.,591890.000000
2015,4,154499,American Electric Power Co. Inc.,504756.333333
2016,3,154499,American Electric Power Co. Inc.,426890.333333
2017,2,154499,American Electric Power Co. Inc.,656904.000000
2018,1,154499,American Electric Power Co. Inc.,768556.000000
2018,4,154499,American Electric Power Co. Inc.,567169.333333
2019,3,154499,American Electric Power Co. Inc.,545504.666666
2020,2,154499,American Electric Power Co. Inc.,587823.000000
2021,1,154499,American Electric Power Co. Inc.,816293.500000
2010,3,155701,"American Federation of State, County and Municipal Employees",810000.000000
2011,2,155701,"American Federation of State, County and Municipal Employees",710000.000000
2012,1,155701,"American Federation of State, County and Municipal Employees",730000.000000
2012,4,155701,"American Federation of State, County and Municipal Employees",610000.000000
2013,3,155701,"American Federation of State, County and Municipal Employees",670000.000000
2023,4,206206,Northrop Grumman Corp.,551875.000000
2024,3,206206,Northrop Grumman Corp.,434375.000000
2024,4,206789,National Association for Gun Rights,314838.000000
2014,2,212165,State of Maryland,400000.000000
2011,4,221146,AARP Inc.,479666.666666
2012,3,221146,AARP Inc.,407857.142857
2013,2,221146,AARP Inc.,433333.333333
2014,1,221146,AARP Inc.,428000.000000
2014,4,221146,AARP Inc.,458000.000000
2015,3,221146,AARP Inc.,261250.000000
2016,2,221146,AARP Inc.,275000.000000
2017,1,221146,AARP Inc.,270625.000000
2017,4,221146,AARP Inc.,331000.000000
2018,3,221146,AARP Inc.,318333.333333
2019,2,221146,AARP Inc.,301428.571428
2020,1,221146,AARP Inc.,393333.333333
2020,4,221146,AARP Inc.,428333.333333
2021,3,221146,AARP Inc.,454285.714285
2022,2,221146,AARP Inc.,407166.666666
2023,1,221146,AARP Inc.,412420.000000
2021,4,232057,Southern Co.,410000.000000
2022,3,232057,Southern Co.,252500.000000
2023,2,232057,Southern Co.,227500.000000
2024,1,232057,Southern Co.,403333.333333
2024,4,232057,Southern Co.,370000.000000
2018,4,232657,Shell USA Inc.,242500.000000
2019,3,232657,Shell USA Inc.,308333.333333
2020,2,232657,Shell USA Inc.,356000.000000
2021,1,232657,Shell USA Inc.,418000.000000
2021,4,232657,Shell USA Inc.,404000.000000
2022,3,232657,Shell USA Inc.,344000.000000
2023,2,232657,Shell USA Inc.,374000.000000
2024,1,232657,Shell USA Inc.,308333.333333
2024,4,232657,Shell USA Inc.,372000.000000
2014,4,243759,Pacific Gas and Electric Co.,211250.000000
2015,3,243759,Pacific Gas and Electric Co.,198750.000000
2016,2,243759,Pacific Gas and Electric Co.,152000.000000
2017,1,243759,Pacific Gas and Electric Co.,179166.666666
2017,4,243759,Pacific Gas and Electric Co.,196250.000000
2018,3,243759,Pacific Gas and Electric Co.,917142.857142
2019,2,243759,Pacific Gas and Electric Co.,158333.333333
2020,1,243759,Pacific Gas and Electric Co.,198333.333333
2020,4,243759,Pacific Gas and Electric Co.,169166.666666
2021,3,243759,Pacific Gas and Electric Co.,175833.333333
2022,2,243759,Pacific Gas and Electric Co.,185714.285714
2023,1,243759,Pacific Gas and Electric Co.,252000.000000
2023,4,243759,Pacific Gas and Electric Co.,397500.000000
2024,3,243759,Pacific Gas and Electric Co.,356666.666666
2018,3,244645,Hikvision USA Inc.,210000.000000
2019,2,244645,Hikvision USA Inc.,500000.000000
2020,1,244645,Hikvision USA Inc.,500000.000000
2020,4,244645,Hikvision USA Inc.,500000.000000
2021,3,244645,Hikvision USA Inc.,500000.000000
2022,2,244645,Hikvision USA Inc.,342500.000000
2010,3,260497,Qualcomm Inc.,298571.428571
2011,2,260497,Qualcomm Inc.,427142.857142
2012,1,260497,Qualcomm Inc.,292857.142857
2012,4,260497,Qualcomm Inc.,322857.142857
2013,3,260497,Qualcomm Inc.,370000.000000
2014,2,260497,Qualcomm Inc.,336250.000000
2015,1,260497,Qualcomm Inc.,435000.000000
2015,4,260497,Qualcomm Inc.,423333.333333
2016,3,260497,Qualcomm Inc.,291428.571428
2017,2,260497,Qualcomm Inc.,380375.000000
2018,1,260497,Qualcomm Inc.,403333.333333
2018,4,260497,Qualcomm Inc.,422500.000000
2019,3,260497,Qualcomm Inc.,430000.000000
2020,2,260497,Qualcomm Inc.,458750.000000
2021,1,260497,Qualcomm Inc.,555000.000000
2020,1,291370,Taiwan Semiconductor Manufacturing Co. Ltd.,478000.000000
2019,4,315362,National Federation of Independent Business Inc.,396666.666666
2020,3,315362,National Federation of Independent Business Inc.,416500.000000
2021,2,315362,National Federation of Independent Business Inc.,286666.666666
2022,1,315362,National Federation of Independent Business Inc.,396666.666666
2022,4,315362,National Federation of Independent Business Inc.,315000.000000
2023,3,315362,National Federation of Independent Business Inc.,625000.000000
2014,2,155701,"American Federation of State, County and Municipal Employees",670000.000000
2015,1,155701,"American Federation of State, County and Municipal Employees",620000.000000
2015,4,155701,"American Federation of State, County and Municipal Employees",640000.000000
2016,3,155701,"American Federation of State, County and Municipal Employees",620000.000000
2017,2,155701,"American Federation of State, County and Municipal Employees",650000.000000
2018,1,155701,"American Federation of State, County and Municipal Employees",600000.000000
2019,4,159844,Occidental Petroleum Corp.,717500.000000
2020,3,159844,Occidental Petroleum Corp.,330000.000000
2021,2,159844,Occidental Petroleum Corp.,502500.000000
2022,1,159844,Occidental Petroleum Corp.,752500.000000
2022,4,159844,Occidental Petroleum Corp.,855200.000000
2023,3,159844,Occidental Petroleum Corp.,441000.000000
2024,2,159844,Occidental Petroleum Corp.,447500.000000
2016,4,166177,Nucor Public Affairs Inc.,510000.000000
2017,3,166177,Nucor Public Affairs Inc.,500000.000000
2018,2,166177,Nucor Public Affairs Inc.,480000.000000
2019,1,166177,Nucor Public Affairs Inc.,460000.000000
2019,4,166177,Nucor Public Affairs Inc.,390000.000000
2020,3,166177,Nucor Public Affairs Inc.,480000.000000
2021,2,166177,Nucor Public Affairs Inc.,710000.000000
2022,1,166177,Nucor Public Affairs Inc.,560000.000000
2022,4,166177,Nucor Public Affairs Inc.,770000.000000
2023,3,166177,Nucor Public Affairs Inc.,700000.000000
2024,2,166177,Nucor Public Affairs Inc.,370000.000000
2011,4,175545,National Association of Manufacturers,2090000.000000
2012,3,175545,National Association of Manufacturers,2980000.000000
2013,2,175545,National Association of Manufacturers,985000.000000
2014,1,175545,National Association of Manufacturers,2040000.000000
2014,4,175545,National Association of Manufacturers,1250000.000000
2015,3,175545,National Association of Manufacturers,2056666.666666
2016,2,175545,National Association of Manufacturers,995000.000000
2017,1,175545,National Association of Manufacturers,1330000.000000
2017,4,175545,National Association of Manufacturers,1200000.000000
2018,3,175545,National Association of Manufacturers,1425000.000000
2019,2,175545,National Association of Manufacturers,950000.000000
2020,1,175545,National Association of Manufacturers,3368000.000000
2012,4,202278,Phillips 66 Co.,1110000.000000
2013,3,202278,Phillips 66 Co.,390000.000000
2014,2,202278,Phillips 66 Co.,600000.000000
2015,1,202278,Phillips 66 Co.,815000.000000
2015,4,202278,Phillips 66 Co.,905000.000000
2016,3,202278,Phillips 66 Co.,395000.000000
2017,2,202278,Phillips 66 Co.,273333.333333
2018,1,202278,Phillips 66 Co.,616666.666666
2010,3,206073,U.S. Chamber of Commerce,1979133.333333
2011,2,206073,U.S. Chamber of Commerce,480950.000000
2012,1,206073,U.S. Chamber of Commerce,1150833.333333
2012,4,206073,U.S. Chamber of Commerce,1871375.000000
2013,3,206073,U.S. Chamber of Commerce,741235.294117
2014,2,206073,U.S. Chamber of Commerce,1473600.000000
2015,1,206073,U.S. Chamber of Commerce,1180833.333333
2015,4,206073,U.S. Chamber of Commerce,1666666.666666
2016,3,206073,U.S. Chamber of Commerce,2076666.666666
2017,2,206073,U.S. Chamber of Commerce,1194000.000000
2018,1,206073,U.S. Chamber of Commerce,1560000.000000
2018,4,206073,U.S. Chamber of Commerce,1616000.000000
2019,3,206073,U.S. Chamber of Commerce,1253000.000000
2020,2,206073,U.S. Chamber of Commerce,2480000.000000
2021,1,206073,U.S. Chamber of Commerce,3456000.000000
2022,4,206206,Northrop Grumman Corp.,447500.000000
2023,3,206206,Northrop Grumman Corp.,457500.000000
2024,2,206206,Northrop Grumman Corp.,406875.000000
2016,4,206789,National Association for Gun Rights,395105.000000
2024,2,315362,National Federation of Independent Business Inc.,1261000.000000
2010,3,316850,AHIP,320625.000000
2011,2,316850,AHIP,352142.857142
2012,1,316850,AHIP,392857.142857
2012,4,316850,AHIP,292500.000000
2013,3,316850,AHIP,318750.000000
2014,2,316850,AHIP,353750.000000
2015,1,316850,AHIP,392500.000000
2010,2,320046,Pharmaceutical Care Management Association,213963.000000
2011,1,320046,Pharmaceutical Care Management Association,196030.333333
2017,4,325634,Amazon Corporate LLC,1690000.000000
2018,3,325634,Amazon Corporate LLC,643333.333333
2019,2,325634,Amazon Corporate LLC,710000.000000
2020,1,325634,Amazon Corporate LLC,765000.000000
2020,4,325634,Amazon Corporate LLC,835000.000000
2021,3,325634,Amazon Corporate LLC,831666.666666
2022,2,325634,Amazon Corporate LLC,875000.000000
2023,1,325634,Amazon Corporate LLC,707142.857142
2023,4,325634,Amazon Corporate LLC,687142.857142
2024,3,325634,Amazon Corporate LLC,771666.666666
2022,4,333209,Community News Media LLC,300000.000000
2022,4,334449,General Electric Co.,257142.857142
2023,3,334449,General Electric Co.,134285.714285
2024,2,334449,General Electric Co.,192200.000000
2024,4,336127,SPLC Action Fund,370000.000000
2022,4,341619,BlackRock Funds Services Group LLC,205000.000000
2023,3,341619,BlackRock Funds Services Group LLC,147500.000000
2024,2,341619,BlackRock Funds Services Group LLC,175000.000000
2019,1,341815,ByteDance Inc.,0.000000
2019,4,341815,ByteDance Inc.,96666.666666
2020,3,341815,ByteDance Inc.,218000.000000
2021,2,341815,ByteDance Inc.,653333.333333
2022,1,341815,ByteDance Inc.,275000.000000
2013,2,206073,U.S. Chamber of Commerce,900000.000000
2014,1,206073,U.S. Chamber of Commerce,1292000.000000
2014,4,206073,U.S. Chamber of Commerce,1802500.000000
2015,3,206073,U.S. Chamber of Commerce,1483636.363636
2016,2,206073,U.S. Chamber of Commerce,2554444.444444
2017,1,206073,U.S. Chamber of Commerce,1741000.000000
2015,4,206789,National Association for Gun Rights,290000.000000
2016,3,206789,National Association for Gun Rights,443867.000000
2017,2,206789,National Association for Gun Rights,82645.000000
2018,1,206789,National Association for Gun Rights,324904.000000
2018,4,206789,National Association for Gun Rights,326784.000000
2019,3,206789,National Association for Gun Rights,726780.000000
2020,2,206789,National Association for Gun Rights,350553.000000
2021,1,206789,National Association for Gun Rights,449747.000000
2021,4,206789,National Association for Gun Rights,288352.000000
2022,3,206789,National Association for Gun Rights,430297.000000
2023,2,206789,National Association for Gun Rights,279104.000000
2024,1,206789,National Association for Gun Rights,195023.000000
2013,4,211513,Charles Schwab Corp.,670000.000000
2014,3,211513,Charles Schwab Corp.,510000.000000
2015,2,211513,Charles Schwab Corp.,270000.000000
2016,1,211513,Charles Schwab Corp.,295000.000000
2016,4,211513,Charles Schwab Corp.,720000.000000
2017,3,211513,Charles Schwab Corp.,720000.000000
2018,2,211513,Charles Schwab Corp.,530000.000000
2019,1,211513,Charles Schwab Corp.,500000.000000
2019,4,211513,Charles Schwab Corp.,750000.000000
2020,3,211513,Charles Schwab Corp.,520000.000000
2021,2,211513,Charles Schwab Corp.,510000.000000
2022,1,211513,Charles Schwab Corp.,530000.000000
2022,4,211513,Charles Schwab Corp.,960000.000000
2023,3,211513,Charles Schwab Corp.,730000.000000
2024,2,211513,Charles Schwab Corp.,600000.000000
2014,3,213692,SoftBank Capital,750000.000000
2017,4,213715,Chevron USA Inc.,580000.000000
2018,3,213715,Chevron USA Inc.,550000.000000
2019,2,213715,Chevron USA Inc.,642500.000000
2020,1,213715,Chevron USA Inc.,650000.000000
2020,4,213715,Chevron USA Inc.,250000.000000
2021,3,213715,Chevron USA Inc.,362500.000000
2022,2,213715,Chevron USA Inc.,542500.000000
2023,1,213715,Chevron USA Inc.,520000.000000
2023,4,213715,Chevron USA Inc.,497500.000000
2024,3,213715,Chevron USA Inc.,685000.000000
2023,4,221146,AARP Inc.,496272.727272
2024,3,221146,AARP Inc.,511750.000000
2010,3,232057,Southern Co.,296136.363636
2011,2,232057,Southern Co.,227500.000000
2012,1,232057,Southern Co.,395681.818181
2012,4,232057,Southern Co.,540250.000000
2013,3,232057,Southern Co.,274250.000000
2014,2,232057,Southern Co.,269000.000000
2015,1,232057,Southern Co.,298636.363636
2015,4,232057,Southern Co.,586250.000000
2016,3,232057,Southern Co.,329090.909090
2017,2,232057,Southern Co.,314545.454545
2018,1,232057,Southern Co.,415000.000000
2018,4,232057,Southern Co.,359000.000000
2019,3,232057,Southern Co.,383333.333333
2020,2,232057,Southern Co.,220000.000000
2021,1,232057,Southern Co.,193333.333333
2010,3,232657,Shell USA Inc.,217777.777777
2011,2,232657,Shell USA Inc.,467777.777777
2012,1,232657,Shell USA Inc.,461250.000000
2012,4,232657,Shell USA Inc.,527142.857142
2013,3,232657,Shell USA Inc.,358571.428571
2014,2,232657,Shell USA Inc.,283750.000000
2015,1,232657,Shell USA Inc.,307142.857142
2015,4,232657,Shell USA Inc.,264444.444444
2016,3,232657,Shell USA Inc.,271875.000000
2017,2,232657,Shell USA Inc.,287142.857142
2018,1,232657,Shell USA Inc.,293750.000000
2010,2,243759,Pacific Gas and Electric Co.,9085000.000000
2011,1,243759,Pacific Gas and Electric Co.,430000.000000
2019,3,206206,Northrop Grumman Corp.,328611.111111
2020,2,206206,Northrop Grumman Corp.,376785.714285
2021,1,206206,Northrop Grumman Corp.,691071.428571
2021,4,206206,Northrop Grumman Corp.,429500.000000
2022,3,206206,Northrop Grumman Corp.,387500.000000
2023,2,206206,Northrop Grumman Corp.,383500.000000
2024,1,206206,Northrop Grumman Corp.,979375.000000
2024,4,206206,Northrop Grumman Corp.,406875.000000
2020,4,206789,National Association for Gun Rights,510796.000000
2021,3,206789,National Association for Gun Rights,428285.000000
2022,2,206789,National Association for Gun Rights,569237.000000
2023,1,206789,National Association for Gun Rights,401903.000000
2023,4,206789,National Association for Gun Rights,78720.000000
2024,3,206789,National Association for Gun Rights,166298.000000
2021,4,211513,Charles Schwab Corp.,820000.000000
2022,3,211513,Charles Schwab Corp.,810000.000000
2023,2,211513,Charles Schwab Corp.,600000.000000
2024,1,211513,Charles Schwab Corp.,880000.000000
2024,4,211513,Charles Schwab Corp.,990000.000000
2010,3,213715,Chevron USA Inc.,1053333.333333
2011,2,213715,Chevron USA Inc.,743333.333333
2012,1,213715,Chevron USA Inc.,1136666.666666
2012,4,213715,Chevron USA Inc.,697500.000000
2013,3,213715,Chevron USA Inc.,587500.000000
2014,2,213715,Chevron USA Inc.,772500.000000
2015,1,213715,Chevron USA Inc.,577500.000000
2015,4,213715,Chevron USA Inc.,560000.000000
2016,3,213715,Chevron USA Inc.,465000.000000
2017,2,213715,Chevron USA Inc.,520000.000000
2018,1,213715,Chevron USA Inc.,817500.000000
2018,4,213715,Chevron USA Inc.,530000.000000
2019,3,213715,Chevron USA Inc.,610000.000000
2020,2,213715,Chevron USA Inc.,418000.000000
2021,1,213715,Chevron USA Inc.,462000.000000
2015,4,221146,AARP Inc.,253750.000000
2016,3,221146,AARP Inc.,303750.000000
2017,2,221146,AARP Inc.,345625.000000
2018,1,221146,AARP Inc.,309375.000000
2018,4,221146,AARP Inc.,386666.666666
2019,3,221146,AARP Inc.,335714.285714
2020,2,221146,AARP Inc.,323333.333333
2021,1,221146,AARP Inc.,430714.285714
2021,4,221146,AARP Inc.,675000.000000
2022,3,221146,AARP Inc.,503908.300000
2023,2,221146,AARP Inc.,331583.333333
2024,1,221146,AARP Inc.,427181.818181
2024,4,221146,AARP Inc.,586500.000000
2017,4,232057,Southern Co.,350000.000000
2018,3,232057,Southern Co.,273636.363636
2019,2,232057,Southern Co.,332222.222222
2020,1,232057,Southern Co.,388888.888888
2020,4,232057,Southern Co.,324444.444444
2021,3,232057,Southern Co.,282222.222222
2022,2,232057,Southern Co.,259500.000000
2023,1,232057,Southern Co.,377500.000000
2023,4,232057,Southern Co.,330500.000000
2024,3,232057,Southern Co.,298888.888888
2014,4,232657,Shell USA Inc.,222500.000000
2015,3,232657,Shell USA Inc.,251111.111111
2016,2,232657,Shell USA Inc.,310000.000000
2017,1,232657,Shell USA Inc.,401428.571428
2017,4,232657,Shell USA Inc.,285000.000000
2018,3,232657,Shell USA Inc.,432500.000000
2019,2,232657,Shell USA Inc.,350000.000000
2020,1,232657,Shell USA Inc.,404000.000000
2020,4,232657,Shell USA Inc.,366000.000000
2021,3,232657,Shell USA Inc.,336000.000000
2022,2,232657,Shell USA Inc.,444000.000000
2023,1,232657,Shell USA Inc.,428000.000000
2023,4,232657,Shell USA Inc.,321666.666666
2024,3,232657,Shell USA Inc.,326666.666666
2018,2,244645,Hikvision USA Inc.,140000.000000
2019,1,244645,Hikvision USA Inc.,250000.000000
2019,4,244645,Hikvision USA Inc.,500000.000000
2020,3,244645,Hikvision USA Inc.,500000.000000
2021,2,244645,Hikvision USA Inc.,500000.000000
2022,1,244645,Hikvision USA Inc.,500000.000000
2015,4,255640,Gila River Indian Community,305000.000000
2016,3,255640,Gila River Indian Community,630000.000000
2017,3,206789,National Association for Gun Rights,204808.000000
2018,2,206789,National Association for Gun Rights,225012.000000
2019,1,206789,National Association for Gun Rights,287600.000000
2019,4,206789,National Association for Gun Rights,209127.000000
2020,3,206789,National Association for Gun Rights,300925.000000
2021,2,206789,National Association for Gun Rights,429328.000000
2022,1,206789,National Association for Gun Rights,153975.000000
2022,4,206789,National Association for Gun Rights,265135.000000
2023,3,206789,National Association for Gun Rights,288323.000000
2024,2,206789,National Association for Gun Rights,350294.000000
2017,4,211513,Charles Schwab Corp.,760000.000000
2018,3,211513,Charles Schwab Corp.,820000.000000
2019,2,211513,Charles Schwab Corp.,650000.000000
2020,1,211513,Charles Schwab Corp.,520000.000000
2020,4,211513,Charles Schwab Corp.,700000.000000
2021,3,211513,Charles Schwab Corp.,540000.000000
2022,2,211513,Charles Schwab Corp.,720000.000000
2023,1,211513,Charles Schwab Corp.,640000.000000
2023,4,211513,Charles Schwab Corp.,740000.000000
2024,3,211513,Charles Schwab Corp.,610000.000000
2010,2,213715,Chevron USA Inc.,1056250.000000
2011,1,213715,Chevron USA Inc.,990000.000000
2011,4,213715,Chevron USA Inc.,896666.666666
2012,3,213715,Chevron USA Inc.,525000.000000
2013,2,213715,Chevron USA Inc.,537500.000000
2014,1,213715,Chevron USA Inc.,625000.000000
2014,4,213715,Chevron USA Inc.,482500.000000
2015,3,213715,Chevron USA Inc.,430000.000000
2016,2,213715,Chevron USA Inc.,810000.000000
2017,1,213715,Chevron USA Inc.,870000.000000
2019,4,221146,AARP Inc.,452000.000000
2020,3,221146,AARP Inc.,341666.666666
2021,2,221146,AARP Inc.,415714.285714
2022,1,221146,AARP Inc.,420930.555555
2022,4,221146,AARP Inc.,488055.555555
2023,3,221146,AARP Inc.,351583.333333
2024,2,221146,AARP Inc.,546750.000000
2013,4,232057,Southern Co.,437250.000000
2014,3,232057,Southern Co.,246136.363636
2015,2,232057,Southern Co.,312500.000000
2016,1,232057,Southern Co.,376000.000000
2016,4,232057,Southern Co.,455555.555555
2017,3,232057,Southern Co.,332727.272727
2018,2,232057,Southern Co.,296000.000000
2019,1,232057,Southern Co.,377777.777777
2019,4,232057,Southern Co.,412222.222222
2020,3,232057,Southern Co.,231111.111111
2021,2,232057,Southern Co.,281111.111111
2022,1,232057,Southern Co.,242222.222222
2022,4,232057,Southern Co.,343500.000000
2023,3,232057,Southern Co.,310500.000000
2024,2,232057,Southern Co.,306666.666666
2010,4,232657,Shell USA Inc.,308750.000000
2011,3,232657,Shell USA Inc.,397777.777777
2012,2,232657,Shell USA Inc.,525714.285714
2013,1,232657,Shell USA Inc.,380000.000000
2013,4,232657,Shell USA Inc.,408571.428571
2014,3,232657,Shell USA Inc.,361428.571428
2015,2,232657,Shell USA Inc.,301111.111111
2016,1,232657,Shell USA Inc.,281111.111111
2016,4,232657,Shell USA Inc.,516000.000000
2017,3,232657,Shell USA Inc.,298571.428571
2018,2,232657,Shell USA Inc.,286250.000000
2019,1,232657,Shell USA Inc.,322000.000000
2019,4,232657,Shell USA Inc.,388333.333333
2020,3,232657,Shell USA Inc.,420000.000000
2021,2,232657,Shell USA Inc.,378000.000000
2022,1,232657,Shell USA Inc.,296000.000000
2022,4,243759,Pacific Gas and Electric Co.,198333.333333
2023,3,243759,Pacific Gas and Electric Co.,285000.000000
2024,2,243759,Pacific Gas and Electric Co.,510000.000000
2018,4,244645,Hikvision USA Inc.,200000.000000
2019,3,244645,Hikvision USA Inc.,500000.000000
2020,2,244645,Hikvision USA Inc.,500000.000000
2021,1,244645,Hikvision USA Inc.,500000.000000
2021,4,252337,U.S. Chamber of Commerce Institute for Legal Reform,33333.333333
2011,4,243759,Pacific Gas and Electric Co.,180000.000000
2012,3,243759,Pacific Gas and Electric Co.,180000.000000
2013,2,243759,Pacific Gas and Electric Co.,195000.000000
2014,1,243759,Pacific Gas and Electric Co.,250000.000000
2017,4,252337,U.S. Chamber of Commerce Institute for Legal Reform,457308.823529
2018,3,252337,U.S. Chamber of Commerce Institute for Legal Reform,478485.294117
2019,2,252337,U.S. Chamber of Commerce Institute for Legal Reform,395333.333333
2020,1,252337,U.S. Chamber of Commerce Institute for Legal Reform,563636.363636
2020,4,252337,U.S. Chamber of Commerce Institute for Legal Reform,31111.111111
2021,3,252337,U.S. Chamber of Commerce Institute for Legal Reform,35555.555555
2022,2,252337,U.S. Chamber of Commerce Institute for Legal Reform,34444.444444
2023,1,252337,U.S. Chamber of Commerce Institute for Legal Reform,35555.555555
2023,4,252337,U.S. Chamber of Commerce Institute for Legal Reform,39000.000000
2024,3,252337,U.S. Chamber of Commerce Institute for Legal Reform,35454.545454
2010,1,255640,Gila River Indian Community,250000.000000
2010,4,255640,Gila River Indian Community,240000.000000
2011,3,255640,Gila River Indian Community,280000.000000
2012,2,255640,Gila River Indian Community,790000.000000
2013,1,255640,Gila River Indian Community,590000.000000
2013,4,255640,Gila River Indian Community,860000.000000
2014,3,255640,Gila River Indian Community,930000.000000
2015,2,255640,Gila River Indian Community,330000.000000
2016,1,255640,Gila River Indian Community,345000.000000
2016,4,255640,Gila River Indian Community,690000.000000
2017,3,255640,Gila River Indian Community,580000.000000
2018,2,255640,Gila River Indian Community,660000.000000
2019,1,255640,Gila River Indian Community,466666.666666
2019,2,263701,SB Group US Inc.,135000.000000
2020,1,263701,SB Group US Inc.,630000.000000
2020,4,263701,SB Group US Inc.,450000.000000
2021,3,263701,SB Group US Inc.,313333.333333
2022,2,263701,SB Group US Inc.,313333.333333
2023,1,263701,SB Group US Inc.,330000.000000
2023,4,263701,SB Group US Inc.,330000.000000
2024,3,263701,SB Group US Inc.,305000.000000
2020,1,273100,HCA Healthcare Inc.,750000.000000
2015,4,275945,Baxalta US Inc.,290000.000000
2019,4,289768,Alliance for Automotive Innovation,2380000.000000
2020,3,289768,Alliance for Automotive Innovation,456995.000000
2021,2,289768,Alliance for Automotive Innovation,348787.750000
2022,1,289768,Alliance for Automotive Innovation,337208.750000
2020,4,291370,Taiwan Semiconductor Manufacturing Co. Ltd.,501630.000000
2021,3,291370,Taiwan Semiconductor Manufacturing Co. Ltd.,540000.000000
2022,2,291370,Taiwan Semiconductor Manufacturing Co. Ltd.,650000.000000
2023,1,291370,Taiwan Semiconductor Manufacturing Co. Ltd.,520000.000000
2023,4,291370,Taiwan Semiconductor Manufacturing Co. Ltd.,540000.000000
2024,3,291370,Taiwan Semiconductor Manufacturing Co. Ltd.,540000.000000
2020,1,292420,Shiji Group,430000.000000
2020,4,300376,"Petit, Parker",750000.000000
2021,2,301050,Zamzam Consulting LLC,0.000000
2022,1,301050,Zamzam Consulting LLC,0.000000
2022,4,301050,Zamzam Consulting LLC,0.000000
2021,2,305212,Renewable Energy Aggregators Inc.,150000.000000
2022,1,305212,Renewable Energy Aggregators Inc.,230000.000000
2022,4,305212,Renewable Energy Aggregators Inc.,630000.000000
2023,3,305212,Renewable Energy Aggregators Inc.,200000.000000
2010,2,315362,National Federation of Independent Business Inc.,715000.000000
2011,1,315362,National Federation of Independent Business Inc.,660000.000000
2015,4,316850,AHIP,262500.000000
2016,3,316850,AHIP,225555.555555
2017,2,316850,AHIP,250000.000000
2018,1,316850,AHIP,327500.000000
2017,2,255640,Gila River Indian Community,650000.000000
2018,1,255640,Gila River Indian Community,670000.000000
2018,4,255640,Gila River Indian Community,345000.000000
2019,3,255640,Gila River Indian Community,352500.000000
2020,2,255640,Gila River Indian Community,560000.000000
2021,1,255640,Gila River Indian Community,890000.000000
2021,4,255640,Gila River Indian Community,860000.000000
2022,3,255640,Gila River Indian Community,690000.000000
2023,2,255640,Gila River Indian Community,710000.000000
2024,1,255640,Gila River Indian Community,710000.000000
2024,4,255640,Gila River Indian Community,690000.000000
2010,2,260497,Qualcomm Inc.,315714.285714
2011,1,260497,Qualcomm Inc.,445714.285714
2011,4,260497,Qualcomm Inc.,268571.428571
2012,3,260497,Qualcomm Inc.,362857.142857
2013,2,260497,Qualcomm Inc.,367142.857142
2014,1,260497,Qualcomm Inc.,306250.000000
2014,4,260497,Qualcomm Inc.,310000.000000
2015,3,260497,Qualcomm Inc.,365000.000000
2016,2,260497,Qualcomm Inc.,285714.285714
2017,1,260497,Qualcomm Inc.,447875.000000
2022,4,263701,SB Group US Inc.,330000.000000
2023,3,263701,SB Group US Inc.,330000.000000
2024,2,263701,SB Group US Inc.,305000.000000
2019,4,273100,HCA Healthcare Inc.,690000.000000
2020,3,273100,HCA Healthcare Inc.,690000.000000
2021,2,273100,HCA Healthcare Inc.,1080000.000000
2022,1,273100,HCA Healthcare Inc.,1410000.000000
2022,4,273100,HCA Healthcare Inc.,650000.000000
2023,3,273100,HCA Healthcare Inc.,1130000.000000
2024,2,273100,HCA Healthcare Inc.,950000.000000
2020,2,289768,Alliance for Automotive Innovation,241568.500000
2021,1,289768,Alliance for Automotive Innovation,307823.500000
2021,4,289768,Alliance for Automotive Innovation,288460.750000
2022,3,289768,Alliance for Automotive Innovation,311092.250000
2023,2,289768,Alliance for Automotive Innovation,385358.250000
2024,1,289768,Alliance for Automotive Innovation,408746.666666
2024,4,289768,Alliance for Automotive Innovation,565781.000000
2020,2,291370,Taiwan Semiconductor Manufacturing Co. Ltd.,501630.000000
2021,1,291370,Taiwan Semiconductor Manufacturing Co. Ltd.,501630.000000
2021,4,291370,Taiwan Semiconductor Manufacturing Co. Ltd.,530000.000000
2022,3,291370,Taiwan Semiconductor Manufacturing Co. Ltd.,520000.000000
2023,2,291370,Taiwan Semiconductor Manufacturing Co. Ltd.,770000.000000
2024,1,291370,Taiwan Semiconductor Manufacturing Co. Ltd.,540000.000000
2021,4,305212,Renewable Energy Aggregators Inc.,230000.000000
2022,3,305212,Renewable Energy Aggregators Inc.,630000.000000
2023,2,305212,Renewable Energy Aggregators Inc.,400000.000000
2024,1,305212,Renewable Energy Aggregators Inc.,0.000000
2023,4,315362,National Federation of Independent Business Inc.,560000.000000
2024,3,315362,National Federation of Independent Business Inc.,1212000.000000
2010,4,316850,AHIP,276875.000000
2011,3,316850,AHIP,368571.428571
2012,2,316850,AHIP,323125.000000
2013,1,316850,AHIP,347500.000000
2013,4,316850,AHIP,496250.000000
2014,3,316850,AHIP,288750.000000
2015,2,316850,AHIP,328750.000000
2016,1,316850,AHIP,280000.000000
2016,4,316850,AHIP,205000.000000
2017,3,316850,AHIP,225000.000000
2018,2,316850,AHIP,217500.000000
2019,1,316850,AHIP,357777.777777
2010,3,320046,Pharmaceutical Care Management Association,244922.000000
2011,2,320046,Pharmaceutical Care Management Association,211579.666666
2012,1,320046,Pharmaceutical Care Management Association,209812.000000
2012,4,320046,Pharmaceutical Care Management Association,223332.666666
2013,3,320046,Pharmaceutical Care Management Association,225970.333333
2014,2,320046,Pharmaceutical Care Management Association,357008.500000
2015,1,320046,Pharmaceutical Care Management Association,236954.000000
2022,3,252337,U.S. Chamber of Commerce Institute for Legal Reform,33333.333333
2023,2,252337,U.S. Chamber of Commerce Institute for Legal Reform,39000.000000
2024,1,252337,U.S. Chamber of Commerce Institute for Legal Reform,36363.636363
2024,4,252337,U.S. Chamber of Commerce Institute for Legal Reform,37272.727272
2019,4,255640,Gila River Indian Community,367500.000000
2020,3,255640,Gila River Indian Community,445000.000000
2021,2,255640,Gila River Indian Community,890000.000000
2022,1,255640,Gila River Indian Community,860000.000000
2022,4,255640,Gila River Indian Community,740000.000000
2023,3,255640,Gila River Indian Community,720000.000000
2024,2,255640,Gila River Indian Community,690000.000000
2010,1,260497,Qualcomm Inc.,412857.142857
2010,4,260497,Qualcomm Inc.,324285.714285
2011,3,260497,Qualcomm Inc.,310000.000000
2012,2,260497,Qualcomm Inc.,342857.142857
2013,1,260497,Qualcomm Inc.,335714.285714
2019,3,263701,SB Group US Inc.,400000.000000
2020,2,263701,SB Group US Inc.,450000.000000
2021,1,263701,SB Group US Inc.,393500.000000
2021,4,263701,SB Group US Inc.,306666.666666
2022,3,263701,SB Group US Inc.,313333.333333
2023,2,263701,SB Group US Inc.,380000.000000
2024,1,263701,SB Group US Inc.,385000.000000
2024,4,263701,SB Group US Inc.,305000.000000
2020,4,273100,HCA Healthcare Inc.,710000.000000
2021,3,273100,HCA Healthcare Inc.,720000.000000
2022,2,273100,HCA Healthcare Inc.,600000.000000
2023,1,273100,HCA Healthcare Inc.,690000.000000
2023,4,273100,HCA Healthcare Inc.,1090000.000000
2024,3,273100,HCA Healthcare Inc.,430000.000000
2022,4,289768,Alliance for Automotive Innovation,295444.500000
2023,3,289768,Alliance for Automotive Innovation,375579.750000
2024,2,289768,Alliance for Automotive Innovation,450479.666666
2020,3,291370,Taiwan Semiconductor Manufacturing Co. Ltd.,501630.000000
2021,2,291370,Taiwan Semiconductor Manufacturing Co. Ltd.,640000.000000
2022,1,291370,Taiwan Semiconductor Manufacturing Co. Ltd.,520000.000000
2022,4,291370,Taiwan Semiconductor Manufacturing Co. Ltd.,520000.000000
2023,3,291370,Taiwan Semiconductor Manufacturing Co. Ltd.,540000.000000
2024,2,291370,Taiwan Semiconductor Manufacturing Co. Ltd.,790000.000000
2021,1,301050,Zamzam Consulting LLC,4000000.000000
2014,4,316850,AHIP,282222.222222
2015,3,316850,AHIP,347500.000000
2016,2,316850,AHIP,231111.111111
2017,1,316850,AHIP,243750.000000
2017,4,316850,AHIP,260000.000000
2018,3,316850,AHIP,228750.000000
2019,2,316850,AHIP,317500.000000
2020,1,316850,AHIP,495625.000000
2020,4,316850,AHIP,339375.000000
2021,3,316850,AHIP,325625.000000
2022,2,316850,AHIP,410000.000000
2023,1,316850,AHIP,576666.666666
2010,1,320046,Pharmaceutical Care Management Association,196639.500000
2010,4,320046,Pharmaceutical Care Management Association,287914.000000
2011,3,320046,Pharmaceutical Care Management Association,200663.666666
2012,2,320046,Pharmaceutical Care Management Association,210129.666666
2013,1,320046,Pharmaceutical Care Management Association,208196.000000
2013,4,320046,Pharmaceutical Care Management Association,268795.000000
2014,3,320046,Pharmaceutical Care Management Association,299486.000000
2015,2,320046,Pharmaceutical Care Management Association,244047.333333
2016,1,320046,Pharmaceutical Care Management Association,268823.333333
2016,4,320046,Pharmaceutical Care Management Association,288502.000000
2017,3,320046,Pharmaceutical Care Management Association,234180.000000
2018,2,320046,Pharmaceutical Care Management Association,239222.250000
2019,1,320046,Pharmaceutical Care Management Association,400615.000000
2024,4,332893,Gotion Inc.,240000.000000
2014,4,334449,General Electric Co.,465000.000000
2015,3,334449,General Electric Co.,395227.272727
2016,2,334449,General Electric Co.,205000.000000
2017,1,334449,General Electric Co.,414285.714285
2017,4,334449,General Electric Co.,287142.857142
2018,3,334449,General Electric Co.,204285.714285
2019,2,334449,General Electric Co.,225555.555555
2020,1,334449,General Electric Co.,193636.363636
2020,4,334449,General Electric Co.,177142.857142
2021,3,334449,General Electric Co.,197142.857142
2022,2,334449,General Electric Co.,148750.000000
2023,1,334449,General Electric Co.,195714.285714
2023,4,334449,General Electric Co.,133333.333333
2024,3,334449,General Electric Co.,202750.000000
2010,1,341619,BlackRock Funds Services Group LLC,340000.000000
2010,4,341619,BlackRock Funds Services Group LLC,360000.000000
2011,3,341619,BlackRock Funds Services Group LLC,640000.000000
2012,2,341619,BlackRock Funds Services Group LLC,640000.000000
2013,1,341619,BlackRock Funds Services Group LLC,520000.000000
2019,3,341815,ByteDance Inc.,115000.000000
2020,2,341815,ByteDance Inc.,170000.000000
2021,1,341815,ByteDance Inc.,273333.333333
2021,4,341815,ByteDance Inc.,410000.000000
2022,3,341815,ByteDance Inc.,250000.000000
2023,2,341815,ByteDance Inc.,565000.000000
2024,1,341815,ByteDance Inc.,720000.000000
2024,4,341815,ByteDance Inc.,786666.666666
2023,4,353420,America's Credit Unions,335000.000000
2024,3,353420,America's Credit Unions,322500.000000
2021,4,325634,Amazon Corporate LLC,865000.000000
2022,3,325634,Amazon Corporate LLC,748571.428571
2023,2,325634,Amazon Corporate LLC,678571.428571
2024,1,325634,Amazon Corporate LLC,766666.666666
2024,4,325634,Amazon Corporate LLC,820000.000000
2018,4,334449,General Electric Co.,262857.142857
2019,3,334449,General Electric Co.,124000.000000
2020,2,334449,General Electric Co.,167777.777777
2021,1,334449,General Electric Co.,248571.428571
2021,4,334449,General Electric Co.,162500.000000
2022,3,334449,General Electric Co.,152857.142857
2023,2,334449,General Electric Co.,152142.857142
2024,1,334449,General Electric Co.,294200.000000
2024,4,334449,General Electric Co.,162750.000000
2010,2,341619,BlackRock Funds Services Group LLC,410000.000000
2011,1,341619,BlackRock Funds Services Group LLC,630000.000000
2011,4,341619,BlackRock Funds Services Group LLC,640000.000000
2012,3,341619,BlackRock Funds Services Group LLC,470000.000000
2013,2,341619,BlackRock Funds Services Group LLC,530000.000000
2014,1,341619,BlackRock Funds Services Group LLC,610000.000000
2014,4,341619,BlackRock Funds Services Group LLC,630000.000000
2015,3,341619,BlackRock Funds Services Group LLC,580000.000000
2016,2,341619,BlackRock Funds Services Group LLC,680000.000000
2017,1,341619,BlackRock Funds Services Group LLC,680000.000000
2022,4,341815,ByteDance Inc.,277500.000000
2023,3,341815,ByteDance Inc.,967500.000000
2024,2,341815,ByteDance Inc.,1143333.333333
2023,3,353420,America's Credit Unions,1030000.000000
2024,2,353420,America's Credit Unions,415000.000000
2018,4,316850,AHIP,235000.000000
2019,3,316850,AHIP,306250.000000
2020,2,316850,AHIP,323125.000000
2021,1,316850,AHIP,529375.000000
2021,4,316850,AHIP,375625.000000
2022,3,316850,AHIP,455000.000000
2023,2,316850,AHIP,365555.555555
2024,1,316850,AHIP,521111.111111
2024,4,316850,AHIP,343333.333333
2011,4,320046,Pharmaceutical Care Management Association,185565.000000
2012,3,320046,Pharmaceutical Care Management Association,209476.666666
2013,2,320046,Pharmaceutical Care Management Association,223254.666666
2014,1,320046,Pharmaceutical Care Management Association,264984.000000
2014,4,320046,Pharmaceutical Care Management Association,299496.000000
2015,3,320046,Pharmaceutical Care Management Association,244047.333333
2016,2,320046,Pharmaceutical Care Management Association,247533.333333
2017,1,320046,Pharmaceutical Care Management Association,267693.666666
2017,4,320046,Pharmaceutical Care Management Association,224011.000000
2018,3,320046,Pharmaceutical Care Management Association,173336.000000
2019,2,320046,Pharmaceutical Care Management Association,188306.000000
2020,1,320046,Pharmaceutical Care Management Association,396599.666666
2020,4,320046,Pharmaceutical Care Management Association,706928.333333
2021,3,320046,Pharmaceutical Care Management Association,682968.000000
2022,2,320046,Pharmaceutical Care Management Association,401626.250000
2023,1,320046,Pharmaceutical Care Management Association,728194.250000
2023,4,332893,Gotion Inc.,140000.000000
2024,3,332893,Gotion Inc.,385333.333333
2010,4,334449,General Electric Co.,425952.380952
2011,3,334449,General Electric Co.,378421.052631
2012,2,334449,General Electric Co.,352352.941176
2013,1,334449,General Electric Co.,412666.666666
2013,4,334449,General Electric Co.,314687.500000
2014,3,334449,General Electric Co.,405333.333333
2015,2,334449,General Electric Co.,853409.090909
2016,1,334449,General Electric Co.,347500.000000
2016,4,334449,General Electric Co.,262857.142857
2017,3,334449,General Electric Co.,282857.142857
2018,2,334449,General Electric Co.,192857.142857
2019,1,334449,General Electric Co.,173333.333333
2019,4,334449,General Electric Co.,138000.000000
2020,3,334449,General Electric Co.,143750.000000
2021,2,334449,General Electric Co.,165714.285714
2022,1,334449,General Electric Co.,180000.000000
2024,1,336127,SPLC Action Fund,610000.000000
2013,4,341619,BlackRock Funds Services Group LLC,690000.000000
2014,3,341619,BlackRock Funds Services Group LLC,650000.000000
2015,2,341619,BlackRock Funds Services Group LLC,670000.000000
2016,1,341619,BlackRock Funds Services Group LLC,580000.000000
2016,4,341619,BlackRock Funds Services Group LLC,710000.000000
2017,3,341619,BlackRock Funds Services Group LLC,490000.000000
2018,2,341619,BlackRock Funds Services Group LLC,590000.000000
2019,1,341619,BlackRock Funds Services Group LLC,610000.000000
2019,4,341619,BlackRock Funds Services Group LLC,400000.000000
2020,3,341619,BlackRock Funds Services Group LLC,340000.000000
2021,2,341619,BlackRock Funds Services Group LLC,340000.000000
2022,1,341619,BlackRock Funds Services Group LLC,226666.666666
2023,1,22172,American Israel Public Affairs Committee,769502.000000
2023,4,22172,American Israel Public Affairs Committee,818273.000000
2024,3,22172,American Israel Public Affairs Committee,789890.000000
2013,4,22796,Friends Committee on National Legislation,218466.000000
2014,3,22796,Friends Committee on National Legislation,415000.000000
2015,2,22796,Friends Committee on National Legislation,590000.000000
2016,1,22796,Friends Committee on National Legislation,770000.000000
2016,4,22796,Friends Committee on National Legislation,500000.000000
2017,3,22796,Friends Committee on National Legislation,502740.000000
2018,2,22796,Friends Committee on National Legislation,1000000.000000
2019,1,22796,Friends Committee on National Legislation,1000000.000000
2019,4,22796,Friends Committee on National Legislation,336000.000000
2020,3,22796,Friends Committee on National Legislation,504149.000000
2021,2,22796,Friends Committee on National Legislation,342666.666666
2022,1,22796,Friends Committee on National Legislation,1000000.000000
2022,4,22796,Friends Committee on National Legislation,1000000.000000
2023,3,22796,Friends Committee on National Legislation,1000000.000000
2024,2,22796,Friends Committee on National Legislation,1000000.000000
2010,1,23796,Distilled Spirits Council of the United States,425000.000000
2010,4,23796,Distilled Spirits Council of the United States,320000.000000
2011,3,23796,Distilled Spirits Council of the United States,300000.000000
2012,2,23796,Distilled Spirits Council of the United States,392500.000000
2013,1,23796,Distilled Spirits Council of the United States,371250.000000
2013,4,23796,Distilled Spirits Council of the United States,312500.000000
2014,3,23796,Distilled Spirits Council of the United States,360000.000000
2015,2,23796,Distilled Spirits Council of the United States,397500.000000
2016,1,23796,Distilled Spirits Council of the United States,412000.000000
2016,4,23796,Distilled Spirits Council of the United States,282000.000000
2017,3,23796,Distilled Spirits Council of the United States,347500.000000
2018,2,23796,Distilled Spirits Council of the United States,440000.000000
2019,1,23796,Distilled Spirits Council of the United States,595000.000000
2010,2,29779,American Medical Association,2216250.000000
2011,1,29779,American Medical Association,883500.000000
2010,2,31392,U.S. Beet Sugar Association,450000.000000
2011,1,31392,U.S. Beet Sugar Association,450000.000000
2019,4,33260,Gun Owners of America Inc.,556795.000000
2020,3,33260,Gun Owners of America Inc.,587978.000000
2021,2,33260,Gun Owners of America Inc.,614143.000000
2022,1,33260,Gun Owners of America Inc.,782763.000000
2022,4,33260,Gun Owners of America Inc.,904064.000000
2023,3,33260,Gun Owners of America Inc.,801327.000000
2010,1,33679,American Association of Orthopaedic Surgeons,250000.000000
2020,4,42121,Military Officers Association of America,416877.000000
2021,3,42121,Military Officers Association of America,428200.000000
2022,2,42121,Military Officers Association of America,444260.000000
2023,1,42121,Military Officers Association of America,572166.000000
2023,4,42121,Military Officers Association of America,456380.000000
2024,3,42121,Military Officers Association of America,429200.000000
2010,3,48709,Open Society Policy Center Inc.,440000.000000
2011,2,48709,Open Society Policy Center Inc.,320000.000000
2012,1,48709,Open Society Policy Center Inc.,330000.000000
2011,4,48835,BB&T Corp.,20000.000000
2012,3,48835,BB&T Corp.,121700.000000
2013,2,48835,BB&T Corp.,172845.000000
2014,1,48835,BB&T Corp.,121300.000000
2014,4,48835,BB&T Corp.,263600.000000
2015,3,48835,BB&T Corp.,79500.000000
2016,2,48835,BB&T Corp.,243336.000000
2017,1,48835,BB&T Corp.,220418.000000
2017,4,48835,BB&T Corp.,320399.000000
2018,3,48835,BB&T Corp.,380982.000000
2019,2,48835,BB&T Corp.,210000.000000
2020,1,48835,BB&T Corp.,1010000.000000
2017,4,49807,National Association of Realtors,7416666.666666
2018,3,49807,National Association of Realtors,6642500.000000
2019,2,49807,National Association of Realtors,2086000.000000
2020,1,49807,National Association of Realtors,2313500.000000
2020,4,49807,National Association of Realtors,4228333.333333
2021,3,49807,National Association of Realtors,2185000.000000
2022,2,49807,National Association of Realtors,2521666.666666
2023,1,49807,National Association of Realtors,2271666.666666
2023,4,49807,National Association of Realtors,3111666.666666
2024,3,49807,National Association of Realtors,5385000.000000
2010,2,53545,National Multifamily Housing Council,290000.000000
2011,1,53545,National Multifamily Housing Council,262000.000000
2020,4,54262,ConocoPhillips Co.,302500.000000
2021,3,54262,ConocoPhillips Co.,160000.000000
2022,2,54262,ConocoPhillips Co.,302000.000000
2023,1,54262,ConocoPhillips Co.,720000.000000
2023,4,54262,ConocoPhillips Co.,746250.000000
2024,3,54262,ConocoPhillips Co.,208750.000000
2017,4,54955,American College of Radiology Association,336158.000000
2018,3,54955,American College of Radiology Association,330421.000000
2019,2,54955,American College of Radiology Association,103076.500000
2020,1,54955,American College of Radiology Association,256737.000000
2020,4,54955,American College of Radiology Association,249730.000000
2021,3,54955,American College of Radiology Association,132513.000000
2022,2,54955,American College of Radiology Association,148634.500000
2023,1,54955,American College of Radiology Association,150295.500000
2023,4,54955,American College of Radiology Association,134988.500000
2024,3,54955,American College of Radiology Association,129670.500000
2010,3,57099,Business Roundtable Inc.,218692.307692
2011,2,57099,Business Roundtable Inc.,277083.333333
2012,1,57099,Business Roundtable Inc.,228600.000000
2021,4,58786,AFL-CIO,760000.000000
2022,3,58786,AFL-CIO,520000.000000
2023,2,58786,AFL-CIO,640000.000000
2024,1,58786,AFL-CIO,520000.000000
2024,4,58786,AFL-CIO,620000.000000
2017,4,68834,CVS Health,282857.142857
2018,3,68834,CVS Health,226500.000000
2019,2,68834,CVS Health,206785.714285
2020,1,68834,CVS Health,332916.666666
2020,4,68834,CVS Health,250000.000000
2021,3,68834,CVS Health,231666.666666
2022,2,68834,CVS Health,181818.181818
2023,1,68834,CVS Health,835555.555555
2023,4,68834,CVS Health,302857.142857
2024,3,68834,CVS Health,298333.333333
2010,2,70834,American Hospital Association,572500.000000
2011,1,70834,American Hospital Association,560000.000000
2019,4,86263,International Association of Machinists and Aerospace Workers,670000.000000
2020,3,86263,International Association of Machinists and Aerospace Workers,510000.000000
2021,2,86263,International Association of Machinists and Aerospace Workers,510000.000000
2022,1,86263,International Association of Machinists and Aerospace Workers,1695000.000000
2022,4,86263,International Association of Machinists and Aerospace Workers,950000.000000
2023,3,86263,International Association of Machinists and Aerospace Workers,900000.000000
2024,2,86263,International Association of Machinists and Aerospace Workers,650000.000000
2010,3,87583,American Cancer Society Cancer Action Network Inc.,300500.000000
2011,2,87583,American Cancer Society Cancer Action Network Inc.,150500.000000
2012,1,87583,American Cancer Society Cancer Action Network Inc.,271666.666666
2012,4,92776,Philips Electronics North America Corp.,510000.000000
2013,3,92776,Philips Electronics North America Corp.,310000.000000
2014,2,92776,Philips Electronics North America Corp.,190000.000000
2015,1,92776,Philips Electronics North America Corp.,235000.000000
2015,4,92776,Philips Electronics North America Corp.,165000.000000
2016,3,92776,Philips Electronics North America Corp.,160000.000000
2017,2,92776,Philips Electronics North America Corp.,130000.000000
2018,1,92776,Philips Electronics North America Corp.,390000.000000
2018,4,92776,Philips Electronics North America Corp.,260000.000000
2019,3,92776,Philips Electronics North America Corp.,420000.000000
2020,2,92776,Philips Electronics North America Corp.,470000.000000
2021,1,92776,Philips Electronics North America Corp.,470000.000000
2021,4,92776,Philips Electronics North America Corp.,720000.000000
2022,3,92776,Philips Electronics North America Corp.,640000.000000
2023,2,92776,Philips Electronics North America Corp.,570000.000000
2024,1,92776,Philips Electronics North America Corp.,480000.000000
2012,4,99896,Mercedes-Benz USA LLC,420000.000000
2013,3,99896,Mercedes-Benz USA LLC,280000.000000
2014,2,99896,Mercedes-Benz USA LLC,540000.000000
2015,1,99896,Mercedes-Benz USA LLC,570000.000000
2015,4,99896,Mercedes-Benz USA LLC,360000.000000
2016,3,99896,Mercedes-Benz USA LLC,390000.000000
2017,2,99896,Mercedes-Benz USA LLC,370000.000000
2018,1,99896,Mercedes-Benz USA LLC,410000.000000
2018,4,99896,Mercedes-Benz USA LLC,420000.000000
2019,3,99896,Mercedes-Benz USA LLC,300000.000000
2020,2,99896,Mercedes-Benz USA LLC,180000.000000
2021,1,99896,Mercedes-Benz USA LLC,170000.000000
2021,4,99896,Mercedes-Benz USA LLC,160000.000000
2022,3,99896,Mercedes-Benz USA LLC,75000.000000
2023,2,99896,Mercedes-Benz USA LLC,140000.000000
2024,1,99896,Mercedes-Benz USA LLC,400000.000000
2010,2,101822,NACS,435000.000000
2011,1,101822,NACS,643000.000000
2011,4,101822,NACS,570000.000000
2012,3,101822,NACS,480000.000000
2013,2,101822,NACS,305000.000000
2014,1,101822,NACS,500000.000000
2014,4,101822,NACS,590000.000000
2015,3,101822,NACS,535000.000000
2016,2,101822,NACS,325000.000000
2017,1,101822,NACS,380000.000000
2017,4,101822,NACS,330000.000000
2018,3,101822,NACS,330000.000000
2019,2,101822,NACS,465000.000000
2020,1,101822,NACS,465000.000000
2010,3,104372,Independent Community Bankers of America,530000.000000
2011,2,104372,Independent Community Bankers of America,598333.333333
2012,1,104372,Independent Community Bankers of America,383333.333333
2012,4,104372,Independent Community Bankers of America,755000.000000
2013,3,104372,Independent Community Bankers of America,383333.333333
2014,2,104372,Independent Community Bankers of America,560000.000000
2015,1,104372,Independent Community Bankers of America,410000.000000
2015,4,104372,Independent Community Bankers of America,620000.000000
2016,3,104372,Independent Community Bankers of America,366666.666666
2017,2,104372,Independent Community Bankers of America,633333.333333
2018,1,104372,Independent Community Bankers of America,486666.666666
2010,3,149687,National Rifle Association,250000.000000
2011,2,149687,National Rifle Association,183333.333333
2012,1,149687,National Rifle Association,208333.333333
2012,4,149687,National Rifle Association,228333.333333
2013,3,149687,National Rifle Association,240000.000000
2014,2,149687,National Rifle Association,281666.666666
2015,1,149687,National Rifle Association,268333.333333
2010,3,154499,American Electric Power Co. Inc.,336977.333333
2011,2,154499,American Electric Power Co. Inc.,491396.500000
2012,1,154499,American Electric Power Co. Inc.,373079.750000
2010,2,159844,Occidental Petroleum Corp.,374252.000000
2011,1,159844,Occidental Petroleum Corp.,483511.500000
2010,1,166177,Nucor Public Affairs Inc.,530000.000000
2010,4,166177,Nucor Public Affairs Inc.,540000.000000
2011,3,166177,Nucor Public Affairs Inc.,500000.000000
2012,2,166177,Nucor Public Affairs Inc.,300000.000000
2013,1,166177,Nucor Public Affairs Inc.,470000.000000
2013,4,166177,Nucor Public Affairs Inc.,400000.000000
2014,3,166177,Nucor Public Affairs Inc.,390000.000000
2015,2,166177,Nucor Public Affairs Inc.,930000.000000
2016,1,166177,Nucor Public Affairs Inc.,540000.000000
2010,4,171727,"Satterwhite, Johnny Sr.",0.000000
2011,3,171727,"Satterwhite, Johnny Sr.",0.000000
2010,2,175545,National Association of Manufacturers,1110000.000000
2011,1,175545,National Association of Manufacturers,2680000.000000
2011,1,177594,Quantico North NFP Ltd.,22500.000000
2011,2,190535,Naturgy Energy Group SA,250000.000000
2018,4,202278,Phillips 66 Co.,215000.000000
2019,3,202278,Phillips 66 Co.,485000.000000
2020,2,202278,Phillips 66 Co.,330000.000000
2021,1,202278,Phillips 66 Co.,535000.000000
2021,4,202278,Phillips 66 Co.,375000.000000
2022,3,202278,Phillips 66 Co.,350000.000000
2023,2,202278,Phillips 66 Co.,313333.333333
2024,1,202278,Phillips 66 Co.,652500.000000
2024,4,202278,Phillips 66 Co.,270000.000000
2010,2,206206,Northrop Grumman Corp.,337796.875000
2011,1,206206,Northrop Grumman Corp.,156937.500000
2011,4,206206,Northrop Grumman Corp.,344285.714285
2012,3,206206,Northrop Grumman Corp.,363846.153846
2013,2,206206,Northrop Grumman Corp.,348181.818181
2014,1,206206,Northrop Grumman Corp.,325163.333333
2013,1,206789,National Association for Gun Rights,1890000.000000
2013,4,206789,National Association for Gun Rights,830000.000000
2014,3,206789,National Association for Gun Rights,330000.000000
2015,2,206789,National Association for Gun Rights,480000.000000
2016,1,206789,National Association for Gun Rights,587547.000000
2010,2,211513,Charles Schwab Corp.,622000.000000
2011,1,211513,Charles Schwab Corp.,570000.000000
2011,4,211513,Charles Schwab Corp.,650000.000000
2012,3,211513,Charles Schwab Corp.,630000.000000
2013,2,211513,Charles Schwab Corp.,540000.000000
2014,1,211513,Charles Schwab Corp.,650000.000000
2014,4,211513,Charles Schwab Corp.,910000.000000
2015,3,211513,Charles Schwab Corp.,395000.000000
2016,2,211513,Charles Schwab Corp.,480000.000000
2017,1,211513,Charles Schwab Corp.,570000.000000
2010,2,221146,AARP Inc.,1073000.000000
2011,1,221146,AARP Inc.,1273000.000000
2010,1,232057,Southern Co.,400000.000000
2010,4,232057,Southern Co.,459250.000000
2011,3,232057,Southern Co.,224772.727272
2012,2,232057,Southern Co.,426250.000000
2013,1,232057,Southern Co.,411250.000000
2010,1,232657,Shell USA Inc.,312500.000000
2010,4,243759,Pacific Gas and Electric Co.,345000.000000
2011,3,243759,Pacific Gas and Electric Co.,143333.333333
2012,2,243759,Pacific Gas and Electric Co.,203333.333333
2013,1,243759,Pacific Gas and Electric Co.,307500.000000
2013,4,243759,Pacific Gas and Electric Co.,175000.000000
2014,3,243759,Pacific Gas and Electric Co.,157500.000000
2015,2,243759,Pacific Gas and Electric Co.,183750.000000
2016,1,243759,Pacific Gas and Electric Co.,222000.000000
2016,4,243759,Pacific Gas and Electric Co.,152000.000000
2017,3,243759,Pacific Gas and Electric Co.,148333.333333
2018,2,243759,Pacific Gas and Electric Co.,269375.000000
2019,1,243759,Pacific Gas and Electric Co.,159166.666666
2019,4,243759,Pacific Gas and Electric Co.,172500.000000
2020,3,243759,Pacific Gas and Electric Co.,147500.000000
2021,2,243759,Pacific Gas and Electric Co.,168333.333333
2022,1,243759,Pacific Gas and Electric Co.,299285.714285
2010,3,252337,U.S. Chamber of Commerce Institute for Legal Reform,562857.142857
2011,2,252337,U.S. Chamber of Commerce Institute for Legal Reform,390312.500000
2012,1,252337,U.S. Chamber of Commerce Institute for Legal Reform,433000.000000
2012,4,252337,U.S. Chamber of Commerce Institute for Legal Reform,808214.285714
2013,3,252337,U.S. Chamber of Commerce Institute for Legal Reform,265625.000000
2014,2,252337,U.S. Chamber of Commerce Institute for Legal Reform,457823.529411
2015,1,252337,U.S. Chamber of Commerce Institute for Legal Reform,372941.176470
2015,4,252337,U.S. Chamber of Commerce Institute for Legal Reform,316250.000000
2016,3,252337,U.S. Chamber of Commerce Institute for Legal Reform,456802.631578
2017,2,252337,U.S. Chamber of Commerce Institute for Legal Reform,239640.625000
2018,1,252337,U.S. Chamber of Commerce Institute for Legal Reform,511515.625000
2018,4,252337,U.S. Chamber of Commerce Institute for Legal Reform,659000.000000
2019,3,252337,U.S. Chamber of Commerce Institute for Legal Reform,254666.666666
2020,2,252337,U.S. Chamber of Commerce Institute for Legal Reform,274545.454545
2021,1,252337,U.S. Chamber of Commerce Institute for Legal Reform,35555.555555
2010,2,255640,Gila River Indian Community,250000.000000
2011,1,255640,Gila River Indian Community,240000.000000
2021,4,260497,Qualcomm Inc.,555000.000000
2022,3,260497,Qualcomm Inc.,463750.000000
2023,2,260497,Qualcomm Inc.,417500.000000
2024,1,260497,Qualcomm Inc.,414444.444444
2024,4,260497,Qualcomm Inc.,381111.111111
2016,1,275945,Baxalta US Inc.,430000.000000
2021,4,301050,Zamzam Consulting LLC,0.000000
2022,3,301050,Zamzam Consulting LLC,0.000000
2010,1,315362,National Federation of Independent Business Inc.,702000.000000
2010,4,315362,National Federation of Independent Business Inc.,4400000.000000
2011,3,315362,National Federation of Independent Business Inc.,400000.000000
2012,2,315362,National Federation of Independent Business Inc.,370000.000000
2013,1,315362,National Federation of Independent Business Inc.,213750.000000
2013,4,315362,National Federation of Independent Business Inc.,222500.000000
2014,3,315362,National Federation of Independent Business Inc.,221750.000000
2015,2,315362,National Federation of Independent Business Inc.,227500.000000
2016,1,315362,National Federation of Independent Business Inc.,228500.000000
2016,4,315362,National Federation of Independent Business Inc.,348333.333333
2017,3,315362,National Federation of Independent Business Inc.,383333.333333
2018,2,315362,National Federation of Independent Business Inc.,590500.000000
2019,1,315362,National Federation of Independent Business Inc.,435333.333333
2023,4,316850,AHIP,320000.000000
2024,3,316850,AHIP,337777.777777
2019,4,320046,Pharmaceutical Care Management Association,459307.000000
2020,3,320046,Pharmaceutical Care Management Association,932120.666666
2021,2,320046,Pharmaceutical Care Management Association,577227.000000
2022,1,320046,Pharmaceutical Care Management Association,482200.000000
2022,4,320046,Pharmaceutical Care Management Association,681904.750000
2023,3,320046,Pharmaceutical Care Management Association,698751.333333
2024,2,320046,Pharmaceutical Care Management Association,544536.571428
2022,3,324505,Partnership to Address Global Emissions Inc.,270000.000000
2023,2,324505,Partnership to Address Global Emissions Inc.,640000.000000
2024,1,324505,Partnership to Address Global Emissions Inc.,640000.000000
2024,4,324505,Partnership to Address Global Emissions Inc.,480000.000000
2010,2,325634,Amazon Corporate LLC,265000.000000
2011,1,325634,Amazon Corporate LLC,330000.000000
2011,4,325634,Amazon Corporate LLC,283333.333333
2012,3,325634,Amazon Corporate LLC,206666.666666
2013,2,325634,Amazon Corporate LLC,313333.333333
2014,1,325634,Amazon Corporate LLC,290000.000000
2014,4,325634,Amazon Corporate LLC,835000.000000
2015,3,325634,Amazon Corporate LLC,2020000.000000
2016,2,325634,Amazon Corporate LLC,3000000.000000
2017,1,325634,Amazon Corporate LLC,2900000.000000
2024,1,332893,Gotion Inc.,405000.000000
2010,2,334449,General Electric Co.,876625.000000
2011,1,334449,General Electric Co.,567533.333333
2011,4,334449,General Electric Co.,377894.736842
2012,3,334449,General Electric Co.,320000.000000
2013,2,334449,General Electric Co.,287500.000000
2014,1,334449,General Electric Co.,275000.000000
2023,4,336127,SPLC Action Fund,610000.000000
2024,3,336127,SPLC Action Fund,350000.000000
2018,4,341619,BlackRock Funds Services Group LLC,600000.000000
2019,3,341619,BlackRock Funds Services Group LLC,410000.000000
2020,2,341619,BlackRock Funds Services Group LLC,380000.000000
2021,1,341619,BlackRock Funds Services Group LLC,310000.000000
2021,4,341619,BlackRock Funds Services Group LLC,285000.000000
2022,3,341619,BlackRock Funds Services Group LLC,217500.000000
2023,2,341619,BlackRock Funds Services Group LLC,137500.000000
2024,1,341619,BlackRock Funds Services Group LLC,220000.000000
2024,4,341619,BlackRock Funds Services Group LLC,185000.000000
