Year,Quarter,client_lobby_actor_id,client_name,LDA_lobbying_expenses
2010,1,7926,National Retail Federation,779000
2010,2,7926,National Retail Federation,639000
2010,3,7926,National Retail Federation,509000
2010,4,7926,National Retail Federation,919000
2011,1,7926,National Retail Federation,759000
2011,2,7926,National Retail Federation,989000
2011,3,7926,National Retail Federation,899000
2011,4,7926,National Retail Federation,1079000
2012,1,7926,National Retail Federation,954000
2012,2,7926,National Retail Federation,1324000
2012,3,7926,National Retail Federation,1009000
2012,4,7926,National Retail Federation,1089000
2013,1,7926,National Retail Federation,829000
2013,2,7926,National Retail Federation,659000
2013,3,7926,National Retail Federation,849000
2013,4,7926,National Retail Federation,629000
2014,1,7926,National Retail Federation,1139000
2014,2,7926,National Retail Federation,1029000
2014,3,7926,National Retail Federation,659000
2014,4,7926,National Retail Federation,869000
2015,1,7926,National Retail Federation,1459000
2015,2,7926,National Retail Federation,1699000
2015,3,7926,National Retail Federation,1809000
2015,4,7926,National Retail Federation,1859000
2016,1,7926,National Retail Federation,2179000
2016,2,7926,National Retail Federation,1809000
2016,3,7926,National Retail Federation,1879000
2016,4,7926,National Retail Federation,1769000
2017,1,7926,National Retail Federation,2549000
2017,2,7926,National Retail Federation,5269000
2017,3,7926,National Retail Federation,3329000
2017,4,7926,National Retail Federation,2529000
2018,1,7926,National Retail Federation,2219000
2018,2,7926,National Retail Federation,1586000
2018,3,7926,National Retail Federation,2011000
2018,4,7926,National Retail Federation,2669000
2019,1,7926,National Retail Federation,1632000
2019,2,7926,National Retail Federation,2089000
2019,3,7926,National Retail Federation,2389000
2019,4,7926,National Retail Federation,2119000
2020,1,7926,National Retail Federation,1949000
2020,2,7926,National Retail Federation,1720000
2020,3,7926,National Retail Federation,1485000
2020,4,7926,National Retail Federation,1745000
2021,1,7926,National Retail Federation,1599000
2021,2,7926,National Retail Federation,1985000
2021,3,7926,National Retail Federation,2035000
2021,4,7926,National Retail Federation,1825000
2022,1,7926,National Retail Federation,1985000
2022,2,7926,National Retail Federation,3095000
2022,3,7926,National Retail Federation,3185000
2022,4,7926,National Retail Federation,2695000
2023,1,7926,National Retail Federation,2445000
2023,2,7926,National Retail Federation,2340000
2023,3,7926,National Retail Federation,2330000
2023,4,7926,National Retail Federation,2350000
2024,1,7926,National Retail Federation,2386000
2024,2,7926,National Retail Federation,2060000
2024,3,7926,National Retail Federation,2465000
2024,4,7926,National Retail Federation,2130000
2010,1,8900,Elevance Health Inc.,1730000
2010,2,8900,Elevance Health Inc.,970000
2010,3,8900,Elevance Health Inc.,980000
2010,4,8900,Elevance Health Inc.,1050000
2011,1,8900,Elevance Health Inc.,1480000
2011,2,8900,Elevance Health Inc.,1505000
2011,3,8900,Elevance Health Inc.,1020000
2011,4,8900,Elevance Health Inc.,1320000
2012,1,8900,Elevance Health Inc.,1700000
2012,2,8900,Elevance Health Inc.,1040000
2012,3,8900,Elevance Health Inc.,1210000
2012,4,8900,Elevance Health Inc.,1250000
2013,1,8900,Elevance Health Inc.,2000000
2013,2,8900,Elevance Health Inc.,1510000
2013,3,8900,Elevance Health Inc.,1080000
2013,4,8900,Elevance Health Inc.,1410000
2014,1,8900,Elevance Health Inc.,1700000
2014,2,8900,Elevance Health Inc.,1760000
2014,3,8900,Elevance Health Inc.,1230000
2014,4,8900,Elevance Health Inc.,1960000
2015,1,8900,Elevance Health Inc.,1640000
2015,2,8900,Elevance Health Inc.,1300000
2015,3,8900,Elevance Health Inc.,2660000
2015,4,8900,Elevance Health Inc.,1580000
2016,1,8900,Elevance Health Inc.,1720000
2016,2,8900,Elevance Health Inc.,1400000
2016,3,8900,Elevance Health Inc.,2900000
2016,4,8900,Elevance Health Inc.,1490000
2017,1,8900,Elevance Health Inc.,2050000
2017,2,8900,Elevance Health Inc.,1460000
2017,3,8900,Elevance Health Inc.,1080000
2017,4,8900,Elevance Health Inc.,1990000
2018,1,8900,Elevance Health Inc.,1610000
2018,2,8900,Elevance Health Inc.,1190000
2018,3,8900,Elevance Health Inc.,1020000
2018,4,8900,Elevance Health Inc.,2070000
2019,1,8900,Elevance Health Inc.,1300000
2019,2,8900,Elevance Health Inc.,1340000
2019,3,8900,Elevance Health Inc.,910000
2019,4,8900,Elevance Health Inc.,2440000
2020,1,8900,Elevance Health Inc.,1310000
2020,2,8900,Elevance Health Inc.,1480000
2020,3,8900,Elevance Health Inc.,990000
2020,4,8900,Elevance Health Inc.,1420000
2021,1,8900,Elevance Health Inc.,1550000
2021,2,8900,Elevance Health Inc.,1990000
2021,3,8900,Elevance Health Inc.,2470000
2021,4,8900,Elevance Health Inc.,1540000
2022,1,8900,Elevance Health Inc.,1930000
2022,2,8900,Elevance Health Inc.,1830000
2022,3,8900,Elevance Health Inc.,1860000
2022,4,8900,Elevance Health Inc.,1540000
2023,1,8900,Elevance Health Inc.,3887500
2023,2,8900,Elevance Health Inc.,1677500
2023,3,8900,Elevance Health Inc.,1537500
2023,4,8900,Elevance Health Inc.,1777500
2024,1,8900,Elevance Health Inc.,2697500
2024,2,8900,Elevance Health Inc.,1767500
2024,3,8900,Elevance Health Inc.,1590000
2024,4,8900,Elevance Health Inc.,1480000
2010,1,10927,Cigna Group,620750
2010,2,10927,Cigna Group,780750
2010,3,10927,Cigna Group,930750
2010,4,10927,Cigna Group,510750
2011,1,10927,Cigna Group,450750
2011,2,10927,Cigna Group,400750
2011,3,10927,Cigna Group,640750
2011,4,10927,Cigna Group,360750
2012,1,10927,Cigna Group,640750
2012,2,10927,Cigna Group,610750
2012,3,10927,Cigna Group,470750
2012,4,10927,Cigna Group,350750
2013,1,10927,Cigna Group,800750
2013,2,10927,Cigna Group,820750
2013,3,10927,Cigna Group,300750
2013,4,10927,Cigna Group,740750
2014,1,10927,Cigna Group,1960750
2014,2,10927,Cigna Group,820750
2014,3,10927,Cigna Group,640750
2014,4,10927,Cigna Group,690750
2015,1,10927,Cigna Group,1140750
2015,2,10927,Cigna Group,1370750
2015,3,10927,Cigna Group,1750750
2015,4,10927,Cigna Group,1950750
2016,1,10927,Cigna Group,1410750
2016,2,10927,Cigna Group,1440750
2016,3,10927,Cigna Group,1450750
2016,4,10927,Cigna Group,1820750
2017,1,10927,Cigna Group,1410750
2017,2,10927,Cigna Group,2140750
2017,3,10927,Cigna Group,1730750
2017,4,10927,Cigna Group,1880750
2018,1,10927,Cigna Group,2300750
2018,2,10927,Cigna Group,2140750
2018,3,10927,Cigna Group,1920750
2018,4,10927,Cigna Group,2820750
2019,1,10927,Cigna Group,2370000
2019,2,10927,Cigna Group,2770000
2019,3,10927,Cigna Group,2770000
2019,4,10927,Cigna Group,2330000
2020,1,10927,Cigna Group,1920000
2020,2,10927,Cigna Group,2920000
2020,3,10927,Cigna Group,2080000
2020,4,10927,Cigna Group,1955000
2021,1,10927,Cigna Group,2295000
2021,2,10927,Cigna Group,2700000
2021,3,10927,Cigna Group,1830000
2021,4,10927,Cigna Group,3700000
2022,1,10927,Cigna Group,3980000
2022,2,10927,Cigna Group,1330000
2022,3,10927,Cigna Group,3290000
2022,4,10927,Cigna Group,1380000
2023,1,10927,Cigna Group,5610000
2023,2,10927,Cigna Group,2000000
2023,3,10927,Cigna Group,2030000
2023,4,10927,Cigna Group,2330000
2024,1,10927,Cigna Group,3310000
2024,2,10927,Cigna Group,2600000
2024,3,10927,Cigna Group,2120000
2024,4,10927,Cigna Group,1820000
2010,1,11862,Ford Motor Co.,1700000
2010,2,11862,Ford Motor Co.,1740000
2010,3,11862,Ford Motor Co.,1680000
2010,4,11862,Ford Motor Co.,1650000
2011,1,11862,Ford Motor Co.,1980000
2011,2,11862,Ford Motor Co.,2010000
2011,3,11862,Ford Motor Co.,2033000
2011,4,11862,Ford Motor Co.,1814000
2012,1,11862,Ford Motor Co.,1980000
2012,2,11862,Ford Motor Co.,1930000
2012,3,11862,Ford Motor Co.,1930000
2012,4,11862,Ford Motor Co.,1920000
2013,1,11862,Ford Motor Co.,1860000
2013,2,11862,Ford Motor Co.,1870000
2013,3,11862,Ford Motor Co.,1590000
2013,4,11862,Ford Motor Co.,6380000
2014,1,11862,Ford Motor Co.,1419000
2014,2,11862,Ford Motor Co.,1501362
2014,3,11862,Ford Motor Co.,1362665
2014,4,11862,Ford Motor Co.,1258681
2015,1,11862,Ford Motor Co.,1324946
2015,2,11862,Ford Motor Co.,1349864
2015,3,11862,Ford Motor Co.,1298088
2015,4,11862,Ford Motor Co.,1320188
2016,1,11862,Ford Motor Co.,1482151
2016,2,11862,Ford Motor Co.,1447805
2016,3,11862,Ford Motor Co.,1427821
2016,4,11862,Ford Motor Co.,1404183
2017,1,11862,Ford Motor Co.,1389717
2017,2,11862,Ford Motor Co.,1379237
2017,3,11862,Ford Motor Co.,1337808
2017,4,11862,Ford Motor Co.,1328956
2018,1,11862,Ford Motor Co.,1288252
2018,2,11862,Ford Motor Co.,1422643
2018,3,11862,Ford Motor Co.,1399835
2018,4,11862,Ford Motor Co.,1363692
2019,1,11862,Ford Motor Co.,1343468
2019,2,11862,Ford Motor Co.,1385829
2019,3,11862,Ford Motor Co.,1377880
2019,4,11862,Ford Motor Co.,1354776
2020,1,11862,Ford Motor Co.,1048901
2020,2,11862,Ford Motor Co.,1043564
2020,3,11862,Ford Motor Co.,1067384
2020,4,11862,Ford Motor Co.,1168361
2021,1,11862,Ford Motor Co.,1354998
2021,2,11862,Ford Motor Co.,1151131
2021,3,11862,Ford Motor Co.,1312948
2021,4,11862,Ford Motor Co.,1370835
2022,1,11862,Ford Motor Co.,1232981
2022,2,11862,Ford Motor Co.,1635429
2022,3,11862,Ford Motor Co.,959198
2022,4,11862,Ford Motor Co.,1272652
2023,1,11862,Ford Motor Co.,1308888
2023,2,11862,Ford Motor Co.,1471450
2023,3,11862,Ford Motor Co.,933486
2023,4,11862,Ford Motor Co.,972979
2024,1,11862,Ford Motor Co.,1740354
2024,2,11862,Ford Motor Co.,983142
2024,3,11862,Ford Motor Co.,784216
2024,4,11862,Ford Motor Co.,960409
2010,1,18384,Airlines for America Inc.,1650000
2010,2,18384,Airlines for America Inc.,1390000
2010,3,18384,Airlines for America Inc.,1080000
2010,4,18384,Airlines for America Inc.,1220000
2011,1,18384,Airlines for America Inc.,1080000
2011,2,18384,Airlines for America Inc.,1060000
2011,3,18384,Airlines for America Inc.,1230000
2011,4,18384,Airlines for America Inc.,2780000
2012,1,18384,Airlines for America Inc.,1420000
2012,2,18384,Airlines for America Inc.,1780000
2012,3,18384,Airlines for America Inc.,2040000
2012,4,18384,Airlines for America Inc.,2340000
2013,1,18384,Airlines for America Inc.,1670000
2013,2,18384,Airlines for America Inc.,2080000
2013,3,18384,Airlines for America Inc.,1930000
2013,4,18384,Airlines for America Inc.,3220000
2014,1,18384,Airlines for America Inc.,1420000
2014,2,18384,Airlines for America Inc.,1520000
2014,3,18384,Airlines for America Inc.,2250000
2014,4,18384,Airlines for America Inc.,2530000
2015,1,18384,Airlines for America Inc.,1620000
2015,2,18384,Airlines for America Inc.,1650000
2015,3,18384,Airlines for America Inc.,1480000
2015,4,18384,Airlines for America Inc.,1720000
2016,1,18384,Airlines for America Inc.,1940000
2016,2,18384,Airlines for America Inc.,2287333
2016,3,18384,Airlines for America Inc.,1940000
2016,4,18384,Airlines for America Inc.,1770000
2017,1,18384,Airlines for America Inc.,2110000
2017,2,18384,Airlines for America Inc.,2460000
2017,3,18384,Airlines for America Inc.,3070000
2017,4,18384,Airlines for America Inc.,2590000
2018,1,18384,Airlines for America Inc.,2100000
2018,2,18384,Airlines for America Inc.,2100000
2018,3,18384,Airlines for America Inc.,2096900
2018,4,18384,Airlines for America Inc.,2006200
2019,1,18384,Airlines for America Inc.,1719400
2019,2,18384,Airlines for America Inc.,1687700
2019,3,18384,Airlines for America Inc.,1617700
2019,4,18384,Airlines for America Inc.,1772900
2020,1,18384,Airlines for America Inc.,2361800
2020,2,18384,Airlines for America Inc.,1920800
2020,3,18384,Airlines for America Inc.,1751500
2020,4,18384,Airlines for America Inc.,1847600
2021,1,18384,Airlines for America Inc.,1714800
2021,2,18384,Airlines for America Inc.,1771700
2021,3,18384,Airlines for America Inc.,1649300
2021,4,18384,Airlines for America Inc.,1691700
2022,1,18384,Airlines for America Inc.,1703200
2022,2,18384,Airlines for America Inc.,1581600
2022,3,18384,Airlines for America Inc.,1818600
2022,4,18384,Airlines for America Inc.,1699700
2023,1,18384,Airlines for America Inc.,1852300
2023,2,18384,Airlines for America Inc.,1831700
2023,3,18384,Airlines for America Inc.,1883200
2023,4,18384,Airlines for America Inc.,1719700
2024,1,18384,Airlines for America Inc.,1818700
2024,2,18384,Airlines for America Inc.,1769300
2024,3,18384,Airlines for America Inc.,1952300
2024,4,18384,Airlines for America Inc.,1542400
2010,1,20225,GSK plc,2557500
2010,2,20225,GSK plc,1477500
2010,3,20225,GSK plc,1872500
2010,4,20225,GSK plc,1312500
2011,1,20225,GSK plc,1802500
2011,2,20225,GSK plc,1472500
2011,3,20225,GSK plc,2077500
2011,4,20225,GSK plc,1342500
2012,1,20225,GSK plc,1752500
2012,2,20225,GSK plc,1532500
2012,3,20225,GSK plc,1182500
2012,4,20225,GSK plc,1562500
2013,1,20225,GSK plc,1742500
2013,2,20225,GSK plc,782500
2013,3,20225,GSK plc,1532500
2013,4,20225,GSK plc,687500
2014,1,20225,GSK plc,1897500
2014,2,20225,GSK plc,1280000
2014,3,20225,GSK plc,1347500
2014,4,20225,GSK plc,787500
2015,1,20225,GSK plc,1940000
2015,2,20225,GSK plc,1333000
2015,3,20225,GSK plc,1042000
2015,4,20225,GSK plc,580000
2016,1,20225,GSK plc,1690000
2016,2,20225,GSK plc,1300000
2016,3,20225,GSK plc,870000
2016,4,20225,GSK plc,652000
2017,1,20225,GSK plc,1830000
2017,2,20225,GSK plc,1020000
2017,3,20225,GSK plc,900000
2017,4,20225,GSK plc,1380000
2018,1,20225,GSK plc,1400000
2018,2,20225,GSK plc,1685000
2018,3,20225,GSK plc,1415000
2018,4,20225,GSK plc,1190000
2019,1,20225,GSK plc,1760000
2019,2,20225,GSK plc,1140000
2019,3,20225,GSK plc,1630000
2019,4,20225,GSK plc,970000
2020,1,20225,GSK plc,1190000
2020,2,20225,GSK plc,1120000
2020,3,20225,GSK plc,1480000
2020,4,20225,GSK plc,1060000
2021,1,20225,GSK plc,2110000
2021,2,20225,GSK plc,1610000
2021,3,20225,GSK plc,1510000
2021,4,20225,GSK plc,1250000
2022,1,20225,GSK plc,1350000
2022,2,20225,GSK plc,1360000
2022,3,20225,GSK plc,1640000
2022,4,20225,GSK plc,1110000
2023,1,20225,GSK plc,1950000
2023,2,20225,GSK plc,1150000
2023,3,20225,GSK plc,1280000
2023,4,20225,GSK plc,1750000
2024,1,20225,GSK plc,1070000
2024,2,20225,GSK plc,1760000
2024,3,20225,GSK plc,1790000
2024,4,20225,GSK plc,1170000
2010,1,29779,American Medical Association,6380000
2010,2,29779,American Medical Association,8865000
2010,3,29779,American Medical Association,2485000
2010,4,29779,American Medical Association,5165000
2011,1,29779,American Medical Association,4417500
2011,2,29779,American Medical Association,4574000
2011,3,29779,American Medical Association,7474000
2011,4,29779,American Medical Association,5444000
2012,1,29779,American Medical Association,4884000
2012,2,29779,American Medical Association,4634000
2012,3,29779,American Medical Association,3914000
2012,4,29779,American Medical Association,3634000
2013,1,29779,American Medical Association,5147000
2013,2,29779,American Medical Association,4363000
2013,3,29779,American Medical Association,4507000
2013,4,29779,American Medical Association,4482500
2014,1,29779,American Medical Association,6552500
2014,2,29779,American Medical Association,4102500
2014,3,29779,American Medical Association,4472500
2014,4,29779,American Medical Association,4642500
2015,1,29779,American Medical Association,7012500
2015,2,29779,American Medical Association,5922500
2015,3,29779,American Medical Association,4522500
2015,4,29779,American Medical Association,4697500
2016,1,29779,American Medical Association,6787500
2016,2,29779,American Medical Association,4537500
2016,3,29779,American Medical Association,4097500
2016,4,29779,American Medical Association,4157500
2017,1,29779,American Medical Association,7027500
2017,2,29779,American Medical Association,5527500
2017,3,29779,American Medical Association,5107500
2017,4,29779,American Medical Association,4197500
2018,1,29779,American Medical Association,6837500
2018,2,29779,American Medical Association,4547500
2018,3,29779,American Medical Association,4367500
2018,4,29779,American Medical Association,4987500
2019,1,29779,American Medical Association,7017500
2019,2,29779,American Medical Association,4987500
2019,3,29779,American Medical Association,4817500
2019,4,29779,American Medical Association,4197500
2020,1,29779,American Medical Association,6877500
2020,2,29779,American Medical Association,4087500
2020,3,29779,American Medical Association,4507500
2020,4,29779,American Medical Association,4117500
2021,1,29779,American Medical Association,6540000
2021,2,29779,American Medical Association,4400000
2021,3,29779,American Medical Association,3670000
2021,4,29779,American Medical Association,4950000
2022,1,29779,American Medical Association,6700000
2022,2,29779,American Medical Association,4730000
2022,3,29779,American Medical Association,4540000
2022,4,29779,American Medical Association,5240000
2023,1,29779,American Medical Association,6940000
2023,2,29779,American Medical Association,4990000
2023,3,29779,American Medical Association,3660000
2023,4,29779,American Medical Association,5980000
2024,1,29779,American Medical Association,7520000
2024,2,29779,American Medical Association,5360000
2024,3,29779,American Medical Association,5570000
2024,4,29779,American Medical Association,6790000
2010,1,36150,Prudential Financial Inc.,2075000
2010,2,36150,Prudential Financial Inc.,3240000
2010,3,36150,Prudential Financial Inc.,2565000
2010,4,36150,Prudential Financial Inc.,2375000
2011,1,36150,Prudential Financial Inc.,2155000
2011,2,36150,Prudential Financial Inc.,2025000
2011,3,36150,Prudential Financial Inc.,2975000
2011,4,36150,Prudential Financial Inc.,2625000
2012,1,36150,Prudential Financial Inc.,2095000
2012,2,36150,Prudential Financial Inc.,2565000
2012,3,36150,Prudential Financial Inc.,2705000
2012,4,36150,Prudential Financial Inc.,2255000
2013,1,36150,Prudential Financial Inc.,2045000
2013,2,36150,Prudential Financial Inc.,2084000
2013,3,36150,Prudential Financial Inc.,2350400
2013,4,36150,Prudential Financial Inc.,2451400
2014,1,36150,Prudential Financial Inc.,2388700
2014,2,36150,Prudential Financial Inc.,2351500
2014,3,36150,Prudential Financial Inc.,2270000
2014,4,36150,Prudential Financial Inc.,2580000
2015,1,36150,Prudential Financial Inc.,2570000
2015,2,36150,Prudential Financial Inc.,2330000
2015,3,36150,Prudential Financial Inc.,2290000
2015,4,36150,Prudential Financial Inc.,2310000
2016,1,36150,Prudential Financial Inc.,2470000
2016,2,36150,Prudential Financial Inc.,3660000
2016,3,36150,Prudential Financial Inc.,2700000
2016,4,36150,Prudential Financial Inc.,2310000
2017,1,36150,Prudential Financial Inc.,2820000
2017,2,36150,Prudential Financial Inc.,2550000
2017,3,36150,Prudential Financial Inc.,2570000
2017,4,36150,Prudential Financial Inc.,2283000
2018,1,36150,Prudential Financial Inc.,2433000
2018,2,36150,Prudential Financial Inc.,2253000
2018,3,36150,Prudential Financial Inc.,1603000
2018,4,36150,Prudential Financial Inc.,1643000
2019,1,36150,Prudential Financial Inc.,1675000
2019,2,36150,Prudential Financial Inc.,1705000
2019,3,36150,Prudential Financial Inc.,1155000
2019,4,36150,Prudential Financial Inc.,1155000
2020,1,36150,Prudential Financial Inc.,1155000
2020,2,36150,Prudential Financial Inc.,900000
2020,3,36150,Prudential Financial Inc.,970000
2020,4,36150,Prudential Financial Inc.,1040000
2021,1,36150,Prudential Financial Inc.,940000
2021,2,36150,Prudential Financial Inc.,910000
2021,3,36150,Prudential Financial Inc.,915000
2021,4,36150,Prudential Financial Inc.,886000
2022,1,36150,Prudential Financial Inc.,779547
2022,2,36150,Prudential Financial Inc.,946888
2022,3,36150,Prudential Financial Inc.,869389
2022,4,36150,Prudential Financial Inc.,839513
2023,1,36150,Prudential Financial Inc.,947000
2023,2,36150,Prudential Financial Inc.,847000
2023,3,36150,Prudential Financial Inc.,1278000
2023,4,36150,Prudential Financial Inc.,959000
2024,1,36150,Prudential Financial Inc.,1342000
2024,2,36150,Prudential Financial Inc.,1675000
2024,3,36150,Prudential Financial Inc.,1880000
2024,4,36150,Prudential Financial Inc.,1542000
2010,1,46079,Gilead Sciences Inc.,785000
2010,2,46079,Gilead Sciences Inc.,655000
2010,3,46079,Gilead Sciences Inc.,655000
2010,4,46079,Gilead Sciences Inc.,645000
2011,1,46079,Gilead Sciences Inc.,805000
2011,2,46079,Gilead Sciences Inc.,725000
2011,3,46079,Gilead Sciences Inc.,705000
2011,4,46079,Gilead Sciences Inc.,735000
2012,1,46079,Gilead Sciences Inc.,895000
2012,2,46079,Gilead Sciences Inc.,600000
2012,3,46079,Gilead Sciences Inc.,690000
2012,4,46079,Gilead Sciences Inc.,575000
2013,1,46079,Gilead Sciences Inc.,1003000
2013,2,46079,Gilead Sciences Inc.,920000
2013,3,46079,Gilead Sciences Inc.,1000000
2013,4,46079,Gilead Sciences Inc.,1010000
2014,1,46079,Gilead Sciences Inc.,1315000
2014,2,46079,Gilead Sciences Inc.,1305000
2014,3,46079,Gilead Sciences Inc.,1083000
2014,4,46079,Gilead Sciences Inc.,1073000
2015,1,46079,Gilead Sciences Inc.,1253000
2015,2,46079,Gilead Sciences Inc.,915000
2015,3,46079,Gilead Sciences Inc.,1065000
2015,4,46079,Gilead Sciences Inc.,1242900
2016,1,46079,Gilead Sciences Inc.,1300200
2016,2,46079,Gilead Sciences Inc.,1081000
2016,3,46079,Gilead Sciences Inc.,1175000
2016,4,46079,Gilead Sciences Inc.,1325000
2017,1,46079,Gilead Sciences Inc.,1489500
2017,2,46079,Gilead Sciences Inc.,1270000
2017,3,46079,Gilead Sciences Inc.,1290000
2017,4,46079,Gilead Sciences Inc.,1380000
2018,1,46079,Gilead Sciences Inc.,1265000
2018,2,46079,Gilead Sciences Inc.,1185000
2018,3,46079,Gilead Sciences Inc.,930000
2018,4,46079,Gilead Sciences Inc.,980000
2019,1,46079,Gilead Sciences Inc.,2340000
2019,2,46079,Gilead Sciences Inc.,1710000
2019,3,46079,Gilead Sciences Inc.,2160000
2019,4,46079,Gilead Sciences Inc.,1940000
2020,1,46079,Gilead Sciences Inc.,3155000
2020,2,46079,Gilead Sciences Inc.,1985000
2020,3,46079,Gilead Sciences Inc.,2535000
2020,4,46079,Gilead Sciences Inc.,2175000
2021,1,46079,Gilead Sciences Inc.,3175000
2021,2,46079,Gilead Sciences Inc.,2045000
2021,3,46079,Gilead Sciences Inc.,2895000
2021,4,46079,Gilead Sciences Inc.,2585000
2022,1,46079,Gilead Sciences Inc.,3245000
2022,2,46079,Gilead Sciences Inc.,1997000
2022,3,46079,Gilead Sciences Inc.,3155000
2022,4,46079,Gilead Sciences Inc.,2125000
2023,1,46079,Gilead Sciences Inc.,3525000
2023,2,46079,Gilead Sciences Inc.,2185000
2023,3,46079,Gilead Sciences Inc.,3175000
2023,4,46079,Gilead Sciences Inc.,2415000
2024,1,46079,Gilead Sciences Inc.,3475000
2024,2,46079,Gilead Sciences Inc.,2295000
2024,3,46079,Gilead Sciences Inc.,2855000
2024,4,46079,Gilead Sciences Inc.,3245000
2010,1,47555,Blue Cross Blue Shield Association,2380000
2010,2,47555,Blue Cross Blue Shield Association,2020000
2010,3,47555,Blue Cross Blue Shield Association,2250000
2010,4,47555,Blue Cross Blue Shield Association,2125000
2011,1,47555,Blue Cross Blue Shield Association,2380000
2011,2,47555,Blue Cross Blue Shield Association,2310000
2011,3,47555,Blue Cross Blue Shield Association,2510000
2011,4,47555,Blue Cross Blue Shield Association,2400000
2012,1,47555,Blue Cross Blue Shield Association,2580000
2012,2,47555,Blue Cross Blue Shield Association,2690000
2012,3,47555,Blue Cross Blue Shield Association,2520000
2012,4,47555,Blue Cross Blue Shield Association,2940000
2013,1,47555,Blue Cross Blue Shield Association,2540000
2013,2,47555,Blue Cross Blue Shield Association,2630000
2013,3,47555,Blue Cross Blue Shield Association,2880000
2013,4,47555,Blue Cross Blue Shield Association,2680000
2014,1,47555,Blue Cross Blue Shield Association,2420000
2014,2,47555,Blue Cross Blue Shield Association,2440000
2014,3,47555,Blue Cross Blue Shield Association,2480000
2014,4,47555,Blue Cross Blue Shield Association,2620000
2015,1,47555,Blue Cross Blue Shield Association,2636000
2015,2,47555,Blue Cross Blue Shield Association,2476000
2015,3,47555,Blue Cross Blue Shield Association,2896000
2015,4,47555,Blue Cross Blue Shield Association,2786000
2016,1,47555,Blue Cross Blue Shield Association,2496000
2016,2,47555,Blue Cross Blue Shield Association,2776000
2016,3,47555,Blue Cross Blue Shield Association,2726000
2016,4,47555,Blue Cross Blue Shield Association,2716000
2017,1,47555,Blue Cross Blue Shield Association,2756000
2017,2,47555,Blue Cross Blue Shield Association,2686000
2017,3,47555,Blue Cross Blue Shield Association,2666000
2017,4,47555,Blue Cross Blue Shield Association,2406000
2018,1,47555,Blue Cross Blue Shield Association,2450000
2018,2,47555,Blue Cross Blue Shield Association,2486000
2018,3,47555,Blue Cross Blue Shield Association,2346000
2018,4,47555,Blue Cross Blue Shield Association,2166000
2019,1,47555,Blue Cross Blue Shield Association,2136000
2019,2,47555,Blue Cross Blue Shield Association,2516000
2019,3,47555,Blue Cross Blue Shield Association,2066000
2019,4,47555,Blue Cross Blue Shield Association,2326000
2020,1,47555,Blue Cross Blue Shield Association,2436000
2020,2,47555,Blue Cross Blue Shield Association,2166000
2020,3,47555,Blue Cross Blue Shield Association,1692400
2020,4,47555,Blue Cross Blue Shield Association,1822400
2021,1,47555,Blue Cross Blue Shield Association,1737400
2021,2,47555,Blue Cross Blue Shield Association,2067400
2021,3,47555,Blue Cross Blue Shield Association,1795000
2021,4,47555,Blue Cross Blue Shield Association,1915000
2022,1,47555,Blue Cross Blue Shield Association,1790000
2022,2,47555,Blue Cross Blue Shield Association,1940000
2022,3,47555,Blue Cross Blue Shield Association,1877500
2022,4,47555,Blue Cross Blue Shield Association,1757500
2023,1,47555,Blue Cross Blue Shield Association,1547500
2023,2,47555,Blue Cross Blue Shield Association,1987500
2023,3,47555,Blue Cross Blue Shield Association,2127500
2023,4,47555,Blue Cross Blue Shield Association,2247500
2024,1,47555,Blue Cross Blue Shield Association,2310000
2024,2,47555,Blue Cross Blue Shield Association,1750000
2024,3,47555,Blue Cross Blue Shield Association,2230000
2024,4,47555,Blue Cross Blue Shield Association,2080000
2010,1,48709,Open Society Policy Center Inc.,390000
2010,2,48709,Open Society Policy Center Inc.,270000
2010,3,48709,Open Society Policy Center Inc.,880000
2010,4,48709,Open Society Policy Center Inc.,600000
2011,1,48709,Open Society Policy Center Inc.,140000
2011,2,48709,Open Society Policy Center Inc.,640000
2011,3,48709,Open Society Policy Center Inc.,690000
2011,4,48709,Open Society Policy Center Inc.,1010000
2012,1,48709,Open Society Policy Center Inc.,330000
2012,2,48709,Open Society Policy Center Inc.,320000
2012,3,48709,Open Society Policy Center Inc.,620000
2012,4,48709,Open Society Policy Center Inc.,2000000
2013,1,48709,Open Society Policy Center Inc.,1730000
2013,2,48709,Open Society Policy Center Inc.,1260000
2013,3,48709,Open Society Policy Center Inc.,3920000
2013,4,48709,Open Society Policy Center Inc.,4210000
2014,1,48709,Open Society Policy Center Inc.,2810000
2014,2,48709,Open Society Policy Center Inc.,2020000
2014,3,48709,Open Society Policy Center Inc.,1180000
2014,4,48709,Open Society Policy Center Inc.,6400000
2015,1,48709,Open Society Policy Center Inc.,1110000
2015,2,48709,Open Society Policy Center Inc.,1400000
2015,3,48709,Open Society Policy Center Inc.,3580000
2015,4,48709,Open Society Policy Center Inc.,2140000
2016,1,48709,Open Society Policy Center Inc.,1370000
2016,2,48709,Open Society Policy Center Inc.,1740000
2016,3,48709,Open Society Policy Center Inc.,550000
2016,4,48709,Open Society Policy Center Inc.,1800000
2017,1,48709,Open Society Policy Center Inc.,1700000
2017,2,48709,Open Society Policy Center Inc.,2860000
2017,3,48709,Open Society Policy Center Inc.,1250000
2017,4,48709,Open Society Policy Center Inc.,10310000
2018,1,48709,Open Society Policy Center Inc.,2530000
2018,2,48709,Open Society Policy Center Inc.,10400000
2018,3,48709,Open Society Policy Center Inc.,7740000
2018,4,48709,Open Society Policy Center Inc.,10970000
2019,1,48709,Open Society Policy Center Inc.,2610000
2019,2,48709,Open Society Policy Center Inc.,5940000
2019,3,48709,Open Society Policy Center Inc.,15940000
2019,4,48709,Open Society Policy Center Inc.,24070000
2020,1,48709,Open Society Policy Center Inc.,90000
2020,2,48709,Open Society Policy Center Inc.,10000
2020,3,48709,Open Society Policy Center Inc.,10000
2020,4,48709,Open Society Policy Center Inc.,90000
2021,1,48709,Open Society Policy Center Inc.,10000
2021,2,48709,Open Society Policy Center Inc.,10000
2021,3,48709,Open Society Policy Center Inc.,10000
2021,4,48709,Open Society Policy Center Inc.,10000
2023,1,48709,Open Society Policy Center Inc.,1570000
2023,2,48709,Open Society Policy Center Inc.,8400000
2023,3,48709,Open Society Policy Center Inc.,740000
2023,4,48709,Open Society Policy Center Inc.,800000
2024,1,48709,Open Society Policy Center Inc.,1380000
2024,2,48709,Open Society Policy Center Inc.,1080000
2024,3,48709,Open Society Policy Center Inc.,220000
2024,4,48709,Open Society Policy Center Inc.,200000
2010,1,49807,National Association of Realtors,4450000
2010,2,49807,National Association of Realtors,4070000
2010,3,49807,National Association of Realtors,4630000
2010,4,49807,National Association of Realtors,4900000
2011,1,49807,National Association of Realtors,3100000
2011,2,49807,National Association of Realtors,7160000
2011,3,49807,National Association of Realtors,6260000
2011,4,49807,National Association of Realtors,6160000
2012,1,49807,National Association of Realtors,6120000
2012,2,49807,National Association of Realtors,10120000
2012,3,49807,National Association of Realtors,9880000
2012,4,49807,National Association of Realtors,15600000
2013,1,49807,National Association of Realtors,8550000
2013,2,49807,National Association of Realtors,9290000
2013,3,49807,National Association of Realtors,8320000
2013,4,49807,National Association of Realtors,12690000
2014,1,49807,National Association of Realtors,7180000
2014,2,49807,National Association of Realtors,16550000
2014,3,49807,National Association of Realtors,18030000
2014,4,49807,National Association of Realtors,13400000
2015,1,49807,National Association of Realtors,7730000
2015,2,49807,National Association of Realtors,8220000
2015,3,49807,National Association of Realtors,7560000
2015,4,49807,National Association of Realtors,14320000
2016,1,49807,National Association of Realtors,12000000
2016,2,49807,National Association of Realtors,9420000
2016,3,49807,National Association of Realtors,23840000
2016,4,49807,National Association of Realtors,19580000
2017,1,49807,National Association of Realtors,10170000
2017,2,49807,National Association of Realtors,10970000
2017,3,49807,National Association of Realtors,11190000
2017,4,49807,National Association of Realtors,22250000
2018,1,49807,National Association of Realtors,13090000
2018,2,49807,National Association of Realtors,14340000
2018,3,49807,National Association of Realtors,26570000
2018,4,49807,National Association of Realtors,19110000
2019,1,49807,National Association of Realtors,11670000
2019,2,49807,National Association of Realtors,10430000
2019,3,49807,National Association of Realtors,8410000
2019,4,49807,National Association of Realtors,11290000
2020,1,49807,National Association of Realtors,13881000
2020,2,49807,National Association of Realtors,11920000
2020,3,49807,National Association of Realtors,33660000
2020,4,49807,National Association of Realtors,25370000
2021,1,49807,National Association of Realtors,8190000
2021,2,49807,National Association of Realtors,10350000
2021,3,49807,National Association of Realtors,13110000
2021,4,49807,National Association of Realtors,13230000
2022,1,49807,National Association of Realtors,12450000
2022,2,49807,National Association of Realtors,15130000
2022,3,49807,National Association of Realtors,29570000
2022,4,49807,National Association of Realtors,25570000
2023,1,49807,National Association of Realtors,13630000
2023,2,49807,National Association of Realtors,10390000
2023,3,49807,National Association of Realtors,10390000
2023,4,49807,National Association of Realtors,18670000
2024,1,49807,National Association of Realtors,15050000
2024,2,49807,National Association of Realtors,16770000
2024,3,49807,National Association of Realtors,32310000
2024,4,49807,National Association of Realtors,23140000
2010,1,54262,ConocoPhillips Co.,6458978
2010,2,54262,ConocoPhillips Co.,5573002
2010,3,54262,ConocoPhillips Co.,4921827
2010,4,54262,ConocoPhillips Co.,2872575
2011,1,54262,ConocoPhillips Co.,6278663
2011,2,54262,ConocoPhillips Co.,4398992
2011,3,54262,ConocoPhillips Co.,5656388
2011,4,54262,ConocoPhillips Co.,4513000
2012,1,54262,ConocoPhillips Co.,1110000
2012,2,54262,ConocoPhillips Co.,965000
2012,3,54262,ConocoPhillips Co.,544000
2012,4,54262,ConocoPhillips Co.,1714736
2013,1,54262,ConocoPhillips Co.,1288700
2013,2,54262,ConocoPhillips Co.,1127050
2013,3,54262,ConocoPhillips Co.,1133963
2013,4,54262,ConocoPhillips Co.,1592640
2014,1,54262,ConocoPhillips Co.,1109475
2014,2,54262,ConocoPhillips Co.,1024370
2014,3,54262,ConocoPhillips Co.,1004345
2014,4,54262,ConocoPhillips Co.,1611650
2015,1,54262,ConocoPhillips Co.,1185965
2015,2,54262,ConocoPhillips Co.,587400
2015,3,54262,ConocoPhillips Co.,652468
2015,4,54262,ConocoPhillips Co.,1399750
2016,1,54262,ConocoPhillips Co.,991000
2016,2,54262,ConocoPhillips Co.,659000
2016,3,54262,ConocoPhillips Co.,681000
2016,4,54262,ConocoPhillips Co.,893000
2017,1,54262,ConocoPhillips Co.,986000
2017,2,54262,ConocoPhillips Co.,1160000
2017,3,54262,ConocoPhillips Co.,700000
2017,4,54262,ConocoPhillips Co.,930000
2018,1,54262,ConocoPhillips Co.,1310000
2018,2,54262,ConocoPhillips Co.,602000
2018,3,54262,ConocoPhillips Co.,568000
2018,4,54262,ConocoPhillips Co.,1298000
2019,1,54262,ConocoPhillips Co.,2650000
2019,2,54262,ConocoPhillips Co.,800000
2019,3,54262,ConocoPhillips Co.,680000
2019,4,54262,ConocoPhillips Co.,1340000
2020,1,54262,ConocoPhillips Co.,2340000
2020,2,54262,ConocoPhillips Co.,740000
2020,3,54262,ConocoPhillips Co.,530000
2020,4,54262,ConocoPhillips Co.,1210000
2021,1,54262,ConocoPhillips Co.,1529800
2021,2,54262,ConocoPhillips Co.,950000
2021,3,54262,ConocoPhillips Co.,800000
2021,4,54262,ConocoPhillips Co.,1940000
2022,1,54262,ConocoPhillips Co.,4840000
2022,2,54262,ConocoPhillips Co.,1510000
2022,3,54262,ConocoPhillips Co.,800000
2022,4,54262,ConocoPhillips Co.,2510000
2023,1,54262,ConocoPhillips Co.,3600000
2023,2,54262,ConocoPhillips Co.,1020000
2023,3,54262,ConocoPhillips Co.,1185000
2023,4,54262,ConocoPhillips Co.,2985000
2024,1,54262,ConocoPhillips Co.,3425000
2024,2,54262,ConocoPhillips Co.,895000
2024,3,54262,ConocoPhillips Co.,835000
2024,4,54262,ConocoPhillips Co.,4165000
2010,1,57099,Business Roundtable Inc.,2864000
2010,2,57099,Business Roundtable Inc.,3564000
2010,3,57099,Business Roundtable Inc.,2843000
2010,4,57099,Business Roundtable Inc.,4361000
2011,1,57099,Business Roundtable Inc.,3167000
2011,2,57099,Business Roundtable Inc.,3325000
2011,3,57099,Business Roundtable Inc.,3619000
2011,4,57099,Business Roundtable Inc.,4469000
2012,1,57099,Business Roundtable Inc.,3429000
2012,2,57099,Business Roundtable Inc.,3209000
2012,3,57099,Business Roundtable Inc.,4600000
2012,4,57099,Business Roundtable Inc.,5179000
2013,1,57099,Business Roundtable Inc.,3389000
2013,2,57099,Business Roundtable Inc.,3419000
2013,3,57099,Business Roundtable Inc.,3635000
2013,4,57099,Business Roundtable Inc.,4900000
2014,1,57099,Business Roundtable Inc.,5010000
2014,2,57099,Business Roundtable Inc.,3975500
2014,3,57099,Business Roundtable Inc.,3912500
2014,4,57099,Business Roundtable Inc.,5079500
2015,1,57099,Business Roundtable Inc.,5275000
2015,2,57099,Business Roundtable Inc.,7235000
2015,3,57099,Business Roundtable Inc.,4364000
2015,4,57099,Business Roundtable Inc.,5799000
2016,1,57099,Business Roundtable Inc.,3976000
2016,2,57099,Business Roundtable Inc.,5566000
2016,3,57099,Business Roundtable Inc.,4246000
2016,4,57099,Business Roundtable Inc.,4925000
2017,1,57099,Business Roundtable Inc.,2935000
2017,2,57099,Business Roundtable Inc.,3813000
2017,3,57099,Business Roundtable Inc.,5079000
2017,4,57099,Business Roundtable Inc.,17879000
2018,1,57099,Business Roundtable Inc.,6119000
2018,2,57099,Business Roundtable Inc.,6230000
2018,3,57099,Business Roundtable Inc.,6590000
2018,4,57099,Business Roundtable Inc.,6210000
2019,1,57099,Business Roundtable Inc.,4019000
2019,2,57099,Business Roundtable Inc.,3659000
2019,3,57099,Business Roundtable Inc.,5539000
2019,4,57099,Business Roundtable Inc.,9119000
2020,1,57099,Business Roundtable Inc.,5475000
2020,2,57099,Business Roundtable Inc.,3805000
2020,3,57099,Business Roundtable Inc.,4495000
2020,4,57099,Business Roundtable Inc.,6055000
2021,1,57099,Business Roundtable Inc.,4425000
2021,2,57099,Business Roundtable Inc.,5775000
2021,3,57099,Business Roundtable Inc.,12620000
2021,4,57099,Business Roundtable Inc.,9220000
2022,1,57099,Business Roundtable Inc.,5615000
2022,2,57099,Business Roundtable Inc.,5150000
2022,3,57099,Business Roundtable Inc.,6720000
2022,4,57099,Business Roundtable Inc.,6070000
2023,1,57099,Business Roundtable Inc.,5740000
2023,2,57099,Business Roundtable Inc.,6010000
2023,3,57099,Business Roundtable Inc.,4340000
2023,4,57099,Business Roundtable Inc.,7010000
2024,1,57099,Business Roundtable Inc.,6880000
2024,2,57099,Business Roundtable Inc.,5860000
2024,3,57099,Business Roundtable Inc.,5200000
2024,4,57099,Business Roundtable Inc.,9240000
2010,1,61524,American Fuel & Petrochemical Manufacturers,301787
2010,2,61524,American Fuel & Petrochemical Manufacturers,631500
2010,3,61524,American Fuel & Petrochemical Manufacturers,1405767
2010,4,61524,American Fuel & Petrochemical Manufacturers,605855
2011,1,61524,American Fuel & Petrochemical Manufacturers,383835
2011,2,61524,American Fuel & Petrochemical Manufacturers,550867
2011,3,61524,American Fuel & Petrochemical Manufacturers,514576
2011,4,61524,American Fuel & Petrochemical Manufacturers,502371
2012,1,61524,American Fuel & Petrochemical Manufacturers,472732
2012,2,61524,American Fuel & Petrochemical Manufacturers,766518
2012,3,61524,American Fuel & Petrochemical Manufacturers,971070
2012,4,61524,American Fuel & Petrochemical Manufacturers,1723921
2013,1,61524,American Fuel & Petrochemical Manufacturers,944667
2013,2,61524,American Fuel & Petrochemical Manufacturers,1090822
2013,3,61524,American Fuel & Petrochemical Manufacturers,1602790
2013,4,61524,American Fuel & Petrochemical Manufacturers,1752809
2014,1,61524,American Fuel & Petrochemical Manufacturers,1117432
2014,2,61524,American Fuel & Petrochemical Manufacturers,1562788
2014,3,61524,American Fuel & Petrochemical Manufacturers,1397538
2014,4,61524,American Fuel & Petrochemical Manufacturers,1119807
2015,1,61524,American Fuel & Petrochemical Manufacturers,760640
2015,2,61524,American Fuel & Petrochemical Manufacturers,1141136
2015,3,61524,American Fuel & Petrochemical Manufacturers,1221656
2015,4,61524,American Fuel & Petrochemical Manufacturers,1149390
2016,1,61524,American Fuel & Petrochemical Manufacturers,614002
2016,2,61524,American Fuel & Petrochemical Manufacturers,769638
2016,3,61524,American Fuel & Petrochemical Manufacturers,1279156
2016,4,61524,American Fuel & Petrochemical Manufacturers,968946
2017,1,61524,American Fuel & Petrochemical Manufacturers,840414
2017,2,61524,American Fuel & Petrochemical Manufacturers,1267059
2017,3,61524,American Fuel & Petrochemical Manufacturers,1220257
2017,4,61524,American Fuel & Petrochemical Manufacturers,1081699
2018,1,61524,American Fuel & Petrochemical Manufacturers,1044004
2018,2,61524,American Fuel & Petrochemical Manufacturers,1065155
2018,3,61524,American Fuel & Petrochemical Manufacturers,1148888
2018,4,61524,American Fuel & Petrochemical Manufacturers,1120989
2019,1,61524,American Fuel & Petrochemical Manufacturers,993681
2019,2,61524,American Fuel & Petrochemical Manufacturers,1036676
2019,3,61524,American Fuel & Petrochemical Manufacturers,1004384
2019,4,61524,American Fuel & Petrochemical Manufacturers,1039368
2020,1,61524,American Fuel & Petrochemical Manufacturers,881439
2020,2,61524,American Fuel & Petrochemical Manufacturers,774644
2020,3,61524,American Fuel & Petrochemical Manufacturers,1085401
2020,4,61524,American Fuel & Petrochemical Manufacturers,1111422
2021,1,61524,American Fuel & Petrochemical Manufacturers,864982
2021,2,61524,American Fuel & Petrochemical Manufacturers,1139796
2021,3,61524,American Fuel & Petrochemical Manufacturers,1484434
2021,4,61524,American Fuel & Petrochemical Manufacturers,932500
2022,1,61524,American Fuel & Petrochemical Manufacturers,1032500
2022,2,61524,American Fuel & Petrochemical Manufacturers,1047500
2022,3,61524,American Fuel & Petrochemical Manufacturers,1447500
2022,4,61524,American Fuel & Petrochemical Manufacturers,1357500
2023,1,61524,American Fuel & Petrochemical Manufacturers,1477500
2023,2,61524,American Fuel & Petrochemical Manufacturers,1537500
2023,3,61524,American Fuel & Petrochemical Manufacturers,1727000
2023,4,61524,American Fuel & Petrochemical Manufacturers,3237000
2024,1,61524,American Fuel & Petrochemical Manufacturers,8067000
2024,2,61524,American Fuel & Petrochemical Manufacturers,11237000
2024,3,61524,American Fuel & Petrochemical Manufacturers,7540000
2024,4,61524,American Fuel & Petrochemical Manufacturers,1880000
2010,1,68834,CVS Health,2074475
2010,2,68834,CVS Health,2340000
2010,3,68834,CVS Health,2640000
2010,4,68834,CVS Health,2279000
2011,1,68834,CVS Health,2407000
2011,2,68834,CVS Health,2367321
2011,3,68834,CVS Health,2360000
2011,4,68834,CVS Health,2985000
2012,1,68834,CVS Health,2590000
2012,2,68834,CVS Health,2315000
2012,3,68834,CVS Health,2420000
2012,4,68834,CVS Health,3050000
2013,1,68834,CVS Health,3498680
2013,2,68834,CVS Health,2830957
2013,3,68834,CVS Health,2369926
2013,4,68834,CVS Health,5068939
2014,1,68834,CVS Health,3110000
2014,2,68834,CVS Health,3897640
2014,3,68834,CVS Health,4450000
2014,4,68834,CVS Health,3940000
2015,1,68834,CVS Health,4300000
2015,2,68834,CVS Health,3910000
2015,3,68834,CVS Health,3500000
2015,4,68834,CVS Health,4470000
2016,1,68834,CVS Health,1720000
2016,2,68834,CVS Health,1398247
2016,3,68834,CVS Health,1574500
2016,4,68834,CVS Health,2354500
2017,1,68834,CVS Health,2164500
2017,2,68834,CVS Health,1816500
2017,3,68834,CVS Health,1744500
2017,4,68834,CVS Health,1980000
2018,1,68834,CVS Health,2143000
2018,2,68834,CVS Health,1710000
2018,3,68834,CVS Health,1812000
2018,4,68834,CVS Health,2938000
2019,1,68834,CVS Health,2980000
2019,2,68834,CVS Health,2895000
2019,3,68834,CVS Health,3390000
2019,4,68834,CVS Health,2897000
2020,1,68834,CVS Health,3995000
2020,2,68834,CVS Health,2615000
2020,3,68834,CVS Health,2685000
2020,4,68834,CVS Health,2750000
2021,1,68834,CVS Health,2740000
2021,2,68834,CVS Health,2970000
2021,3,68834,CVS Health,2780000
2021,4,68834,CVS Health,3080000
2022,1,68834,CVS Health,4190000
2022,2,68834,CVS Health,2000000
2022,3,68834,CVS Health,2150000
2022,4,68834,CVS Health,4310000
2023,1,68834,CVS Health,7520000
2023,2,68834,CVS Health,2010000
2023,3,68834,CVS Health,1915000
2023,4,68834,CVS Health,2120000
2024,1,68834,CVS Health,3500000
2024,2,68834,CVS Health,2740000
2024,3,68834,CVS Health,1790000
2024,4,68834,CVS Health,2305000
2010,1,70834,American Hospital Association,4175000
2010,2,70834,American Hospital Association,4580000
2010,3,70834,American Hospital Association,4735000
2010,4,70834,American Hospital Association,5870000
2011,1,70834,American Hospital Association,4480000
2011,2,70834,American Hospital Association,4750000
2011,3,70834,American Hospital Association,5190000
2011,4,70834,American Hospital Association,5770000
2012,1,70834,American Hospital Association,4370000
2012,2,70834,American Hospital Association,4515000
2012,3,70834,American Hospital Association,3955000
2012,4,70834,American Hospital Association,5665000
2013,1,70834,American Hospital Association,4125000
2013,2,70834,American Hospital Association,5135000
2013,3,70834,American Hospital Association,4065000
2013,4,70834,American Hospital Association,4815000
2014,1,70834,American Hospital Association,4315000
2014,2,70834,American Hospital Association,4615000
2014,3,70834,American Hospital Association,4525000
2014,4,70834,American Hospital Association,5845000
2015,1,70834,American Hospital Association,4915000
2015,2,70834,American Hospital Association,5055000
2015,3,70834,American Hospital Association,4305000
2015,4,70834,American Hospital Association,5085000
2016,1,70834,American Hospital Association,5413000
2016,2,70834,American Hospital Association,4993000
2016,3,70834,American Hospital Association,4373000
2016,4,70834,American Hospital Association,5333000
2017,1,70834,American Hospital Association,4878000
2017,2,70834,American Hospital Association,4168000
2017,3,70834,American Hospital Association,4908000
2017,4,70834,American Hospital Association,5008000
2018,1,70834,American Hospital Association,5338000
2018,2,70834,American Hospital Association,4668000
2018,3,70834,American Hospital Association,5598000
2018,4,70834,American Hospital Association,5838000
2019,1,70834,American Hospital Association,5675000
2019,2,70834,American Hospital Association,5245000
2019,3,70834,American Hospital Association,5745000
2019,4,70834,American Hospital Association,6985000
2020,1,70834,American Hospital Association,6260000
2020,2,70834,American Hospital Association,4620000
2020,3,70834,American Hospital Association,5220000
2020,4,70834,American Hospital Association,4810000
2021,1,70834,American Hospital Association,5170000
2021,2,70834,American Hospital Association,5400000
2021,3,70834,American Hospital Association,4790000
2021,4,70834,American Hospital Association,6770000
2022,1,70834,American Hospital Association,5730000
2022,2,70834,American Hospital Association,4910000
2022,3,70834,American Hospital Association,5450000
2022,4,70834,American Hospital Association,7280000
2023,1,70834,American Hospital Association,5960000
2023,2,70834,American Hospital Association,6760000
2023,3,70834,American Hospital Association,5530000
2023,4,70834,American Hospital Association,8470000
2024,1,70834,American Hospital Association,6390000
2024,2,70834,American Hospital Association,6460000
2024,3,70834,American Hospital Association,5830000
2024,4,70834,American Hospital Association,6950000
2010,1,82003,Google LLC,1810000
2010,2,82003,Google LLC,1810000
2010,3,82003,Google LLC,1630000
2010,4,82003,Google LLC,1610000
2011,1,82003,Google LLC,1842500
2011,2,82003,Google LLC,2720000
2011,3,82003,Google LLC,3705000
2011,4,82003,Google LLC,5175000
2012,1,82003,Google LLC,6335000
2012,2,82003,Google LLC,5200000
2012,3,82003,Google LLC,5410000
2012,4,82003,Google LLC,4530000
2013,1,82003,Google LLC,4445000
2013,2,82003,Google LLC,4425000
2013,3,82003,Google LLC,4405000
2013,4,82003,Google LLC,5025000
2014,1,82003,Google LLC,4795000
2014,2,82003,Google LLC,6285000
2014,3,82003,Google LLC,4905000
2014,4,82003,Google LLC,4715000
2015,1,82003,Google LLC,6077500
2015,2,82003,Google LLC,5597500
2015,3,82003,Google LLC,4663123
2015,4,82003,Google LLC,4323684
2016,1,82003,Google LLC,4832893
2016,2,82003,Google LLC,5275300
2016,3,82003,Google LLC,4840377
2016,4,82003,Google LLC,4507500
2017,1,82003,Google LLC,4507500
2017,2,82003,Google LLC,6975000
2017,3,82003,Google LLC,5215000
2017,4,82003,Google LLC,5465000
2018,1,82003,Google LLC,6075000
2018,2,82003,Google LLC,6882500
2018,3,82003,Google LLC,6502500
2018,4,82003,Google LLC,5925000
2019,1,82003,Google LLC,4405000
2019,2,82003,Google LLC,3665000
2019,3,82003,Google LLC,3325000
2019,4,82003,Google LLC,3265000
2020,1,82003,Google LLC,395000
2020,2,82003,Google LLC,275000
2020,3,82003,Google LLC,265000
2020,4,82003,Google LLC,305000
2021,1,82003,Google LLC,150000
2021,2,82003,Google LLC,60000
2021,3,82003,Google LLC,60000
2021,4,82003,Google LLC,90000
2022,1,82003,Google LLC,100000
2022,2,82003,Google LLC,90000
2022,3,82003,Google LLC,20000
2023,3,82003,Google LLC,30000
2010,1,87012,American Association for Justice,1360000
2010,2,87012,American Association for Justice,1340000
2010,3,87012,American Association for Justice,1230000
2010,4,87012,American Association for Justice,1180000
2011,1,87012,American Association for Justice,1130000
2011,2,87012,American Association for Justice,990000
2011,3,87012,American Association for Justice,1230000
2011,4,87012,American Association for Justice,1160000
2012,1,87012,American Association for Justice,1050000
2012,2,87012,American Association for Justice,1090000
2012,3,87012,American Association for Justice,1420000
2012,4,87012,American Association for Justice,1030000
2013,1,87012,American Association for Justice,1180000
2013,2,87012,American Association for Justice,1190000
2013,3,87012,American Association for Justice,1140000
2013,4,87012,American Association for Justice,1200000
2014,1,87012,American Association for Justice,1310000
2014,2,87012,American Association for Justice,1240000
2014,3,87012,American Association for Justice,1160000
2014,4,87012,American Association for Justice,1130000
2015,1,87012,American Association for Justice,1610000
2015,2,87012,American Association for Justice,1650000
2015,3,87012,American Association for Justice,1770000
2015,4,87012,American Association for Justice,1880000
2016,1,87012,American Association for Justice,1680000
2016,2,87012,American Association for Justice,1800000
2016,3,87012,American Association for Justice,2010000
2016,4,87012,American Association for Justice,1340000
2017,1,87012,American Association for Justice,1780000
2017,2,87012,American Association for Justice,2220000
2017,3,87012,American Association for Justice,2380000
2017,4,87012,American Association for Justice,1740000
2018,1,87012,American Association for Justice,2140000
2018,2,87012,American Association for Justice,1740000
2018,3,87012,American Association for Justice,1810000
2018,4,87012,American Association for Justice,1580000
2019,1,87012,American Association for Justice,1580000
2019,2,87012,American Association for Justice,1630000
2019,3,87012,American Association for Justice,1640000
2019,4,87012,American Association for Justice,1590000
2020,1,87012,American Association for Justice,1650000
2020,2,87012,American Association for Justice,1560000
2020,3,87012,American Association for Justice,1610000
2020,4,87012,American Association for Justice,1310000
2021,1,87012,American Association for Justice,1480000
2021,2,87012,American Association for Justice,1163000
2021,3,87012,American Association for Justice,1440000
2021,4,87012,American Association for Justice,1380000
2022,1,87012,American Association for Justice,1288375
2022,2,87012,American Association for Justice,1182750
2022,3,87012,American Association for Justice,1332750
2022,4,87012,American Association for Justice,1322750
2023,1,87012,American Association for Justice,1312750
2023,2,87012,American Association for Justice,1532750
2023,3,87012,American Association for Justice,1479000
2023,4,87012,American Association for Justice,1574750
2024,1,87012,American Association for Justice,1414750
2024,2,87012,American Association for Justice,1564750
2024,3,87012,American Association for Justice,1395500
2024,4,87012,American Association for Justice,1415500
2010,1,87025,MasterCard Worldwide Inc.,1310000
2010,2,87025,MasterCard Worldwide Inc.,3150000
2010,3,87025,MasterCard Worldwide Inc.,1330000
2010,4,87025,MasterCard Worldwide Inc.,1080000
2011,1,87025,MasterCard Worldwide Inc.,1470000
2011,2,87025,MasterCard Worldwide Inc.,1280000
2011,3,87025,MasterCard Worldwide Inc.,970000
2011,4,87025,MasterCard Worldwide Inc.,1250000
2012,1,87025,MasterCard Worldwide Inc.,1740000
2012,2,87025,MasterCard Worldwide Inc.,890000
2012,3,87025,MasterCard Worldwide Inc.,1090800
2012,4,87025,MasterCard Worldwide Inc.,1240000
2013,1,87025,MasterCard Worldwide Inc.,960000
2013,2,87025,MasterCard Worldwide Inc.,1700000
2013,3,87025,MasterCard Worldwide Inc.,1460000
2013,4,87025,MasterCard Worldwide Inc.,1350000
2014,1,87025,MasterCard Worldwide Inc.,1250000
2014,2,87025,MasterCard Worldwide Inc.,1735000
2014,3,87025,MasterCard Worldwide Inc.,1720000
2014,4,87025,MasterCard Worldwide Inc.,1250000
2015,1,87025,MasterCard Worldwide Inc.,1340000
2015,2,87025,MasterCard Worldwide Inc.,1500000
2015,3,87025,MasterCard Worldwide Inc.,1690000
2015,4,87025,MasterCard Worldwide Inc.,1730000
2016,1,87025,MasterCard Worldwide Inc.,2080000
2016,2,87025,MasterCard Worldwide Inc.,1400000
2016,3,87025,MasterCard Worldwide Inc.,1170000
2016,4,87025,MasterCard Worldwide Inc.,1120000
2017,1,87025,MasterCard Worldwide Inc.,1388750
2017,2,87025,MasterCard Worldwide Inc.,1328750
2017,3,87025,MasterCard Worldwide Inc.,1158750
2017,4,87025,MasterCard Worldwide Inc.,978750
2018,1,87025,MasterCard Worldwide Inc.,1408750
2018,2,87025,MasterCard Worldwide Inc.,1163750
2018,3,87025,MasterCard Worldwide Inc.,1238750
2018,4,87025,MasterCard Worldwide Inc.,1078750
2019,1,87025,MasterCard Worldwide Inc.,1088750
2019,2,87025,MasterCard Worldwide Inc.,908750
2019,3,87025,MasterCard Worldwide Inc.,1188750
2019,4,87025,MasterCard Worldwide Inc.,946250
2020,1,87025,MasterCard Worldwide Inc.,1246250
2020,2,87025,MasterCard Worldwide Inc.,1176250
2020,3,87025,MasterCard Worldwide Inc.,906250
2020,4,87025,MasterCard Worldwide Inc.,716250
2021,1,87025,MasterCard Worldwide Inc.,2546250
2021,2,87025,MasterCard Worldwide Inc.,1701250
2021,3,87025,MasterCard Worldwide Inc.,2101250
2021,4,87025,MasterCard Worldwide Inc.,1831250
2022,1,87025,MasterCard Worldwide Inc.,2561250
2022,2,87025,MasterCard Worldwide Inc.,2601250
2022,3,87025,MasterCard Worldwide Inc.,2401250
2022,4,87025,MasterCard Worldwide Inc.,2161250
2023,1,87025,MasterCard Worldwide Inc.,1463750
2023,2,87025,MasterCard Worldwide Inc.,1278750
2023,3,87025,MasterCard Worldwide Inc.,1293000
2023,4,87025,MasterCard Worldwide Inc.,1238000
2024,1,87025,MasterCard Worldwide Inc.,1728000
2024,2,87025,MasterCard Worldwide Inc.,1468000
2024,3,87025,MasterCard Worldwide Inc.,1180000
2024,4,87025,MasterCard Worldwide Inc.,1960000
2010,1,91032,Bayer Corp.,1218200
2010,2,91032,Bayer Corp.,974670
2010,3,91032,Bayer Corp.,1212400
2010,4,91032,Bayer Corp.,953370
2011,1,91032,Bayer Corp.,1610000
2011,2,91032,Bayer Corp.,1530000
2011,3,91032,Bayer Corp.,1400000
2011,4,91032,Bayer Corp.,1390000
2012,1,91032,Bayer Corp.,1510000
2012,2,91032,Bayer Corp.,1500321
2012,3,91032,Bayer Corp.,1360000
2012,4,91032,Bayer Corp.,1180000
2013,1,91032,Bayer Corp.,1840000
2013,2,91032,Bayer Corp.,1090000
2013,3,91032,Bayer Corp.,1150000
2013,4,91032,Bayer Corp.,1040000
2014,1,91032,Bayer Corp.,2235000
2014,2,91032,Bayer Corp.,1585000
2014,3,91032,Bayer Corp.,1670000
2014,4,91032,Bayer Corp.,1410000
2015,1,91032,Bayer Corp.,1900000
2015,2,91032,Bayer Corp.,2250000
2015,3,91032,Bayer Corp.,1910000
2015,4,91032,Bayer Corp.,2240000
2016,1,91032,Bayer Corp.,2260000
2016,2,91032,Bayer Corp.,1780000
2016,3,91032,Bayer Corp.,2710000
2016,4,91032,Bayer Corp.,2380000
2017,1,91032,Bayer Corp.,2965000
2017,2,91032,Bayer Corp.,2635000
2017,3,91032,Bayer Corp.,2375000
2017,4,91032,Bayer Corp.,2705000
2018,1,91032,Bayer Corp.,3975000
2018,2,91032,Bayer Corp.,2230000
2018,3,91032,Bayer Corp.,1900000
2018,4,91032,Bayer Corp.,1600000
2019,1,91032,Bayer Corp.,2805000
2019,2,91032,Bayer Corp.,2975000
2019,3,91032,Bayer Corp.,2425000
2019,4,91032,Bayer Corp.,2215000
2020,1,91032,Bayer Corp.,2265000
2020,2,91032,Bayer Corp.,2045000
2020,3,91032,Bayer Corp.,1725000
2020,4,91032,Bayer Corp.,1665000
2021,1,91032,Bayer Corp.,2055000
2021,2,91032,Bayer Corp.,1695000
2021,3,91032,Bayer Corp.,1805000
2021,4,91032,Bayer Corp.,1745000
2022,1,91032,Bayer Corp.,1765000
2022,2,91032,Bayer Corp.,1765000
2022,3,91032,Bayer Corp.,1595000
2022,4,91032,Bayer Corp.,2285000
2023,1,91032,Bayer Corp.,2290000
2023,2,91032,Bayer Corp.,2000000
2023,3,91032,Bayer Corp.,1810000
2023,4,91032,Bayer Corp.,2510000
2024,1,91032,Bayer Corp.,2510000
2024,2,91032,Bayer Corp.,2430000
2024,3,91032,Bayer Corp.,2340000
2024,4,91032,Bayer Corp.,2270000
2010,1,94694,Association of American Railroads,2177594
2010,2,94694,Association of American Railroads,2984996
2010,3,94694,Association of American Railroads,2564614
2010,4,94694,Association of American Railroads,2487230
2011,1,94694,Association of American Railroads,1978955
2011,2,94694,Association of American Railroads,2701642
2011,3,94694,Association of American Railroads,4907734
2011,4,94694,Association of American Railroads,2576933
2012,1,94694,Association of American Railroads,2890504
2012,2,94694,Association of American Railroads,2955284
2012,3,94694,Association of American Railroads,3291778
2012,4,94694,Association of American Railroads,2647724
2013,1,94694,Association of American Railroads,1913167
2013,2,94694,Association of American Railroads,1859530
2013,3,94694,Association of American Railroads,1775622
2013,4,94694,Association of American Railroads,2327231
2014,1,94694,Association of American Railroads,1828104
2014,2,94694,Association of American Railroads,2421176
2014,3,94694,Association of American Railroads,1741424
2014,4,94694,Association of American Railroads,1733482
2015,1,94694,Association of American Railroads,1888031
2015,2,94694,Association of American Railroads,1910995
2015,3,94694,Association of American Railroads,1919829
2015,4,94694,Association of American Railroads,2116756
2016,1,94694,Association of American Railroads,1655776
2016,2,94694,Association of American Railroads,1342193
2016,3,94694,Association of American Railroads,1559936
2016,4,94694,Association of American Railroads,1484628
2017,1,94694,Association of American Railroads,1355361
2017,2,94694,Association of American Railroads,1472951
2017,3,94694,Association of American Railroads,1278203
2017,4,94694,Association of American Railroads,1467527
2018,1,94694,Association of American Railroads,1459592
2018,2,94694,Association of American Railroads,1450210
2018,3,94694,Association of American Railroads,1383840
2018,4,94694,Association of American Railroads,1414347
2019,1,94694,Association of American Railroads,1393071
2019,2,94694,Association of American Railroads,1457260
2019,3,94694,Association of American Railroads,1506212
2019,4,94694,Association of American Railroads,1380451
2020,1,94694,Association of American Railroads,1485627
2020,2,94694,Association of American Railroads,1513261
2020,3,94694,Association of American Railroads,1453985
2020,4,94694,Association of American Railroads,1350290
2021,1,94694,Association of American Railroads,1350306
2021,2,94694,Association of American Railroads,1415464
2021,3,94694,Association of American Railroads,1551759
2021,4,94694,Association of American Railroads,1411060
2022,1,94694,Association of American Railroads,1484562
2022,2,94694,Association of American Railroads,1453009
2022,3,94694,Association of American Railroads,1400568
2022,4,94694,Association of American Railroads,1358434
2023,1,94694,Association of American Railroads,1366546
2023,2,94694,Association of American Railroads,1318130
2023,3,94694,Association of American Railroads,1254592
2023,4,94694,Association of American Railroads,1246041
2024,1,94694,Association of American Railroads,1482876
2024,2,94694,Association of American Railroads,1555869
2024,3,94694,Association of American Railroads,1402898
2024,4,94694,Association of American Railroads,1357215
2010,1,96686,National Association of Broadcasters,4200000
2010,2,96686,National Association of Broadcasters,3640000
2010,3,96686,National Association of Broadcasters,4075000
2010,4,96686,National Association of Broadcasters,4385000
2011,1,96686,National Association of Broadcasters,4380000
2011,2,96686,National Association of Broadcasters,3960000
2011,3,96686,National Association of Broadcasters,3870000
2011,4,96686,National Association of Broadcasters,4180000
2012,1,96686,National Association of Broadcasters,4860000
2012,2,96686,National Association of Broadcasters,3890000
2012,3,96686,National Association of Broadcasters,4320000
2012,4,96686,National Association of Broadcasters,3900000
2013,1,96686,National Association of Broadcasters,4810000
2013,2,96686,National Association of Broadcasters,3710000
2013,3,96686,National Association of Broadcasters,3820000
2013,4,96686,National Association of Broadcasters,4490000
2014,1,96686,National Association of Broadcasters,6010000
2014,2,96686,National Association of Broadcasters,5400000
2014,3,96686,National Association of Broadcasters,4730000
2014,4,96686,National Association of Broadcasters,5240000
2015,1,96686,National Association of Broadcasters,5470000
2015,2,96686,National Association of Broadcasters,4935000
2015,3,96686,National Association of Broadcasters,4730000
2015,4,96686,National Association of Broadcasters,5380000
2016,1,96686,National Association of Broadcasters,5583000
2016,2,96686,National Association of Broadcasters,4320000
2016,3,96686,National Association of Broadcasters,4455000
2016,4,96686,National Association of Broadcasters,4935000
2017,1,96686,National Association of Broadcasters,4645000
2017,2,96686,National Association of Broadcasters,4205000
2017,3,96686,National Association of Broadcasters,4415000
2017,4,96686,National Association of Broadcasters,4610000
2018,1,96686,National Association of Broadcasters,4440000
2018,2,96686,National Association of Broadcasters,4100000
2018,3,96686,National Association of Broadcasters,3910000
2018,4,96686,National Association of Broadcasters,3790000
2019,1,96686,National Association of Broadcasters,4430000
2019,2,96686,National Association of Broadcasters,3430000
2019,3,96686,National Association of Broadcasters,3450000
2019,4,96686,National Association of Broadcasters,3320000
2020,1,96686,National Association of Broadcasters,3200000
2020,2,96686,National Association of Broadcasters,2540000
2020,3,96686,National Association of Broadcasters,2240000
2020,4,96686,National Association of Broadcasters,2350000
2021,1,96686,National Association of Broadcasters,2170000
2021,2,96686,National Association of Broadcasters,2480000
2021,3,96686,National Association of Broadcasters,2345000
2021,4,96686,National Association of Broadcasters,2305000
2022,1,96686,National Association of Broadcasters,2850000
2022,2,96686,National Association of Broadcasters,3370000
2022,3,96686,National Association of Broadcasters,3515000
2022,4,96686,National Association of Broadcasters,3565000
2023,1,96686,National Association of Broadcasters,3475000
2023,2,96686,National Association of Broadcasters,3400000
2023,3,96686,National Association of Broadcasters,3400000
2023,4,96686,National Association of Broadcasters,3600000
2024,1,96686,National Association of Broadcasters,3600000
2024,2,96686,National Association of Broadcasters,3560000
2024,3,96686,National Association of Broadcasters,3730000
2024,4,96686,National Association of Broadcasters,3280000
2010,1,144030,Altria Client Services LLC,4300000
2010,2,144030,Altria Client Services LLC,3490000
2010,3,144030,Altria Client Services LLC,3455000
2010,4,144030,Altria Client Services LLC,3370000
2011,1,144030,Altria Client Services LLC,3900000
2011,2,144030,Altria Client Services LLC,3720000
2011,3,144030,Altria Client Services LLC,4087500
2011,4,144030,Altria Client Services LLC,3540000
2012,1,144030,Altria Client Services LLC,3148000
2012,2,144030,Altria Client Services LLC,3840500
2012,3,144030,Altria Client Services LLC,3830500
2012,4,144030,Altria Client Services LLC,3582500
2013,1,144030,Altria Client Services LLC,3308500
2013,2,144030,Altria Client Services LLC,3628500
2013,3,144030,Altria Client Services LLC,3758000
2013,4,144030,Altria Client Services LLC,3250000
2014,1,144030,Altria Client Services LLC,3099500
2014,2,144030,Altria Client Services LLC,2969500
2014,3,144030,Altria Client Services LLC,3599500
2014,4,144030,Altria Client Services LLC,3259000
2015,1,144030,Altria Client Services LLC,3113500
2015,2,144030,Altria Client Services LLC,3303500
2015,3,144030,Altria Client Services LLC,3373500
2015,4,144030,Altria Client Services LLC,3478500
2016,1,144030,Altria Client Services LLC,3130500
2016,2,144030,Altria Client Services LLC,3270500
2016,3,144030,Altria Client Services LLC,3340500
2016,4,144030,Altria Client Services LLC,4100500
2017,1,144030,Altria Client Services LLC,3343000
2017,2,144030,Altria Client Services LLC,3513000
2017,3,144030,Altria Client Services LLC,3453000
2017,4,144030,Altria Client Services LLC,4092500
2018,1,144030,Altria Client Services LLC,3362500
2018,2,144030,Altria Client Services LLC,3662500
2018,3,144030,Altria Client Services LLC,3212500
2018,4,144030,Altria Client Services LLC,4212500
2019,1,144030,Altria Client Services LLC,3499500
2019,2,144030,Altria Client Services LLC,3439500
2019,3,144030,Altria Client Services LLC,3489500
2019,4,144030,Altria Client Services LLC,4069500
2020,1,144030,Altria Client Services LLC,3679500
2020,2,144030,Altria Client Services LLC,3299500
2020,3,144030,Altria Client Services LLC,4079500
2020,4,144030,Altria Client Services LLC,3469500
2021,1,144030,Altria Client Services LLC,3399500
2021,2,144030,Altria Client Services LLC,3769500
2021,3,144030,Altria Client Services LLC,4029500
2021,4,144030,Altria Client Services LLC,4429500
2022,1,144030,Altria Client Services LLC,3949500
2022,2,144030,Altria Client Services LLC,3989500
2022,3,144030,Altria Client Services LLC,4229500
2022,4,144030,Altria Client Services LLC,4289500
2023,1,144030,Altria Client Services LLC,3819500
2023,2,144030,Altria Client Services LLC,4069500
2023,3,144030,Altria Client Services LLC,3779500
2023,4,144030,Altria Client Services LLC,4349500
2024,1,144030,Altria Client Services LLC,4269500
2024,2,144030,Altria Client Services LLC,4279500
2024,3,144030,Altria Client Services LLC,4279500
2024,4,144030,Altria Client Services LLC,4909500
2010,1,148229,Recording Industry Association of America,1664053
2010,2,148229,Recording Industry Association of America,1678227
2010,3,148229,Recording Industry Association of America,1567438
2010,4,148229,Recording Industry Association of America,1787529
2011,1,148229,Recording Industry Association of America,2300000
2011,2,148229,Recording Industry Association of America,1480000
2011,3,148229,Recording Industry Association of America,1362133
2011,4,148229,Recording Industry Association of America,1511711
2012,1,148229,Recording Industry Association of America,1909236
2012,2,148229,Recording Industry Association of America,1402017
2012,3,148229,Recording Industry Association of America,1408177
2012,4,148229,Recording Industry Association of America,1276457
2013,1,148229,Recording Industry Association of America,1471804
2013,2,148229,Recording Industry Association of America,1526703
2013,3,148229,Recording Industry Association of America,1202936
2013,4,148229,Recording Industry Association of America,1319957
2014,1,148229,Recording Industry Association of America,1284551
2014,2,148229,Recording Industry Association of America,1480000
2014,3,148229,Recording Industry Association of America,1135585
2014,4,148229,Recording Industry Association of America,1078369
2015,1,148229,Recording Industry Association of America,1392761
2015,2,148229,Recording Industry Association of America,1498099
2015,3,148229,Recording Industry Association of America,1380898
2015,4,148229,Recording Industry Association of America,1255870
2016,1,148229,Recording Industry Association of America,1343300
2016,2,148229,Recording Industry Association of America,1421391
2016,3,148229,Recording Industry Association of America,1188064
2016,4,148229,Recording Industry Association of America,1210156
2017,1,148229,Recording Industry Association of America,1555629
2017,2,148229,Recording Industry Association of America,1280290
2017,3,148229,Recording Industry Association of America,1330634
2017,4,148229,Recording Industry Association of America,1542931
2018,1,148229,Recording Industry Association of America,1591508
2018,2,148229,Recording Industry Association of America,1728008
2018,3,148229,Recording Industry Association of America,1607398
2018,4,148229,Recording Industry Association of America,1555241
2019,1,148229,Recording Industry Association of America,1577852
2019,2,148229,Recording Industry Association of America,1513122
2019,3,148229,Recording Industry Association of America,1287947
2019,4,148229,Recording Industry Association of America,1419393
2020,1,148229,Recording Industry Association of America,1513108
2020,2,148229,Recording Industry Association of America,1260748
2020,3,148229,Recording Industry Association of America,1067288
2020,4,148229,Recording Industry Association of America,1230171
2021,1,148229,Recording Industry Association of America,1472937
2021,2,148229,Recording Industry Association of America,1630829
2021,3,148229,Recording Industry Association of America,1671923
2021,4,148229,Recording Industry Association of America,1467705
2022,1,148229,Recording Industry Association of America,2307284
2022,2,148229,Recording Industry Association of America,1970241
2022,3,148229,Recording Industry Association of America,1809468
2022,4,148229,Recording Industry Association of America,1930205
2023,1,148229,Recording Industry Association of America,2298307
2023,2,148229,Recording Industry Association of America,1646342
2023,3,148229,Recording Industry Association of America,1823411
2023,4,148229,Recording Industry Association of America,1720892
2024,1,148229,Recording Industry Association of America,2496635
2024,2,148229,Recording Industry Association of America,1801918
2024,3,148229,Recording Industry Association of America,1856107
2024,4,148229,Recording Industry Association of America,2002881
2010,1,149129,Walmart Inc.,2450000
2010,2,149129,Walmart Inc.,1980000
2010,3,149129,Walmart Inc.,1730000
2010,4,149129,Walmart Inc.,2280000
2011,1,149129,Walmart Inc.,3130000
2011,2,149129,Walmart Inc.,2180000
2011,3,149129,Walmart Inc.,2260000
2011,4,149129,Walmart Inc.,2990000
2012,1,149129,Walmart Inc.,2140000
2012,2,149129,Walmart Inc.,2120000
2012,3,149129,Walmart Inc.,2280000
2012,4,149129,Walmart Inc.,2110000
2013,1,149129,Walmart Inc.,2350000
2013,2,149129,Walmart Inc.,2610000
2013,3,149129,Walmart Inc.,2190000
2013,4,149129,Walmart Inc.,2660000
2014,1,149129,Walmart Inc.,2600000
2014,2,149129,Walmart Inc.,2660000
2014,3,149129,Walmart Inc.,2300000
2014,4,149129,Walmart Inc.,2570000
2015,1,149129,Walmart Inc.,2760000
2015,2,149129,Walmart Inc.,2200000
2015,3,149129,Walmart Inc.,2420000
2015,4,149129,Walmart Inc.,2225000
2016,1,149129,Walmart Inc.,2645000
2016,2,149129,Walmart Inc.,2285000
2016,3,149129,Walmart Inc.,2210000
2016,4,149129,Walmart Inc.,2490000
2017,1,149129,Walmart Inc.,2880000
2017,2,149129,Walmart Inc.,2160000
2017,3,149129,Walmart Inc.,2080000
2017,4,149129,Walmart Inc.,2490000
2018,1,149129,Walmart Inc.,2480000
2018,2,149129,Walmart Inc.,2170000
2018,3,149129,Walmart Inc.,2000000
2018,4,149129,Walmart Inc.,1940000
2019,1,149129,Walmart Inc.,2490000
2019,2,149129,Walmart Inc.,2080000
2019,3,149129,Walmart Inc.,2040000
2019,4,149129,Walmart Inc.,2300000
2020,1,149129,Walmart Inc.,2470000
2020,2,149129,Walmart Inc.,2140000
2020,3,149129,Walmart Inc.,2190000
2020,4,149129,Walmart Inc.,2160000
2021,1,149129,Walmart Inc.,2820000
2021,2,149129,Walmart Inc.,2000000
2021,3,149129,Walmart Inc.,1900000
2021,4,149129,Walmart Inc.,2800000
2022,1,149129,Walmart Inc.,2270000
2022,2,149129,Walmart Inc.,2020000
2022,3,149129,Walmart Inc.,2020000
2022,4,149129,Walmart Inc.,2010000
2023,1,149129,Walmart Inc.,2910000
2023,2,149129,Walmart Inc.,2310000
2023,3,149129,Walmart Inc.,2320000
2023,4,149129,Walmart Inc.,2240000
2024,1,149129,Walmart Inc.,3300000
2024,2,149129,Walmart Inc.,2120000
2024,3,149129,Walmart Inc.,2270000
2024,4,149129,Walmart Inc.,2107000
2010,1,150280,Sanofi U.S. Services Inc.,2100000
2010,2,150280,Sanofi U.S. Services Inc.,1300000
2010,3,150280,Sanofi U.S. Services Inc.,1830000
2010,4,150280,Sanofi U.S. Services Inc.,1360000
2011,1,150280,Sanofi U.S. Services Inc.,2199375
2011,2,150280,Sanofi U.S. Services Inc.,1273500
2011,3,150280,Sanofi U.S. Services Inc.,1448000
2011,4,150280,Sanofi U.S. Services Inc.,1068125
2012,1,150280,Sanofi U.S. Services Inc.,1080000
2012,2,150280,Sanofi U.S. Services Inc.,1850000
2012,3,150280,Sanofi U.S. Services Inc.,1360000
2012,4,150280,Sanofi U.S. Services Inc.,1890000
2013,1,150280,Sanofi U.S. Services Inc.,2050000
2013,2,150280,Sanofi U.S. Services Inc.,1050000
2013,3,150280,Sanofi U.S. Services Inc.,1560000
2013,4,150280,Sanofi U.S. Services Inc.,1040000
2014,1,150280,Sanofi U.S. Services Inc.,1820000
2014,2,150280,Sanofi U.S. Services Inc.,970000
2014,3,150280,Sanofi U.S. Services Inc.,1190000
2014,4,150280,Sanofi U.S. Services Inc.,1030000
2015,1,150280,Sanofi U.S. Services Inc.,1520000
2015,2,150280,Sanofi U.S. Services Inc.,990000
2015,3,150280,Sanofi U.S. Services Inc.,1320000
2015,4,150280,Sanofi U.S. Services Inc.,1140000
2016,1,150280,Sanofi U.S. Services Inc.,1159000
2016,2,150280,Sanofi U.S. Services Inc.,1420000
2016,3,150280,Sanofi U.S. Services Inc.,1240000
2016,4,150280,Sanofi U.S. Services Inc.,680000
2017,1,150280,Sanofi U.S. Services Inc.,2076000
2017,2,150280,Sanofi U.S. Services Inc.,920000
2017,3,150280,Sanofi U.S. Services Inc.,1310000
2017,4,150280,Sanofi U.S. Services Inc.,720000
2018,1,150280,Sanofi U.S. Services Inc.,2210000
2018,2,150280,Sanofi U.S. Services Inc.,1290000
2018,3,150280,Sanofi U.S. Services Inc.,950000
2018,4,150280,Sanofi U.S. Services Inc.,890000
2019,1,150280,Sanofi U.S. Services Inc.,1858000
2019,2,150280,Sanofi U.S. Services Inc.,1286000
2019,3,150280,Sanofi U.S. Services Inc.,1740000
2019,4,150280,Sanofi U.S. Services Inc.,983000
2020,1,150280,Sanofi U.S. Services Inc.,1950000
2020,2,150280,Sanofi U.S. Services Inc.,1060000
2020,3,150280,Sanofi U.S. Services Inc.,1500000
2020,4,150280,Sanofi U.S. Services Inc.,900000
2021,1,150280,Sanofi U.S. Services Inc.,1640000
2021,2,150280,Sanofi U.S. Services Inc.,1180000
2021,3,150280,Sanofi U.S. Services Inc.,1510000
2021,4,150280,Sanofi U.S. Services Inc.,1050000
2022,1,150280,Sanofi U.S. Services Inc.,2070000
2022,2,150280,Sanofi U.S. Services Inc.,1500000
2022,3,150280,Sanofi U.S. Services Inc.,930000
2022,4,150280,Sanofi U.S. Services Inc.,1070000
2023,1,150280,Sanofi U.S. Services Inc.,2060000
2023,2,150280,Sanofi U.S. Services Inc.,1320000
2023,3,150280,Sanofi U.S. Services Inc.,1720000
2023,4,150280,Sanofi U.S. Services Inc.,1080000
2024,1,150280,Sanofi U.S. Services Inc.,2360000
2024,2,150280,Sanofi U.S. Services Inc.,1060000
2024,3,150280,Sanofi U.S. Services Inc.,2015000
2024,4,150280,Sanofi U.S. Services Inc.,890000
2010,1,154499,American Electric Power Co. Inc.,3488715
2010,2,154499,American Electric Power Co. Inc.,1746073
2010,3,154499,American Electric Power Co. Inc.,2021864
2010,4,154499,American Electric Power Co. Inc.,3726544
2011,1,154499,American Electric Power Co. Inc.,2165210
2011,2,154499,American Electric Power Co. Inc.,2948379
2011,3,154499,American Electric Power Co. Inc.,1585430
2011,4,154499,American Electric Power Co. Inc.,4395572
2012,1,154499,American Electric Power Co. Inc.,1492319
2012,2,154499,American Electric Power Co. Inc.,2165903
2012,3,154499,American Electric Power Co. Inc.,2027856
2012,4,154499,American Electric Power Co. Inc.,2303057
2013,1,154499,American Electric Power Co. Inc.,2223606
2013,2,154499,American Electric Power Co. Inc.,1465320
2013,3,154499,American Electric Power Co. Inc.,1757760
2013,4,154499,American Electric Power Co. Inc.,2384799
2014,1,154499,American Electric Power Co. Inc.,1378923
2014,2,154499,American Electric Power Co. Inc.,2000417
2014,3,154499,American Electric Power Co. Inc.,1136145
2014,4,154499,American Electric Power Co. Inc.,2266082
2015,1,154499,American Electric Power Co. Inc.,1775670
2015,2,154499,American Electric Power Co. Inc.,1563978
2015,3,154499,American Electric Power Co. Inc.,1425850
2015,4,154499,American Electric Power Co. Inc.,1514269
2016,1,154499,American Electric Power Co. Inc.,1569477
2016,2,154499,American Electric Power Co. Inc.,1853138
2016,3,154499,American Electric Power Co. Inc.,1280671
2016,4,154499,American Electric Power Co. Inc.,1502816
2017,1,154499,American Electric Power Co. Inc.,2112733
2017,2,154499,American Electric Power Co. Inc.,1970712
2017,3,154499,American Electric Power Co. Inc.,1434172
2017,4,154499,American Electric Power Co. Inc.,1223770
2018,1,154499,American Electric Power Co. Inc.,2305668
2018,2,154499,American Electric Power Co. Inc.,1553448
2018,3,154499,American Electric Power Co. Inc.,1426930
2018,4,154499,American Electric Power Co. Inc.,1701508
2019,1,154499,American Electric Power Co. Inc.,2264625
2019,2,154499,American Electric Power Co. Inc.,2477603
2019,3,154499,American Electric Power Co. Inc.,1636514
2019,4,154499,American Electric Power Co. Inc.,2370237
2020,1,154499,American Electric Power Co. Inc.,2890241
2020,2,154499,American Electric Power Co. Inc.,1175646
2020,3,154499,American Electric Power Co. Inc.,2775097
2020,4,154499,American Electric Power Co. Inc.,1164723
2021,1,154499,American Electric Power Co. Inc.,1632587
2021,2,154499,American Electric Power Co. Inc.,2000766
2021,3,154499,American Electric Power Co. Inc.,1648686
2021,4,154499,American Electric Power Co. Inc.,1827189
2022,1,154499,American Electric Power Co. Inc.,1963191
2022,2,154499,American Electric Power Co. Inc.,2503100
2022,3,154499,American Electric Power Co. Inc.,1867191
2022,4,154499,American Electric Power Co. Inc.,2574025
2023,1,154499,American Electric Power Co. Inc.,2920144
2023,2,154499,American Electric Power Co. Inc.,2079543
2023,3,154499,American Electric Power Co. Inc.,1559486
2023,4,154499,American Electric Power Co. Inc.,1866694
2024,1,154499,American Electric Power Co. Inc.,2529126
2024,2,154499,American Electric Power Co. Inc.,1620441
2024,3,154499,American Electric Power Co. Inc.,1400766
2024,4,154499,American Electric Power Co. Inc.,1413487
2010,1,155802,Dow Chemical Co.,2815000
2010,2,155802,Dow Chemical Co.,3555000
2010,3,155802,Dow Chemical Co.,1900000
2010,4,155802,Dow Chemical Co.,2160000
2011,1,155802,Dow Chemical Co.,2795000
2011,2,155802,Dow Chemical Co.,2580000
2011,3,155802,Dow Chemical Co.,2445000
2011,4,155802,Dow Chemical Co.,1750000
2012,1,155802,Dow Chemical Co.,3265000
2012,2,155802,Dow Chemical Co.,3840000
2012,3,155802,Dow Chemical Co.,1520000
2012,4,155802,Dow Chemical Co.,2790000
2013,1,155802,Dow Chemical Co.,2830000
2013,2,155802,Dow Chemical Co.,2990000
2013,3,155802,Dow Chemical Co.,2910000
2013,4,155802,Dow Chemical Co.,1730000
2014,1,155802,Dow Chemical Co.,5310000
2014,2,155802,Dow Chemical Co.,5047500
2014,3,155802,Dow Chemical Co.,2732500
2014,4,155802,Dow Chemical Co.,2030000
2015,1,155802,Dow Chemical Co.,3300000
2015,2,155802,Dow Chemical Co.,3430000
2015,3,155802,Dow Chemical Co.,1820000
2015,4,155802,Dow Chemical Co.,3060000
2016,1,155802,Dow Chemical Co.,5130982
2016,2,155802,Dow Chemical Co.,3240000
2016,3,155802,Dow Chemical Co.,2855000
2016,4,155802,Dow Chemical Co.,3580000
2017,1,155802,Dow Chemical Co.,5510000
2017,2,155802,Dow Chemical Co.,2440000
2017,3,155802,Dow Chemical Co.,2080000
2017,4,155802,Dow Chemical Co.,2415000
2018,1,155802,Dow Chemical Co.,3770000
2018,2,155802,Dow Chemical Co.,1710000
2018,3,155802,Dow Chemical Co.,1610000
2018,4,155802,Dow Chemical Co.,1480000
2019,1,155802,Dow Chemical Co.,2620000
2019,2,155802,Dow Chemical Co.,1410000
2019,3,155802,Dow Chemical Co.,970000
2019,4,155802,Dow Chemical Co.,790000
2020,1,155802,Dow Chemical Co.,2020000
2020,2,155802,Dow Chemical Co.,980000
2020,3,155802,Dow Chemical Co.,1560000
2020,4,155802,Dow Chemical Co.,1280000
2021,1,155802,Dow Chemical Co.,2080000
2021,2,155802,Dow Chemical Co.,1800000
2021,3,155802,Dow Chemical Co.,1430000
2021,4,155802,Dow Chemical Co.,1980000
2022,1,155802,Dow Chemical Co.,2640000
2022,2,155802,Dow Chemical Co.,2080000
2022,3,155802,Dow Chemical Co.,1260000
2022,4,155802,Dow Chemical Co.,2140000
2023,1,155802,Dow Chemical Co.,1960000
2023,2,155802,Dow Chemical Co.,1040000
2023,3,155802,Dow Chemical Co.,1200000
2023,4,155802,Dow Chemical Co.,1650000
2024,1,155802,Dow Chemical Co.,2200000
2024,2,155802,Dow Chemical Co.,1290000
2024,3,155802,Dow Chemical Co.,1090000
2024,4,155802,Dow Chemical Co.,1340000
2010,1,159647,Meta Platforms Inc.,41390
2010,2,159647,Meta Platforms Inc.,60000
2010,3,159647,Meta Platforms Inc.,120000
2010,4,159647,Meta Platforms Inc.,130000
2011,1,159647,Meta Platforms Inc.,290000
2011,2,159647,Meta Platforms Inc.,447000
2011,3,159647,Meta Platforms Inc.,487000
2011,4,159647,Meta Platforms Inc.,567000
2012,1,159647,Meta Platforms Inc.,787000
2012,2,159647,Meta Platforms Inc.,1095000
2012,3,159647,Meta Platforms Inc.,1050000
2012,4,159647,Meta Platforms Inc.,1640000
2013,1,159647,Meta Platforms Inc.,2680000
2013,2,159647,Meta Platforms Inc.,1300000
2013,3,159647,Meta Platforms Inc.,1670000
2013,4,159647,Meta Platforms Inc.,1720000
2014,1,159647,Meta Platforms Inc.,3020000
2014,2,159647,Meta Platforms Inc.,2360000
2014,3,159647,Meta Platforms Inc.,2690000
2014,4,159647,Meta Platforms Inc.,2230000
2015,1,159647,Meta Platforms Inc.,2680000
2015,2,159647,Meta Platforms Inc.,2930000
2015,3,159647,Meta Platforms Inc.,2830000
2015,4,159647,Meta Platforms Inc.,2370000
2016,1,159647,Meta Platforms Inc.,3052000
2016,2,159647,Meta Platforms Inc.,2450000
2016,3,159647,Meta Platforms Inc.,2290000
2016,4,159647,Meta Platforms Inc.,1970000
2017,1,159647,Meta Platforms Inc.,3580000
2017,2,159647,Meta Platforms Inc.,2750000
2017,3,159647,Meta Platforms Inc.,3225000
2017,4,159647,Meta Platforms Inc.,3555000
2018,1,159647,Meta Platforms Inc.,3815000
2018,2,159647,Meta Platforms Inc.,4205000
2018,3,159647,Meta Platforms Inc.,3385000
2018,4,159647,Meta Platforms Inc.,3465000
2019,1,159647,Meta Platforms Inc.,4085000
2019,2,159647,Meta Platforms Inc.,4795000
2019,3,159647,Meta Platforms Inc.,5567500
2019,4,159647,Meta Platforms Inc.,5437500
2020,1,159647,Meta Platforms Inc.,6320000
2020,2,159647,Meta Platforms Inc.,5882500
2020,3,159647,Meta Platforms Inc.,5927500
2020,4,159647,Meta Platforms Inc.,5722500
2021,1,159647,Meta Platforms Inc.,5687500
2021,2,159647,Meta Platforms Inc.,5717500
2021,3,159647,Meta Platforms Inc.,6017500
2021,4,159647,Meta Platforms Inc.,6397500
2022,1,159647,Meta Platforms Inc.,6377500
2022,2,159647,Meta Platforms Inc.,6397500
2022,3,159647,Meta Platforms Inc.,5727500
2022,4,159647,Meta Platforms Inc.,4682500
2023,1,159647,Meta Platforms Inc.,5567500
2023,2,159647,Meta Platforms Inc.,5852500
2023,3,159647,Meta Platforms Inc.,6066250
2023,4,159647,Meta Platforms Inc.,5601250
2024,1,159647,Meta Platforms Inc.,8526250
2024,2,159647,Meta Platforms Inc.,6796250
2024,3,159647,Meta Platforms Inc.,6166250
2024,4,159647,Meta Platforms Inc.,6456250
2010,1,159844,Occidental Petroleum Corp.,642475
2010,2,159844,Occidental Petroleum Corp.,748504
2010,3,159844,Occidental Petroleum Corp.,760194
2010,4,159844,Occidental Petroleum Corp.,751816
2011,1,159844,Occidental Petroleum Corp.,967023
2011,2,159844,Occidental Petroleum Corp.,830627
2011,3,159844,Occidental Petroleum Corp.,1102804
2011,4,159844,Occidental Petroleum Corp.,1715315
2012,1,159844,Occidental Petroleum Corp.,1679165
2012,2,159844,Occidental Petroleum Corp.,1686062
2012,3,159844,Occidental Petroleum Corp.,1746725
2012,4,159844,Occidental Petroleum Corp.,1957243
2013,1,159844,Occidental Petroleum Corp.,2133508
2013,2,159844,Occidental Petroleum Corp.,1796792
2013,3,159844,Occidental Petroleum Corp.,1917387
2013,4,159844,Occidental Petroleum Corp.,2823639
2014,1,159844,Occidental Petroleum Corp.,2014060
2014,2,159844,Occidental Petroleum Corp.,2160660
2014,3,159844,Occidental Petroleum Corp.,3285933
2014,4,159844,Occidental Petroleum Corp.,2218145
2015,1,159844,Occidental Petroleum Corp.,2141114
2015,2,159844,Occidental Petroleum Corp.,1111401
2015,3,159844,Occidental Petroleum Corp.,3084612
2015,4,159844,Occidental Petroleum Corp.,1489193
2016,1,159844,Occidental Petroleum Corp.,1365997
2016,2,159844,Occidental Petroleum Corp.,2532111
2016,3,159844,Occidental Petroleum Corp.,1331997
2016,4,159844,Occidental Petroleum Corp.,1015796
2017,1,159844,Occidental Petroleum Corp.,1369450
2017,2,159844,Occidental Petroleum Corp.,1020950
2017,3,159844,Occidental Petroleum Corp.,1389384
2017,4,159844,Occidental Petroleum Corp.,2333868
2018,1,159844,Occidental Petroleum Corp.,1417861
2018,2,159844,Occidental Petroleum Corp.,2676312
2018,3,159844,Occidental Petroleum Corp.,1422781
2018,4,159844,Occidental Petroleum Corp.,1460470
2019,1,159844,Occidental Petroleum Corp.,1658354
2019,2,159844,Occidental Petroleum Corp.,1501051
2019,3,159844,Occidental Petroleum Corp.,2043697
2019,4,159844,Occidental Petroleum Corp.,2870000
2020,1,159844,Occidental Petroleum Corp.,2410000
2020,2,159844,Occidental Petroleum Corp.,750000
2020,3,159844,Occidental Petroleum Corp.,990000
2020,4,159844,Occidental Petroleum Corp.,2750000
2021,1,159844,Occidental Petroleum Corp.,1930000
2021,2,159844,Occidental Petroleum Corp.,2010000
2021,3,159844,Occidental Petroleum Corp.,3340000
2021,4,159844,Occidental Petroleum Corp.,4360000
2022,1,159844,Occidental Petroleum Corp.,3010000
2022,2,159844,Occidental Petroleum Corp.,1430000
2022,3,159844,Occidental Petroleum Corp.,2718000
2022,4,159844,Occidental Petroleum Corp.,4276000
2023,1,159844,Occidental Petroleum Corp.,3302000
2023,2,159844,Occidental Petroleum Corp.,3075000
2023,3,159844,Occidental Petroleum Corp.,2205000
2023,4,159844,Occidental Petroleum Corp.,4655000
2024,1,159844,Occidental Petroleum Corp.,2035000
2024,2,159844,Occidental Petroleum Corp.,2685000
2024,3,159844,Occidental Petroleum Corp.,1795000
2024,4,159844,Occidental Petroleum Corp.,4185000
2010,1,162689,Koch Cos. Public Sector LLC,2230000
2010,2,162689,Koch Cos. Public Sector LLC,2230000
2010,3,162689,Koch Cos. Public Sector LLC,2350000
2010,4,162689,Koch Cos. Public Sector LLC,2260000
2011,1,162689,Koch Cos. Public Sector LLC,2510000
2011,2,162689,Koch Cos. Public Sector LLC,2030000
2011,3,162689,Koch Cos. Public Sector LLC,1740000
2011,4,162689,Koch Cos. Public Sector LLC,3130000
2012,1,162689,Koch Cos. Public Sector LLC,2570000
2012,2,162689,Koch Cos. Public Sector LLC,3340000
2012,3,162689,Koch Cos. Public Sector LLC,2666000
2012,4,162689,Koch Cos. Public Sector LLC,3086000
2013,1,162689,Koch Cos. Public Sector LLC,2906000
2013,2,162689,Koch Cos. Public Sector LLC,3486000
2013,3,162689,Koch Cos. Public Sector LLC,2376000
2013,4,162689,Koch Cos. Public Sector LLC,2736000
2014,1,162689,Koch Cos. Public Sector LLC,2966000
2014,2,162689,Koch Cos. Public Sector LLC,3151000
2014,3,162689,Koch Cos. Public Sector LLC,4511000
2014,4,162689,Koch Cos. Public Sector LLC,4786000
2015,1,162689,Koch Cos. Public Sector LLC,3116000
2015,2,162689,Koch Cos. Public Sector LLC,3136000
2015,3,162689,Koch Cos. Public Sector LLC,2446000
2015,4,162689,Koch Cos. Public Sector LLC,3606000
2016,1,162689,Koch Cos. Public Sector LLC,3376000
2016,2,162689,Koch Cos. Public Sector LLC,2860000
2016,3,162689,Koch Cos. Public Sector LLC,2670000
2016,4,162689,Koch Cos. Public Sector LLC,2020000
2017,1,162689,Koch Cos. Public Sector LLC,3360000
2017,2,162689,Koch Cos. Public Sector LLC,2830000
2017,3,162689,Koch Cos. Public Sector LLC,2260000
2017,4,162689,Koch Cos. Public Sector LLC,2210000
2018,1,162689,Koch Cos. Public Sector LLC,3790000
2018,2,162689,Koch Cos. Public Sector LLC,2530000
2018,3,162689,Koch Cos. Public Sector LLC,2490000
2018,4,162689,Koch Cos. Public Sector LLC,2770000
2019,1,162689,Koch Cos. Public Sector LLC,4950000
2019,2,162689,Koch Cos. Public Sector LLC,2710000
2019,3,162689,Koch Cos. Public Sector LLC,2450000
2019,4,162689,Koch Cos. Public Sector LLC,2310000
2020,1,162689,Koch Cos. Public Sector LLC,3050000
2020,2,162689,Koch Cos. Public Sector LLC,2120000
2020,3,162689,Koch Cos. Public Sector LLC,2210000
2020,4,162689,Koch Cos. Public Sector LLC,2200000
2021,1,162689,Koch Cos. Public Sector LLC,3020000
2021,2,162689,Koch Cos. Public Sector LLC,3400000
2021,3,162689,Koch Cos. Public Sector LLC,3835000
2021,4,162689,Koch Cos. Public Sector LLC,3928000
2022,1,162689,Koch Cos. Public Sector LLC,3800000
2022,2,162689,Koch Cos. Public Sector LLC,3280000
2022,3,162689,Koch Cos. Public Sector LLC,3250000
2022,4,162689,Koch Cos. Public Sector LLC,3220000
2023,1,162689,Koch Cos. Public Sector LLC,3330000
2023,2,162689,Koch Cos. Public Sector LLC,2590000
2023,3,162689,Koch Cos. Public Sector LLC,2000000
2023,4,162689,Koch Cos. Public Sector LLC,2140000
2024,1,162689,Koch Cos. Public Sector LLC,3500000
2024,2,162689,Koch Cos. Public Sector LLC,2540000
2024,3,162689,Koch Cos. Public Sector LLC,2570000
2024,4,162689,Koch Cos. Public Sector LLC,2130000
2010,1,163650,PMI Global Services Inc.,720000
2010,2,163650,PMI Global Services Inc.,778000
2010,3,163650,PMI Global Services Inc.,1445000
2010,4,163650,PMI Global Services Inc.,680000
2011,1,163650,PMI Global Services Inc.,765000
2011,2,163650,PMI Global Services Inc.,885000
2011,3,163650,PMI Global Services Inc.,2628395
2011,4,163650,PMI Global Services Inc.,2067500
2012,1,163650,PMI Global Services Inc.,2212500
2012,2,163650,PMI Global Services Inc.,3242500
2012,3,163650,PMI Global Services Inc.,2924500
2012,4,163650,PMI Global Services Inc.,2417500
2013,1,163650,PMI Global Services Inc.,3032500
2013,2,163650,PMI Global Services Inc.,2612500
2013,3,163650,PMI Global Services Inc.,1302500
2013,4,163650,PMI Global Services Inc.,2372500
2014,1,163650,PMI Global Services Inc.,1462500
2014,2,163650,PMI Global Services Inc.,1332500
2014,3,163650,PMI Global Services Inc.,1312500
2014,4,163650,PMI Global Services Inc.,2032500
2015,1,163650,PMI Global Services Inc.,1190000
2015,2,163650,PMI Global Services Inc.,1030000
2015,3,163650,PMI Global Services Inc.,1170000
2015,4,163650,PMI Global Services Inc.,2260000
2016,1,163650,PMI Global Services Inc.,1370000
2016,2,163650,PMI Global Services Inc.,1350000
2016,3,163650,PMI Global Services Inc.,1580000
2016,4,163650,PMI Global Services Inc.,1920000
2017,1,163650,PMI Global Services Inc.,1630000
2017,2,163650,PMI Global Services Inc.,2550000
2017,3,163650,PMI Global Services Inc.,1860000
2017,4,163650,PMI Global Services Inc.,1540000
2018,1,163650,PMI Global Services Inc.,1740000
2018,2,163650,PMI Global Services Inc.,1970000
2018,3,163650,PMI Global Services Inc.,2470000
2018,4,163650,PMI Global Services Inc.,1585000
2019,1,163650,PMI Global Services Inc.,1515000
2019,2,163650,PMI Global Services Inc.,1545000
2019,3,163650,PMI Global Services Inc.,1875000
2019,4,163650,PMI Global Services Inc.,2085000
2020,1,163650,PMI Global Services Inc.,2005000
2020,2,163650,PMI Global Services Inc.,1880000
2020,3,163650,PMI Global Services Inc.,2530000
2020,4,163650,PMI Global Services Inc.,2060000
2021,1,163650,PMI Global Services Inc.,2130000
2021,2,163650,PMI Global Services Inc.,2900000
2021,3,163650,PMI Global Services Inc.,2970000
2021,4,163650,PMI Global Services Inc.,3510000
2022,1,163650,PMI Global Services Inc.,1990000
2022,2,163650,PMI Global Services Inc.,2200000
2022,3,163650,PMI Global Services Inc.,1900000
2022,4,163650,PMI Global Services Inc.,1730000
2023,1,163650,PMI Global Services Inc.,1690000
2023,2,163650,PMI Global Services Inc.,1850000
2023,3,163650,PMI Global Services Inc.,1530000
2023,4,163650,PMI Global Services Inc.,1590000
2024,1,163650,PMI Global Services Inc.,1690000
2024,2,163650,PMI Global Services Inc.,1900000
2024,3,163650,PMI Global Services Inc.,2080000
2024,4,163650,PMI Global Services Inc.,2150000
2010,1,168488,Pfizer Inc.,4970000
2010,2,168488,Pfizer Inc.,3000000
2010,3,168488,Pfizer Inc.,4790000
2010,4,168488,Pfizer Inc.,3113333
2011,1,168488,Pfizer Inc.,4490000
2011,2,168488,Pfizer Inc.,4260000
2011,3,168488,Pfizer Inc.,4100000
2011,4,168488,Pfizer Inc.,2400000
2012,1,168488,Pfizer Inc.,4150000
2012,2,168488,Pfizer Inc.,2910000
2012,3,168488,Pfizer Inc.,3210000
2012,4,168488,Pfizer Inc.,2370000
2013,1,168488,Pfizer Inc.,3520000
2013,2,168488,Pfizer Inc.,2180000
2013,3,168488,Pfizer Inc.,3020000
2013,4,168488,Pfizer Inc.,2760000
2014,1,168488,Pfizer Inc.,3880000
2014,2,168488,Pfizer Inc.,2330000
2014,3,168488,Pfizer Inc.,2810000
2014,4,168488,Pfizer Inc.,2160000
2015,1,168488,Pfizer Inc.,3850000
2015,2,168488,Pfizer Inc.,2450000
2015,3,168488,Pfizer Inc.,3140000
2015,4,168488,Pfizer Inc.,2860000
2016,1,168488,Pfizer Inc.,4170000
2016,2,168488,Pfizer Inc.,3580000
2016,3,168488,Pfizer Inc.,2460000
2016,4,168488,Pfizer Inc.,2906680
2017,1,168488,Pfizer Inc.,4602475
2017,2,168488,Pfizer Inc.,2720000
2017,3,168488,Pfizer Inc.,3670000
2017,4,168488,Pfizer Inc.,2720000
2018,1,168488,Pfizer Inc.,5410000
2018,2,168488,Pfizer Inc.,2700000
2018,3,168488,Pfizer Inc.,3580000
2018,4,168488,Pfizer Inc.,2880000
2019,1,168488,Pfizer Inc.,5160000
2019,2,168488,Pfizer Inc.,3820000
2019,3,168488,Pfizer Inc.,2630000
2019,4,168488,Pfizer Inc.,3280000
2020,1,168488,Pfizer Inc.,5125000
2020,2,168488,Pfizer Inc.,3525000
2020,3,168488,Pfizer Inc.,2985000
2020,4,168488,Pfizer Inc.,3305000
2021,1,168488,Pfizer Inc.,3840000
2021,2,168488,Pfizer Inc.,3060000
2021,3,168488,Pfizer Inc.,2520000
2021,4,168488,Pfizer Inc.,3830000
2022,1,168488,Pfizer Inc.,4660000
2022,2,168488,Pfizer Inc.,4330000
2022,3,168488,Pfizer Inc.,4055000
2022,4,168488,Pfizer Inc.,3855000
2023,1,168488,Pfizer Inc.,5345000
2023,2,168488,Pfizer Inc.,3350000
2023,3,168488,Pfizer Inc.,4990000
2023,4,168488,Pfizer Inc.,3670000
2024,1,168488,Pfizer Inc.,4080000
2024,2,168488,Pfizer Inc.,2990000
2024,3,168488,Pfizer Inc.,1610000
2024,4,168488,Pfizer Inc.,3300000
2010,1,169151,Toyota Motor North America Inc.,1176500
2010,2,169151,Toyota Motor North America Inc.,1944000
2010,3,169151,Toyota Motor North America Inc.,1398000
2010,4,169151,Toyota Motor North America Inc.,1351000
2011,1,169151,Toyota Motor North America Inc.,1362000
2011,2,169151,Toyota Motor North America Inc.,1508000
2011,3,169151,Toyota Motor North America Inc.,1110000
2011,4,169151,Toyota Motor North America Inc.,1260000
2012,1,169151,Toyota Motor North America Inc.,1075000
2012,2,169151,Toyota Motor North America Inc.,880000
2012,3,169151,Toyota Motor North America Inc.,1020000
2012,4,169151,Toyota Motor North America Inc.,920000
2013,1,169151,Toyota Motor North America Inc.,1001000
2013,2,169151,Toyota Motor North America Inc.,1663000
2013,3,169151,Toyota Motor North America Inc.,1420000
2013,4,169151,Toyota Motor North America Inc.,1150000
2014,1,169151,Toyota Motor North America Inc.,1260000
2014,2,169151,Toyota Motor North America Inc.,1533000
2014,3,169151,Toyota Motor North America Inc.,1170000
2014,4,169151,Toyota Motor North America Inc.,1420000
2015,1,169151,Toyota Motor North America Inc.,1220000
2015,2,169151,Toyota Motor North America Inc.,1930000
2015,3,169151,Toyota Motor North America Inc.,1352000
2015,4,169151,Toyota Motor North America Inc.,1790000
2016,1,169151,Toyota Motor North America Inc.,1213000
2016,2,169151,Toyota Motor North America Inc.,1970000
2016,3,169151,Toyota Motor North America Inc.,1340000
2016,4,169151,Toyota Motor North America Inc.,1650000
2017,1,169151,Toyota Motor North America Inc.,414000
2017,2,169151,Toyota Motor North America Inc.,2065000
2017,3,169151,Toyota Motor North America Inc.,1890000
2017,4,169151,Toyota Motor North America Inc.,2260000
2018,1,169151,Toyota Motor North America Inc.,1810000
2018,2,169151,Toyota Motor North America Inc.,2350453
2018,3,169151,Toyota Motor North America Inc.,1900000
2018,4,169151,Toyota Motor North America Inc.,1810000
2019,1,169151,Toyota Motor North America Inc.,1730000
2019,2,169151,Toyota Motor North America Inc.,2420000
2019,3,169151,Toyota Motor North America Inc.,1860000
2019,4,169151,Toyota Motor North America Inc.,2010000
2020,1,169151,Toyota Motor North America Inc.,1480000
2020,2,169151,Toyota Motor North America Inc.,1945000
2020,3,169151,Toyota Motor North America Inc.,1500000
2020,4,169151,Toyota Motor North America Inc.,2040000
2021,1,169151,Toyota Motor North America Inc.,1410000
2021,2,169151,Toyota Motor North America Inc.,2320000
2021,3,169151,Toyota Motor North America Inc.,1555810
2021,4,169151,Toyota Motor North America Inc.,1700394
2022,1,169151,Toyota Motor North America Inc.,1420356
2022,2,169151,Toyota Motor North America Inc.,2123660
2022,3,169151,Toyota Motor North America Inc.,1808266
2022,4,169151,Toyota Motor North America Inc.,1542039
2023,1,169151,Toyota Motor North America Inc.,1467286
2023,2,169151,Toyota Motor North America Inc.,2078863
2023,3,169151,Toyota Motor North America Inc.,1763309
2023,4,169151,Toyota Motor North America Inc.,1670505
2024,1,169151,Toyota Motor North America Inc.,1498650
2024,2,169151,Toyota Motor North America Inc.,2151970
2024,3,169151,Toyota Motor North America Inc.,1761648
2024,4,169151,Toyota Motor North America Inc.,1465684
2010,1,169381,Securities Industry and Financial Markets Association,1750000
2010,2,169381,Securities Industry and Financial Markets Association,1860000
2010,3,169381,Securities Industry and Financial Markets Association,1480000
2010,4,169381,Securities Industry and Financial Markets Association,1510000
2011,1,169381,Securities Industry and Financial Markets Association,1620000
2011,2,169381,Securities Industry and Financial Markets Association,1685000
2011,3,169381,Securities Industry and Financial Markets Association,1530000
2011,4,169381,Securities Industry and Financial Markets Association,1485000
2012,1,169381,Securities Industry and Financial Markets Association,1540000
2012,2,169381,Securities Industry and Financial Markets Association,1695000
2012,3,169381,Securities Industry and Financial Markets Association,1975000
2012,4,169381,Securities Industry and Financial Markets Association,1735000
2013,1,169381,Securities Industry and Financial Markets Association,1765000
2013,2,169381,Securities Industry and Financial Markets Association,1520000
2013,3,169381,Securities Industry and Financial Markets Association,1480000
2013,4,169381,Securities Industry and Financial Markets Association,1580000
2014,1,169381,Securities Industry and Financial Markets Association,2210000
2014,2,169381,Securities Industry and Financial Markets Association,2390000
2014,3,169381,Securities Industry and Financial Markets Association,2030000
2014,4,169381,Securities Industry and Financial Markets Association,2070000
2015,1,169381,Securities Industry and Financial Markets Association,2170000
2015,2,169381,Securities Industry and Financial Markets Association,2040000
2015,3,169381,Securities Industry and Financial Markets Association,1800000
2015,4,169381,Securities Industry and Financial Markets Association,2670000
2016,1,169381,Securities Industry and Financial Markets Association,1930000
2016,2,169381,Securities Industry and Financial Markets Association,1860000
2016,3,169381,Securities Industry and Financial Markets Association,1880000
2016,4,169381,Securities Industry and Financial Markets Association,2900000
2017,1,169381,Securities Industry and Financial Markets Association,2225000
2017,2,169381,Securities Industry and Financial Markets Association,2035000
2017,3,169381,Securities Industry and Financial Markets Association,2185000
2017,4,169381,Securities Industry and Financial Markets Association,3160000
2018,1,169381,Securities Industry and Financial Markets Association,2085000
2018,2,169381,Securities Industry and Financial Markets Association,2065000
2018,3,169381,Securities Industry and Financial Markets Association,1610000
2018,4,169381,Securities Industry and Financial Markets Association,4480000
2019,1,169381,Securities Industry and Financial Markets Association,1420000
2019,2,169381,Securities Industry and Financial Markets Association,1790000
2019,3,169381,Securities Industry and Financial Markets Association,1700000
2019,4,169381,Securities Industry and Financial Markets Association,2610000
2020,1,169381,Securities Industry and Financial Markets Association,1740000
2020,2,169381,Securities Industry and Financial Markets Association,1660000
2020,3,169381,Securities Industry and Financial Markets Association,1630000
2020,4,169381,Securities Industry and Financial Markets Association,2470000
2021,1,169381,Securities Industry and Financial Markets Association,1980000
2021,2,169381,Securities Industry and Financial Markets Association,2090000
2021,3,169381,Securities Industry and Financial Markets Association,2290000
2021,4,169381,Securities Industry and Financial Markets Association,1790000
2022,1,169381,Securities Industry and Financial Markets Association,1940000
2022,2,169381,Securities Industry and Financial Markets Association,2100000
2022,3,169381,Securities Industry and Financial Markets Association,1150000
2022,4,169381,Securities Industry and Financial Markets Association,2320000
2023,1,169381,Securities Industry and Financial Markets Association,1580000
2023,2,169381,Securities Industry and Financial Markets Association,1650000
2023,3,169381,Securities Industry and Financial Markets Association,1950000
2023,4,169381,Securities Industry and Financial Markets Association,3160000
2024,1,169381,Securities Industry and Financial Markets Association,1870000
2024,2,169381,Securities Industry and Financial Markets Association,1620000
2024,3,169381,Securities Industry and Financial Markets Association,1720000
2024,4,169381,Securities Industry and Financial Markets Association,3160000
2010,2,171727,"Satterwhite, Johnny Sr.",100000
2010,3,171727,"Satterwhite, Johnny Sr.",100000000
2010,4,171727,"Satterwhite, Johnny Sr.",0
2011,1,171727,"Satterwhite, Johnny Sr.",0
2011,2,171727,"Satterwhite, Johnny Sr.",0
2011,3,171727,"Satterwhite, Johnny Sr.",0
2010,1,175545,National Association of Manufacturers,1190000
2010,2,175545,National Association of Manufacturers,1110000
2010,3,175545,National Association of Manufacturers,4750000
2010,4,175545,National Association of Manufacturers,1570000
2011,1,175545,National Association of Manufacturers,2680000
2011,2,175545,National Association of Manufacturers,1100000
2011,3,175545,National Association of Manufacturers,2320000
2011,4,175545,National Association of Manufacturers,2090000
2012,1,175545,National Association of Manufacturers,1730000
2012,2,175545,National Association of Manufacturers,2400000
2012,3,175545,National Association of Manufacturers,2980000
2012,4,175545,National Association of Manufacturers,2060000
2013,1,175545,National Association of Manufacturers,2000000
2013,2,175545,National Association of Manufacturers,1970000
2013,3,175545,National Association of Manufacturers,1980000
2013,4,175545,National Association of Manufacturers,1700000
2014,1,175545,National Association of Manufacturers,2040000
2014,2,175545,National Association of Manufacturers,2560000
2014,3,175545,National Association of Manufacturers,4480000
2014,4,175545,National Association of Manufacturers,3750000
2015,1,175545,National Association of Manufacturers,4090000
2015,2,175545,National Association of Manufacturers,5040000
2015,3,175545,National Association of Manufacturers,6170000
2015,4,175545,National Association of Manufacturers,2400000
2016,1,175545,National Association of Manufacturers,1950014
2016,2,175545,National Association of Manufacturers,1990000
2016,3,175545,National Association of Manufacturers,2820000
2016,4,175545,National Association of Manufacturers,1760000
2017,1,175545,National Association of Manufacturers,2660000
2017,2,175545,National Association of Manufacturers,1730000
2017,3,175545,National Association of Manufacturers,1310000
2017,4,175545,National Association of Manufacturers,2400000
2018,1,175545,National Association of Manufacturers,2008048
2018,2,175545,National Association of Manufacturers,1790000
2018,3,175545,National Association of Manufacturers,2850000
2018,4,175545,National Association of Manufacturers,2840000
2019,1,175545,National Association of Manufacturers,2300000
2019,2,175545,National Association of Manufacturers,1900000
2019,3,175545,National Association of Manufacturers,2030000
2019,4,175545,National Association of Manufacturers,8380000
2020,1,175545,National Association of Manufacturers,3368000
2020,2,175545,National Association of Manufacturers,3420000
2020,3,175545,National Association of Manufacturers,1130000
2020,4,175545,National Association of Manufacturers,1350000
2021,1,175545,National Association of Manufacturers,2220000
2021,2,175545,National Association of Manufacturers,5490000
2021,3,175545,National Association of Manufacturers,3220000
2021,4,175545,National Association of Manufacturers,4430000
2022,1,175545,National Association of Manufacturers,1780000
2022,2,175545,National Association of Manufacturers,2260000
2022,3,175545,National Association of Manufacturers,4250000
2022,4,175545,National Association of Manufacturers,2640000
2023,1,175545,National Association of Manufacturers,2170000
2023,2,175545,National Association of Manufacturers,3140000
2023,3,175545,National Association of Manufacturers,2060000
2023,4,175545,National Association of Manufacturers,4640000
2024,1,175545,National Association of Manufacturers,1560000
2024,2,175545,National Association of Manufacturers,1850000
2024,3,175545,National Association of Manufacturers,1410000
2024,4,175545,National Association of Manufacturers,3280000
2010,1,177673,Wells Fargo & Co.,1220000
2010,2,177673,Wells Fargo & Co.,1280000
2010,3,177673,Wells Fargo & Co.,1390000
2010,4,177673,Wells Fargo & Co.,2310000
2011,1,177673,Wells Fargo & Co.,2210000
2011,2,177673,Wells Fargo & Co.,2225000
2011,3,177673,Wells Fargo & Co.,2215000
2011,4,177673,Wells Fargo & Co.,2175000
2012,1,177673,Wells Fargo & Co.,2185000
2012,2,177673,Wells Fargo & Co.,2095000
2012,3,177673,Wells Fargo & Co.,1745000
2012,4,177673,Wells Fargo & Co.,1745000
2013,1,177673,Wells Fargo & Co.,1680000
2013,2,177673,Wells Fargo & Co.,1660000
2013,3,177673,Wells Fargo & Co.,1790000
2013,4,177673,Wells Fargo & Co.,1890000
2014,1,177673,Wells Fargo & Co.,1800000
2014,2,177673,Wells Fargo & Co.,1830000
2014,3,177673,Wells Fargo & Co.,1810000
2014,4,177673,Wells Fargo & Co.,1880000
2015,1,177673,Wells Fargo & Co.,1810000
2015,2,177673,Wells Fargo & Co.,1800000
2015,3,177673,Wells Fargo & Co.,1810000
2015,4,177673,Wells Fargo & Co.,1890000
2016,1,177673,Wells Fargo & Co.,1520000
2016,2,177673,Wells Fargo & Co.,1300000
2016,3,177673,Wells Fargo & Co.,1320000
2016,4,177673,Wells Fargo & Co.,1420000
2017,1,177673,Wells Fargo & Co.,1240000
2017,2,177673,Wells Fargo & Co.,1030000
2017,3,177673,Wells Fargo & Co.,1150000
2017,4,177673,Wells Fargo & Co.,930000
2018,1,177673,Wells Fargo & Co.,740000
2018,2,177673,Wells Fargo & Co.,1100000
2018,3,177673,Wells Fargo & Co.,1280000
2018,4,177673,Wells Fargo & Co.,1510000
2019,1,177673,Wells Fargo & Co.,1460000
2019,2,177673,Wells Fargo & Co.,1540000
2019,3,177673,Wells Fargo & Co.,1680000
2019,4,177673,Wells Fargo & Co.,1620000
2020,1,177673,Wells Fargo & Co.,1580000
2020,2,177673,Wells Fargo & Co.,1530000
2020,3,177673,Wells Fargo & Co.,1420000
2020,4,177673,Wells Fargo & Co.,1380000
2021,1,177673,Wells Fargo & Co.,1340000
2021,2,177673,Wells Fargo & Co.,1170000
2021,3,177673,Wells Fargo & Co.,1276500
2021,4,177673,Wells Fargo & Co.,1300000
2022,1,177673,Wells Fargo & Co.,1301500
2022,2,177673,Wells Fargo & Co.,1281500
2022,3,177673,Wells Fargo & Co.,1291500
2022,4,177673,Wells Fargo & Co.,1301500
2023,1,177673,Wells Fargo & Co.,1321500
2023,2,177673,Wells Fargo & Co.,1351500
2023,3,177673,Wells Fargo & Co.,1361000
2023,4,177673,Wells Fargo & Co.,1411000
2024,1,177673,Wells Fargo & Co.,1441000
2024,2,177673,Wells Fargo & Co.,1431000
2024,3,177673,Wells Fargo & Co.,1430000
2024,4,177673,Wells Fargo & Co.,1410000
2010,1,177674,Visa Inc.,1500000
2010,2,177674,Visa Inc.,1960000
2010,3,177674,Visa Inc.,1530000
2010,4,177674,Visa Inc.,2140000
2011,1,177674,Visa Inc.,2310000
2011,2,177674,Visa Inc.,2010000
2011,3,177674,Visa Inc.,2230000
2011,4,177674,Visa Inc.,2535000
2012,1,177674,Visa Inc.,2240000
2012,2,177674,Visa Inc.,1970000
2012,3,177674,Visa Inc.,1650000
2012,4,177674,Visa Inc.,2270000
2013,1,177674,Visa Inc.,1935000
2013,2,177674,Visa Inc.,1475000
2013,3,177674,Visa Inc.,1330000
2013,4,177674,Visa Inc.,1800000
2014,1,177674,Visa Inc.,1180000
2014,2,177674,Visa Inc.,1130000
2014,3,177674,Visa Inc.,1120000
2014,4,177674,Visa Inc.,1790000
2015,1,177674,Visa Inc.,1120000
2015,2,177674,Visa Inc.,1600000
2015,3,177674,Visa Inc.,780000
2015,4,177674,Visa Inc.,1220000
2016,1,177674,Visa Inc.,1450000
2016,2,177674,Visa Inc.,1310000
2016,3,177674,Visa Inc.,840000
2016,4,177674,Visa Inc.,1080000
2017,1,177674,Visa Inc.,1300000
2017,2,177674,Visa Inc.,1170000
2017,3,177674,Visa Inc.,930000
2017,4,177674,Visa Inc.,1250000
2018,1,177674,Visa Inc.,1360000
2018,2,177674,Visa Inc.,1030000
2018,3,177674,Visa Inc.,810000
2018,4,177674,Visa Inc.,1260000
2019,1,177674,Visa Inc.,1290000
2019,2,177674,Visa Inc.,970000
2019,3,177674,Visa Inc.,900000
2019,4,177674,Visa Inc.,1570000
2020,1,177674,Visa Inc.,1110000
2020,2,177674,Visa Inc.,1000000
2020,3,177674,Visa Inc.,1060000
2020,4,177674,Visa Inc.,1070000
2021,1,177674,Visa Inc.,2120000
2021,2,177674,Visa Inc.,1760000
2021,3,177674,Visa Inc.,1230000
2021,4,177674,Visa Inc.,1380000
2022,1,177674,Visa Inc.,2490000
2022,2,177674,Visa Inc.,1750000
2022,3,177674,Visa Inc.,2750000
2022,4,177674,Visa Inc.,2750000
2023,1,177674,Visa Inc.,3880000
2023,2,177674,Visa Inc.,2950000
2023,3,177674,Visa Inc.,2650000
2023,4,177674,Visa Inc.,1630000
2024,1,177674,Visa Inc.,2410000
2024,2,177674,Visa Inc.,2280000
2024,3,177674,Visa Inc.,2250000
2024,4,177674,Visa Inc.,2520000
2010,1,200189,Coca-Cola Co.,2095000
2010,2,200189,Coca-Cola Co.,2305000
2010,3,200189,Coca-Cola Co.,1095000
2010,4,200189,Coca-Cola Co.,1155000
2011,1,200189,Coca-Cola Co.,2235000
2011,2,200189,Coca-Cola Co.,1655000
2011,3,200189,Coca-Cola Co.,1485000
2011,4,200189,Coca-Cola Co.,1340000
2012,1,200189,Coca-Cola Co.,1875631
2012,2,200189,Coca-Cola Co.,1750000
2012,3,200189,Coca-Cola Co.,1217780
2012,4,200189,Coca-Cola Co.,1186609
2013,1,200189,Coca-Cola Co.,1548503
2013,2,200189,Coca-Cola Co.,1390000
2013,3,200189,Coca-Cola Co.,1903024
2013,4,200189,Coca-Cola Co.,1920000
2014,1,200189,Coca-Cola Co.,2880000
2014,2,200189,Coca-Cola Co.,2400000
2014,3,200189,Coca-Cola Co.,2550000
2014,4,200189,Coca-Cola Co.,2410000
2015,1,200189,Coca-Cola Co.,3250000
2015,2,200189,Coca-Cola Co.,2280000
2015,3,200189,Coca-Cola Co.,2090000
2015,4,200189,Coca-Cola Co.,2040000
2016,1,200189,Coca-Cola Co.,2640000
2016,2,200189,Coca-Cola Co.,2330000
2016,3,200189,Coca-Cola Co.,2095000
2016,4,200189,Coca-Cola Co.,1900000
2017,1,200189,Coca-Cola Co.,2795000
2017,2,200189,Coca-Cola Co.,1660000
2017,3,200189,Coca-Cola Co.,1410000
2017,4,200189,Coca-Cola Co.,1900000
2018,1,200189,Coca-Cola Co.,3000000
2018,2,200189,Coca-Cola Co.,1730000
2018,3,200189,Coca-Cola Co.,1580000
2018,4,200189,Coca-Cola Co.,1650000
2019,1,200189,Coca-Cola Co.,2270000
2019,2,200189,Coca-Cola Co.,1870000
2019,3,200189,Coca-Cola Co.,2010000
2019,4,200189,Coca-Cola Co.,1520000
2020,1,200189,Coca-Cola Co.,2430000
2020,2,200189,Coca-Cola Co.,1060000
2020,3,200189,Coca-Cola Co.,1720000
2020,4,200189,Coca-Cola Co.,1330000
2021,1,200189,Coca-Cola Co.,1460000
2021,2,200189,Coca-Cola Co.,2100000
2021,3,200189,Coca-Cola Co.,1150000
2021,4,200189,Coca-Cola Co.,1800000
2022,1,200189,Coca-Cola Co.,1420000
2022,2,200189,Coca-Cola Co.,1450000
2022,3,200189,Coca-Cola Co.,1180000
2022,4,200189,Coca-Cola Co.,1570000
2023,1,200189,Coca-Cola Co.,1150000
2023,2,200189,Coca-Cola Co.,1090000
2023,3,200189,Coca-Cola Co.,1050000
2023,4,200189,Coca-Cola Co.,1740000
2024,1,200189,Coca-Cola Co.,1410000
2024,2,200189,Coca-Cola Co.,1700000
2024,3,200189,Coca-Cola Co.,910000
2024,4,200189,Coca-Cola Co.,1990000
2010,1,200389,Investment Company Institute,1542910
2010,2,200389,Investment Company Institute,1688107
2010,3,200389,Investment Company Institute,1833483
2010,4,200389,Investment Company Institute,1402907
2011,1,200389,Investment Company Institute,1612644
2011,2,200389,Investment Company Institute,1552500
2011,3,200389,Investment Company Institute,1964628
2011,4,200389,Investment Company Institute,1432124
2012,1,200389,Investment Company Institute,1536513
2012,2,200389,Investment Company Institute,1765095
2012,3,200389,Investment Company Institute,1969269
2012,4,200389,Investment Company Institute,1424229
2013,1,200389,Investment Company Institute,1989689
2013,2,200389,Investment Company Institute,1860125
2013,3,200389,Investment Company Institute,1919587
2013,4,200389,Investment Company Institute,1570574
2014,1,200389,Investment Company Institute,1707343
2014,2,200389,Investment Company Institute,1642650
2014,3,200389,Investment Company Institute,1959569
2014,4,200389,Investment Company Institute,1542586
2015,1,200389,Investment Company Institute,1697712
2015,2,200389,Investment Company Institute,1620541
2015,3,200389,Investment Company Institute,2369993
2015,4,200389,Investment Company Institute,1485412
2016,1,200389,Investment Company Institute,1662917
2016,2,200389,Investment Company Institute,1661571
2016,3,200389,Investment Company Institute,1979331
2016,4,200389,Investment Company Institute,1418900
2017,1,200389,Investment Company Institute,1692183
2017,2,200389,Investment Company Institute,1591965
2017,3,200389,Investment Company Institute,1947646
2017,4,200389,Investment Company Institute,1420434
2018,1,200389,Investment Company Institute,1779368
2018,2,200389,Investment Company Institute,1651122
2018,3,200389,Investment Company Institute,1867405
2018,4,200389,Investment Company Institute,1274089
2019,1,200389,Investment Company Institute,1732500
2019,2,200389,Investment Company Institute,1412500
2019,3,200389,Investment Company Institute,1672500
2019,4,200389,Investment Company Institute,1412500
2020,1,200389,Investment Company Institute,1442500
2020,2,200389,Investment Company Institute,1395500
2020,3,200389,Investment Company Institute,1870500
2020,4,200389,Investment Company Institute,1308000
2021,1,200389,Investment Company Institute,1328000
2021,2,200389,Investment Company Institute,1368000
2021,3,200389,Investment Company Institute,2047500
2021,4,200389,Investment Company Institute,2006500
2022,1,200389,Investment Company Institute,1276500
2022,2,200389,Investment Company Institute,1336500
2022,3,200389,Investment Company Institute,1496500
2022,4,200389,Investment Company Institute,976500
2023,1,200389,Investment Company Institute,1336500
2023,2,200389,Investment Company Institute,1816500
2023,3,200389,Investment Company Institute,1806000
2023,4,200389,Investment Company Institute,1376000
2024,1,200389,Investment Company Institute,1656000
2024,2,200389,Investment Company Institute,1586000
2024,3,200389,Investment Company Institute,2491000
2024,4,200389,Investment Company Institute,1521000
2010,1,201566,American Bankers Association,2050000
2010,2,201566,American Bankers Association,2560000
2010,3,201566,American Bankers Association,1650000
2010,4,201566,American Bankers Association,1570000
2011,1,201566,American Bankers Association,2250000
2011,2,201566,American Bankers Association,2645000
2011,3,201566,American Bankers Association,2265000
2011,4,201566,American Bankers Association,2085000
2012,1,201566,American Bankers Association,2842000
2012,2,201566,American Bankers Association,2440000
2012,3,201566,American Bankers Association,1950000
2012,4,201566,American Bankers Association,2360000
2013,1,201566,American Bankers Association,1895000
2013,2,201566,American Bankers Association,2902000
2013,3,201566,American Bankers Association,2075000
2013,4,201566,American Bankers Association,2395000
2014,1,201566,American Bankers Association,2010000
2014,2,201566,American Bankers Association,2235000
2014,3,201566,American Bankers Association,2845000
2014,4,201566,American Bankers Association,2693000
2015,1,201566,American Bankers Association,2195000
2015,2,201566,American Bankers Association,2915000
2015,3,201566,American Bankers Association,4545000
2015,4,201566,American Bankers Association,3565000
2016,1,201566,American Bankers Association,2435000
2016,2,201566,American Bankers Association,2585000
2016,3,201566,American Bankers Association,2265000
2016,4,201566,American Bankers Association,3075000
2017,1,201566,American Bankers Association,2515000
2017,2,201566,American Bankers Association,3335000
2017,3,201566,American Bankers Association,2905000
2017,4,201566,American Bankers Association,3575000
2018,1,201566,American Bankers Association,2959500
2018,2,201566,American Bankers Association,2907500
2018,3,201566,American Bankers Association,2537500
2018,4,201566,American Bankers Association,2557500
2019,1,201566,American Bankers Association,2641500
2019,2,201566,American Bankers Association,3217500
2019,3,201566,American Bankers Association,2538500
2019,4,201566,American Bankers Association,2832500
2020,1,201566,American Bankers Association,2821000
2020,2,201566,American Bankers Association,3151000
2020,3,201566,American Bankers Association,3406000
2020,4,201566,American Bankers Association,3416000
2021,1,201566,American Bankers Association,2236000
2021,2,201566,American Bankers Association,2816000
2021,3,201566,American Bankers Association,2916000
2021,4,201566,American Bankers Association,2766000
2022,1,201566,American Bankers Association,1982000
2022,2,201566,American Bankers Association,2056000
2022,3,201566,American Bankers Association,3186000
2022,4,201566,American Bankers Association,3156000
2023,1,201566,American Bankers Association,2156000
2023,2,201566,American Bankers Association,2816000
2023,3,201566,American Bankers Association,2536000
2023,4,201566,American Bankers Association,2286000
2024,1,201566,American Bankers Association,2126000
2024,2,201566,American Bankers Association,1816000
2024,3,201566,American Bankers Association,2106000
2024,4,201566,American Bankers Association,2006000
2010,1,201568,NextEra Energy Inc.,1350000
2010,2,201568,NextEra Energy Inc.,860000
2010,3,201568,NextEra Energy Inc.,770000
2010,4,201568,NextEra Energy Inc.,1500000
2011,1,201568,NextEra Energy Inc.,890000
2011,2,201568,NextEra Energy Inc.,770000
2011,3,201568,NextEra Energy Inc.,690000
2011,4,201568,NextEra Energy Inc.,1250000
2012,1,201568,NextEra Energy Inc.,1710000
2012,2,201568,NextEra Energy Inc.,1120000
2012,3,201568,NextEra Energy Inc.,1090000
2012,4,201568,NextEra Energy Inc.,2240000
2013,1,201568,NextEra Energy Inc.,1170000
2013,2,201568,NextEra Energy Inc.,1185000
2013,3,201568,NextEra Energy Inc.,1280000
2013,4,201568,NextEra Energy Inc.,1650000
2014,1,201568,NextEra Energy Inc.,1590000
2014,2,201568,NextEra Energy Inc.,1440000
2014,3,201568,NextEra Energy Inc.,990000
2014,4,201568,NextEra Energy Inc.,1560000
2015,1,201568,NextEra Energy Inc.,900000
2015,2,201568,NextEra Energy Inc.,740000
2015,3,201568,NextEra Energy Inc.,780000
2015,4,201568,NextEra Energy Inc.,730000
2016,1,201568,NextEra Energy Inc.,1400000
2016,2,201568,NextEra Energy Inc.,780000
2016,3,201568,NextEra Energy Inc.,780000
2016,4,201568,NextEra Energy Inc.,900000
2017,1,201568,NextEra Energy Inc.,1795000
2017,2,201568,NextEra Energy Inc.,1275000
2017,3,201568,NextEra Energy Inc.,995000
2017,4,201568,NextEra Energy Inc.,1195000
2018,1,201568,NextEra Energy Inc.,1655000
2018,2,201568,NextEra Energy Inc.,845000
2018,3,201568,NextEra Energy Inc.,895000
2018,4,201568,NextEra Energy Inc.,835000
2019,1,201568,NextEra Energy Inc.,1645000
2019,2,201568,NextEra Energy Inc.,1045000
2019,3,201568,NextEra Energy Inc.,1105000
2019,4,201568,NextEra Energy Inc.,1195000
2020,1,201568,NextEra Energy Inc.,1422500
2020,2,201568,NextEra Energy Inc.,1242500
2020,3,201568,NextEra Energy Inc.,1240000
2020,4,201568,NextEra Energy Inc.,1330000
2021,1,201568,NextEra Energy Inc.,1595000
2021,2,201568,NextEra Energy Inc.,1746000
2021,3,201568,NextEra Energy Inc.,1786000
2021,4,201568,NextEra Energy Inc.,2736000
2022,1,201568,NextEra Energy Inc.,2276000
2022,2,201568,NextEra Energy Inc.,2056000
2022,3,201568,NextEra Energy Inc.,2406000
2022,4,201568,NextEra Energy Inc.,2526000
2023,1,201568,NextEra Energy Inc.,2491000
2023,2,201568,NextEra Energy Inc.,2441000
2023,3,201568,NextEra Energy Inc.,2241000
2023,4,201568,NextEra Energy Inc.,2521000
2024,1,201568,NextEra Energy Inc.,2450000
2024,2,201568,NextEra Energy Inc.,2400000
2024,3,201568,NextEra Energy Inc.,2450000
2024,4,201568,NextEra Energy Inc.,2502500
2010,1,202255,American Chemistry Council Inc.,3240000
2010,2,202255,American Chemistry Council Inc.,2345000
2010,3,202255,American Chemistry Council Inc.,2610000
2010,4,202255,American Chemistry Council Inc.,2000000
2011,1,202255,American Chemistry Council Inc.,1755000
2011,2,202255,American Chemistry Council Inc.,2210000
2011,3,202255,American Chemistry Council Inc.,2560000
2011,4,202255,American Chemistry Council Inc.,6020000
2012,1,202255,American Chemistry Council Inc.,2800000
2012,2,202255,American Chemistry Council Inc.,2330000
2012,3,202255,American Chemistry Council Inc.,4180000
2012,4,202255,American Chemistry Council Inc.,2530000
2013,1,202255,American Chemistry Council Inc.,2350000
2013,2,202255,American Chemistry Council Inc.,3460000
2013,3,202255,American Chemistry Council Inc.,5280000
2013,4,202255,American Chemistry Council Inc.,3200000
2014,1,202255,American Chemistry Council Inc.,3420000
2014,2,202255,American Chemistry Council Inc.,3414703
2014,3,202255,American Chemistry Council Inc.,3590000
2014,4,202255,American Chemistry Council Inc.,2590000
2015,1,202255,American Chemistry Council Inc.,2090000
2015,2,202255,American Chemistry Council Inc.,2828000
2015,3,202255,American Chemistry Council Inc.,3127000
2015,4,202255,American Chemistry Council Inc.,3757000
2016,1,202255,American Chemistry Council Inc.,1450000
2016,2,202255,American Chemistry Council Inc.,3050000
2016,3,202255,American Chemistry Council Inc.,2470000
2016,4,202255,American Chemistry Council Inc.,3250000
2017,1,202255,American Chemistry Council Inc.,1880000
2017,2,202255,American Chemistry Council Inc.,2050000
2017,3,202255,American Chemistry Council Inc.,1910000
2017,4,202255,American Chemistry Council Inc.,3440000
2018,1,202255,American Chemistry Council Inc.,1991000
2018,2,202255,American Chemistry Council Inc.,4111000
2018,3,202255,American Chemistry Council Inc.,2680000
2018,4,202255,American Chemistry Council Inc.,2240000
2019,1,202255,American Chemistry Council Inc.,1655000
2019,2,202255,American Chemistry Council Inc.,2455000
2019,3,202255,American Chemistry Council Inc.,2455000
2019,4,202255,American Chemistry Council Inc.,2560000
2020,1,202255,American Chemistry Council Inc.,2605000
2020,2,202255,American Chemistry Council Inc.,2455000
2020,3,202255,American Chemistry Council Inc.,6005000
2020,4,202255,American Chemistry Council Inc.,4165000
2021,1,202255,American Chemistry Council Inc.,2915000
2021,2,202255,American Chemistry Council Inc.,2975000
2021,3,202255,American Chemistry Council Inc.,4375000
2021,4,202255,American Chemistry Council Inc.,7865000
2022,1,202255,American Chemistry Council Inc.,3675000
2022,2,202255,American Chemistry Council Inc.,6355000
2022,3,202255,American Chemistry Council Inc.,5925000
2022,4,202255,American Chemistry Council Inc.,6135000
2023,1,202255,American Chemistry Council Inc.,3435000
2023,2,202255,American Chemistry Council Inc.,3865000
2023,3,202255,American Chemistry Council Inc.,3665000
2023,4,202255,American Chemistry Council Inc.,6775000
2024,1,202255,American Chemistry Council Inc.,5435000
2024,2,202255,American Chemistry Council Inc.,5345000
2024,3,202255,American Chemistry Council Inc.,6340000
2024,4,202255,American Chemistry Council Inc.,7040000
2010,1,202983,Honeywell International Inc.,2250000
2010,2,202983,Honeywell International Inc.,2235000
2010,3,202983,Honeywell International Inc.,2120000
2010,4,202983,Honeywell International Inc.,2115000
2011,1,202983,Honeywell International Inc.,1925000
2011,2,202983,Honeywell International Inc.,2130000
2011,3,202983,Honeywell International Inc.,2040000
2011,4,202983,Honeywell International Inc.,2390000
2012,1,202983,Honeywell International Inc.,2140000
2012,2,202983,Honeywell International Inc.,2009999
2012,3,202983,Honeywell International Inc.,2509999
2012,4,202983,Honeywell International Inc.,3089999
2013,1,202983,Honeywell International Inc.,1555000
2013,2,202983,Honeywell International Inc.,2070000
2013,3,202983,Honeywell International Inc.,1710000
2013,4,202983,Honeywell International Inc.,1900000
2014,1,202983,Honeywell International Inc.,1675000
2014,2,202983,Honeywell International Inc.,1760000
2014,3,202983,Honeywell International Inc.,1550000
2014,4,202983,Honeywell International Inc.,1720000
2015,1,202983,Honeywell International Inc.,1350000
2015,2,202983,Honeywell International Inc.,1850000
2015,3,202983,Honeywell International Inc.,1540000
2015,4,202983,Honeywell International Inc.,1440000
2016,1,202983,Honeywell International Inc.,1740000
2016,2,202983,Honeywell International Inc.,1590000
2016,3,202983,Honeywell International Inc.,1490000
2016,4,202983,Honeywell International Inc.,1353000
2017,1,202983,Honeywell International Inc.,1693000
2017,2,202983,Honeywell International Inc.,1600000
2017,3,202983,Honeywell International Inc.,1530000
2017,4,202983,Honeywell International Inc.,2100000
2018,1,202983,Honeywell International Inc.,1500000
2018,2,202983,Honeywell International Inc.,2080000
2018,3,202983,Honeywell International Inc.,1780000
2018,4,202983,Honeywell International Inc.,1790000
2019,1,202983,Honeywell International Inc.,1863000
2019,2,202983,Honeywell International Inc.,2143000
2019,3,202983,Honeywell International Inc.,1583000
2019,4,202983,Honeywell International Inc.,2273000
2020,1,202983,Honeywell International Inc.,1643000
2020,2,202983,Honeywell International Inc.,1773000
2020,3,202983,Honeywell International Inc.,1293000
2020,4,202983,Honeywell International Inc.,1460000
2021,1,202983,Honeywell International Inc.,1683000
2021,2,202983,Honeywell International Inc.,1503000
2021,3,202983,Honeywell International Inc.,1803000
2021,4,202983,Honeywell International Inc.,1943000
2022,1,202983,Honeywell International Inc.,2043000
2022,2,202983,Honeywell International Inc.,2183000
2022,3,202983,Honeywell International Inc.,2303000
2022,4,202983,Honeywell International Inc.,2473000
2023,1,202983,Honeywell International Inc.,2240000
2023,2,202983,Honeywell International Inc.,2460000
2023,3,202983,Honeywell International Inc.,2550000
2023,4,202983,Honeywell International Inc.,3230000
2024,1,202983,Honeywell International Inc.,2845000
2024,2,202983,Honeywell International Inc.,3135000
2024,3,202983,Honeywell International Inc.,2720000
2024,4,202983,Honeywell International Inc.,2940000
2010,1,204348,CTIA - The Wireless Association,2655000
2010,2,204348,CTIA - The Wireless Association,2500000
2010,3,204348,CTIA - The Wireless Association,2870000
2010,4,204348,CTIA - The Wireless Association,3240000
2011,1,204348,CTIA - The Wireless Association,3300000
2011,2,204348,CTIA - The Wireless Association,2540000
2011,3,204348,CTIA - The Wireless Association,3760000
2011,4,204348,CTIA - The Wireless Association,3735000
2012,1,204348,CTIA - The Wireless Association,3135000
2012,2,204348,CTIA - The Wireless Association,2835000
2012,3,204348,CTIA - The Wireless Association,4385000
2012,4,204348,CTIA - The Wireless Association,3935000
2013,1,204348,CTIA - The Wireless Association,3485000
2013,2,204348,CTIA - The Wireless Association,2285000
2013,3,204348,CTIA - The Wireless Association,3650000
2013,4,204348,CTIA - The Wireless Association,4062500
2014,1,204348,CTIA - The Wireless Association,3592500
2014,2,204348,CTIA - The Wireless Association,2695000
2014,3,204348,CTIA - The Wireless Association,2395000
2014,4,204348,CTIA - The Wireless Association,2715000
2015,1,204348,CTIA - The Wireless Association,3540000
2015,2,204348,CTIA - The Wireless Association,2165000
2015,3,204348,CTIA - The Wireless Association,2465000
2015,4,204348,CTIA - The Wireless Association,3771000
2016,1,204348,CTIA - The Wireless Association,3444000
2016,2,204348,CTIA - The Wireless Association,2446000
2016,3,204348,CTIA - The Wireless Association,3278000
2016,4,204348,CTIA - The Wireless Association,3888000
2017,1,204348,CTIA - The Wireless Association,3230000
2017,2,204348,CTIA - The Wireless Association,2865000
2017,3,204348,CTIA - The Wireless Association,2610000
2017,4,204348,CTIA - The Wireless Association,4280000
2018,1,204348,CTIA - The Wireless Association,3715000
2018,2,204348,CTIA - The Wireless Association,2985000
2018,3,204348,CTIA - The Wireless Association,2775000
2018,4,204348,CTIA - The Wireless Association,4185000
2019,1,204348,CTIA - The Wireless Association,3665000
2019,2,204348,CTIA - The Wireless Association,3305000
2019,3,204348,CTIA - The Wireless Association,2970000
2019,4,204348,CTIA - The Wireless Association,5111000
2020,1,204348,CTIA - The Wireless Association,3667634
2020,2,204348,CTIA - The Wireless Association,3170496
2020,3,204348,CTIA - The Wireless Association,3084184
2020,4,204348,CTIA - The Wireless Association,5386163
2021,1,204348,CTIA - The Wireless Association,4070000
2021,2,204348,CTIA - The Wireless Association,3170000
2021,3,204348,CTIA - The Wireless Association,3160000
2021,4,204348,CTIA - The Wireless Association,4860000
2022,1,204348,CTIA - The Wireless Association,4425000
2022,2,204348,CTIA - The Wireless Association,3565000
2022,3,204348,CTIA - The Wireless Association,3765000
2022,4,204348,CTIA - The Wireless Association,5326000
2023,1,204348,CTIA - The Wireless Association,5550000
2023,2,204348,CTIA - The Wireless Association,4500000
2023,3,204348,CTIA - The Wireless Association,4590000
2023,4,204348,CTIA - The Wireless Association,6645000
2024,1,204348,CTIA - The Wireless Association,5665000
2024,2,204348,CTIA - The Wireless Association,4885000
2024,3,204348,CTIA - The Wireless Association,4495000
2024,4,204348,CTIA - The Wireless Association,6580000
2010,1,204357,Oracle Corp.,1540000
2010,2,204357,Oracle Corp.,1590000
2010,3,204357,Oracle Corp.,1752500
2010,4,204357,Oracle Corp.,1505000
2011,1,204357,Oracle Corp.,1515000
2011,2,204357,Oracle Corp.,2175000
2011,3,204357,Oracle Corp.,1645000
2011,4,204357,Oracle Corp.,1895000
2012,1,204357,Oracle Corp.,1545000
2012,2,204357,Oracle Corp.,1905000
2012,3,204357,Oracle Corp.,1865000
2012,4,204357,Oracle Corp.,2275000
2013,1,204357,Oracle Corp.,1885000
2013,2,204357,Oracle Corp.,2105000
2013,3,204357,Oracle Corp.,1815000
2013,4,204357,Oracle Corp.,2055000
2014,1,204357,Oracle Corp.,1975000
2014,2,204357,Oracle Corp.,2005000
2014,3,204357,Oracle Corp.,1705000
2014,4,204357,Oracle Corp.,2045000
2015,1,204357,Oracle Corp.,1965000
2015,2,204357,Oracle Corp.,2415000
2015,3,204357,Oracle Corp.,3320000
2015,4,204357,Oracle Corp.,2795000
2016,1,204357,Oracle Corp.,2495000
2016,2,204357,Oracle Corp.,2665000
2016,3,204357,Oracle Corp.,2725000
2016,4,204357,Oracle Corp.,2715000
2017,1,204357,Oracle Corp.,2925000
2017,2,204357,Oracle Corp.,3535000
2017,3,204357,Oracle Corp.,4565000
2017,4,204357,Oracle Corp.,3235000
2018,1,204357,Oracle Corp.,1865000
2018,2,204357,Oracle Corp.,2445000
2018,3,204357,Oracle Corp.,2045000
2018,4,204357,Oracle Corp.,2495000
2019,1,204357,Oracle Corp.,2015000
2019,2,204357,Oracle Corp.,2275000
2019,3,204357,Oracle Corp.,2355000
2019,4,204357,Oracle Corp.,2505000
2020,1,204357,Oracle Corp.,2545000
2020,2,204357,Oracle Corp.,2410000
2020,3,204357,Oracle Corp.,2400000
2020,4,204357,Oracle Corp.,2975000
2021,1,204357,Oracle Corp.,2175000
2021,2,204357,Oracle Corp.,2975000
2021,3,204357,Oracle Corp.,3475000
2021,4,204357,Oracle Corp.,2635000
2022,1,204357,Oracle Corp.,3025000
2022,2,204357,Oracle Corp.,2705000
2022,3,204357,Oracle Corp.,3845000
2022,4,204357,Oracle Corp.,2065000
2023,1,204357,Oracle Corp.,3125000
2023,2,204357,Oracle Corp.,3135000
2023,3,204357,Oracle Corp.,3885000
2023,4,204357,Oracle Corp.,3055000
2024,1,204357,Oracle Corp.,3035000
2024,2,204357,Oracle Corp.,2705000
2024,3,204357,Oracle Corp.,3595000
2024,4,204357,Oracle Corp.,2765000
2010,1,204360,UnitedHealth Group Inc.,1160000
2010,2,204360,UnitedHealth Group Inc.,1150000
2010,3,204360,UnitedHealth Group Inc.,1050000
2010,4,204360,UnitedHealth Group Inc.,1000000
2011,1,204360,UnitedHealth Group Inc.,1145000
2011,2,204360,UnitedHealth Group Inc.,1365000
2011,3,204360,UnitedHealth Group Inc.,1135000
2011,4,204360,UnitedHealth Group Inc.,1255000
2012,1,204360,UnitedHealth Group Inc.,1250000
2012,2,204360,UnitedHealth Group Inc.,1200000
2012,3,204360,UnitedHealth Group Inc.,1270000
2012,4,204360,UnitedHealth Group Inc.,1790000
2013,1,204360,UnitedHealth Group Inc.,1110000
2013,2,204360,UnitedHealth Group Inc.,1190000
2013,3,204360,UnitedHealth Group Inc.,1210000
2013,4,204360,UnitedHealth Group Inc.,1270000
2014,1,204360,UnitedHealth Group Inc.,1290000
2014,2,204360,UnitedHealth Group Inc.,1130000
2014,3,204360,UnitedHealth Group Inc.,1100000
2014,4,204360,UnitedHealth Group Inc.,1140000
2015,1,204360,UnitedHealth Group Inc.,1260000
2015,2,204360,UnitedHealth Group Inc.,1160000
2015,3,204360,UnitedHealth Group Inc.,1120000
2015,4,204360,UnitedHealth Group Inc.,990000
2016,1,204360,UnitedHealth Group Inc.,1120000
2016,2,204360,UnitedHealth Group Inc.,1250000
2016,3,204360,UnitedHealth Group Inc.,1190000
2016,4,204360,UnitedHealth Group Inc.,1100000
2017,1,204360,UnitedHealth Group Inc.,2305000
2017,2,204360,UnitedHealth Group Inc.,1485000
2017,3,204360,UnitedHealth Group Inc.,1585000
2017,4,204360,UnitedHealth Group Inc.,1555000
2018,1,204360,UnitedHealth Group Inc.,1655000
2018,2,204360,UnitedHealth Group Inc.,1455000
2018,3,204360,UnitedHealth Group Inc.,1395000
2018,4,204360,UnitedHealth Group Inc.,1525000
2019,1,204360,UnitedHealth Group Inc.,1595000
2019,2,204360,UnitedHealth Group Inc.,1685000
2019,3,204360,UnitedHealth Group Inc.,1345000
2019,4,204360,UnitedHealth Group Inc.,1635000
2020,1,204360,UnitedHealth Group Inc.,2005000
2020,2,204360,UnitedHealth Group Inc.,1405000
2020,3,204360,UnitedHealth Group Inc.,1295000
2020,4,204360,UnitedHealth Group Inc.,1545000
2021,1,204360,UnitedHealth Group Inc.,1545000
2021,2,204360,UnitedHealth Group Inc.,1305000
2021,3,204360,UnitedHealth Group Inc.,1545000
2021,4,204360,UnitedHealth Group Inc.,2325000
2022,1,204360,UnitedHealth Group Inc.,2145000
2022,2,204360,UnitedHealth Group Inc.,1955000
2022,3,204360,UnitedHealth Group Inc.,1895000
2022,4,204360,UnitedHealth Group Inc.,2205000
2023,1,204360,UnitedHealth Group Inc.,3865000
2023,2,204360,UnitedHealth Group Inc.,2835000
2023,3,204360,UnitedHealth Group Inc.,2225000
2023,4,204360,UnitedHealth Group Inc.,2235000
2024,1,204360,UnitedHealth Group Inc.,3105000
2024,2,204360,UnitedHealth Group Inc.,1915000
2024,3,204360,UnitedHealth Group Inc.,2115000
2024,4,204360,UnitedHealth Group Inc.,2245000
2010,1,204446,IBM Corp.,1990000
2010,2,204446,IBM Corp.,840000
2010,3,204446,IBM Corp.,1130000
2010,4,204446,IBM Corp.,1080000
2011,1,204446,IBM Corp.,1340000
2011,2,204446,IBM Corp.,1120000
2011,3,204446,IBM Corp.,1290000
2011,4,204446,IBM Corp.,1880000
2012,1,204446,IBM Corp.,1710000
2012,2,204446,IBM Corp.,1170000
2012,3,204446,IBM Corp.,1130000
2012,4,204446,IBM Corp.,1400000
2013,1,204446,IBM Corp.,1485000
2013,2,204446,IBM Corp.,2045000
2013,3,204446,IBM Corp.,1315000
2013,4,204446,IBM Corp.,1675000
2014,1,204446,IBM Corp.,1390000
2014,2,204446,IBM Corp.,1800000
2014,3,204446,IBM Corp.,970000
2014,4,204446,IBM Corp.,1270000
2015,1,204446,IBM Corp.,1090000
2015,2,204446,IBM Corp.,1900000
2015,3,204446,IBM Corp.,950000
2015,4,204446,IBM Corp.,1050000
2016,1,204446,IBM Corp.,880000
2016,2,204446,IBM Corp.,1610000
2016,3,204446,IBM Corp.,960000
2016,4,204446,IBM Corp.,910000
2017,1,204446,IBM Corp.,1190000
2017,2,204446,IBM Corp.,1720000
2017,3,204446,IBM Corp.,830000
2017,4,204446,IBM Corp.,1810000
2018,1,204446,IBM Corp.,1560000
2018,2,204446,IBM Corp.,1770000
2018,3,204446,IBM Corp.,1030000
2018,4,204446,IBM Corp.,970000
2019,1,204446,IBM Corp.,2090000
2019,2,204446,IBM Corp.,1570000
2019,3,204446,IBM Corp.,1270000
2019,4,204446,IBM Corp.,1250000
2020,1,204446,IBM Corp.,1650000
2020,2,204446,IBM Corp.,1120000
2020,3,204446,IBM Corp.,730000
2020,4,204446,IBM Corp.,1130000
2021,1,204446,IBM Corp.,1730000
2021,2,204446,IBM Corp.,1200000
2021,3,204446,IBM Corp.,1410000
2021,4,204446,IBM Corp.,1220000
2022,1,204446,IBM Corp.,1200000
2022,2,204446,IBM Corp.,1840000
2022,3,204446,IBM Corp.,1770000
2022,4,204446,IBM Corp.,1340000
2023,1,204446,IBM Corp.,1360000
2023,2,204446,IBM Corp.,1220000
2023,3,204446,IBM Corp.,1820000
2023,4,204446,IBM Corp.,1320000
2024,1,204446,IBM Corp.,1355000
2024,2,204446,IBM Corp.,2150000
2024,3,204446,IBM Corp.,1110000
2024,4,204446,IBM Corp.,1290000
2010,1,205878,Duke Energy Corp.,2095000
2010,2,205878,Duke Energy Corp.,2195000
2010,3,205878,Duke Energy Corp.,2115000
2010,4,205878,Duke Energy Corp.,2165000
2011,1,205878,Duke Energy Corp.,2015000
2011,2,205878,Duke Energy Corp.,2260000
2011,3,205878,Duke Energy Corp.,2150000
2011,4,205878,Duke Energy Corp.,2015000
2012,1,205878,Duke Energy Corp.,2620000
2012,2,205878,Duke Energy Corp.,1830000
2012,3,205878,Duke Energy Corp.,1730000
2012,4,205878,Duke Energy Corp.,2715000
2013,1,205878,Duke Energy Corp.,1885000
2013,2,205878,Duke Energy Corp.,1705000
2013,3,205878,Duke Energy Corp.,1695000
2013,4,205878,Duke Energy Corp.,1895000
2014,1,205878,Duke Energy Corp.,2335000
2014,2,205878,Duke Energy Corp.,1525000
2014,3,205878,Duke Energy Corp.,1535000
2014,4,205878,Duke Energy Corp.,1625000
2015,1,205878,Duke Energy Corp.,2290000
2015,2,205878,Duke Energy Corp.,1465000
2015,3,205878,Duke Energy Corp.,1457000
2015,4,205878,Duke Energy Corp.,1480000
2016,1,205878,Duke Energy Corp.,2670000
2016,2,205878,Duke Energy Corp.,1580000
2016,3,205878,Duke Energy Corp.,1570000
2016,4,205878,Duke Energy Corp.,1540000
2017,1,205878,Duke Energy Corp.,1540000
2017,2,205878,Duke Energy Corp.,1520000
2017,3,205878,Duke Energy Corp.,1615000
2017,4,205878,Duke Energy Corp.,2486595
2018,1,205878,Duke Energy Corp.,1541159
2018,2,205878,Duke Energy Corp.,1446230
2018,3,205878,Duke Energy Corp.,1536330
2018,4,205878,Duke Energy Corp.,1621873
2019,1,205878,Duke Energy Corp.,1484839
2019,2,205878,Duke Energy Corp.,1573844
2019,3,205878,Duke Energy Corp.,1531983
2019,4,205878,Duke Energy Corp.,1523844
2020,1,205878,Duke Energy Corp.,3823256
2020,2,205878,Duke Energy Corp.,1220000
2020,3,205878,Duke Energy Corp.,1100000
2020,4,205878,Duke Energy Corp.,1080000
2021,1,205878,Duke Energy Corp.,1850000
2021,2,205878,Duke Energy Corp.,1050000
2021,3,205878,Duke Energy Corp.,940000
2021,4,205878,Duke Energy Corp.,920000
2022,1,205878,Duke Energy Corp.,2200000
2022,2,205878,Duke Energy Corp.,1390000
2022,3,205878,Duke Energy Corp.,1360000
2022,4,205878,Duke Energy Corp.,1360000
2023,1,205878,Duke Energy Corp.,2520000
2023,2,205878,Duke Energy Corp.,1550000
2023,3,205878,Duke Energy Corp.,1510000
2023,4,205878,Duke Energy Corp.,1570000
2024,1,205878,Duke Energy Corp.,2620000
2024,2,205878,Duke Energy Corp.,1600000
2024,3,205878,Duke Energy Corp.,1500000
2024,4,205878,Duke Energy Corp.,2040000
2010,1,206073,U.S. Chamber of Commerce,25647000
2010,2,206073,U.S. Chamber of Commerce,10227000
2010,3,206073,U.S. Chamber of Commerce,29687000
2010,4,206073,U.S. Chamber of Commerce,36832000
2011,1,206073,U.S. Chamber of Commerce,11455000
2011,2,206073,U.S. Chamber of Commerce,9619000
2011,3,206073,U.S. Chamber of Commerce,10443000
2011,4,206073,U.S. Chamber of Commerce,14638000
2012,1,206073,U.S. Chamber of Commerce,20715000
2012,2,206073,U.S. Chamber of Commerce,22984000
2012,3,206073,U.S. Chamber of Commerce,32080000
2012,4,206073,U.S. Chamber of Commerce,29942000
2013,1,206073,U.S. Chamber of Commerce,10533000
2013,2,206073,U.S. Chamber of Commerce,14400000
2013,3,206073,U.S. Chamber of Commerce,12601000
2013,4,206073,U.S. Chamber of Commerce,16950000
2014,1,206073,U.S. Chamber of Commerce,19380000
2014,2,206073,U.S. Chamber of Commerce,22104000
2014,3,206073,U.S. Chamber of Commerce,28872500
2014,4,206073,U.S. Chamber of Commerce,21630000
2015,1,206073,U.S. Chamber of Commerce,14170000
2015,2,206073,U.S. Chamber of Commerce,18320000
2015,3,206073,U.S. Chamber of Commerce,16320000
2015,4,206073,U.S. Chamber of Commerce,15000000
2016,1,206073,U.S. Chamber of Commerce,15970000
2016,2,206073,U.S. Chamber of Commerce,22990000
2016,3,206073,U.S. Chamber of Commerce,18690000
2016,4,206073,U.S. Chamber of Commerce,18940000
2017,1,206073,U.S. Chamber of Commerce,17410000
2017,2,206073,U.S. Chamber of Commerce,11940000
2017,3,206073,U.S. Chamber of Commerce,13370000
2017,4,206073,U.S. Chamber of Commerce,17120000
2018,1,206073,U.S. Chamber of Commerce,15600000
2018,2,206073,U.S. Chamber of Commerce,15520000
2018,3,206073,U.S. Chamber of Commerce,17805000
2018,4,206073,U.S. Chamber of Commerce,16160000
2019,1,206073,U.S. Chamber of Commerce,16670000
2019,2,206073,U.S. Chamber of Commerce,12770000
2019,3,206073,U.S. Chamber of Commerce,12530000
2019,4,206073,U.S. Chamber of Commerce,17150000
2020,1,206073,U.S. Chamber of Commerce,15970000
2020,2,206073,U.S. Chamber of Commerce,12400000
2020,3,206073,U.S. Chamber of Commerce,20110000
2020,4,206073,U.S. Chamber of Commerce,22350000
2021,1,206073,U.S. Chamber of Commerce,17280000
2021,2,206073,U.S. Chamber of Commerce,11740000
2021,3,206073,U.S. Chamber of Commerce,16520000
2021,4,206073,U.S. Chamber of Commerce,19750000
2022,1,206073,U.S. Chamber of Commerce,18880000
2022,2,206073,U.S. Chamber of Commerce,16026000
2022,3,206073,U.S. Chamber of Commerce,24190000
2022,4,206073,U.S. Chamber of Commerce,21100000
2023,1,206073,U.S. Chamber of Commerce,18760000
2023,2,206073,U.S. Chamber of Commerce,16490000
2023,3,206073,U.S. Chamber of Commerce,13690000
2023,4,206073,U.S. Chamber of Commerce,19180000
2024,1,206073,U.S. Chamber of Commerce,23420000
2024,2,206073,U.S. Chamber of Commerce,13980000
2024,3,206073,U.S. Chamber of Commerce,14800000
2024,4,206073,U.S. Chamber of Commerce,22460000
2010,1,206206,Northrop Grumman Corp.,4688500
2010,2,206206,Northrop Grumman Corp.,5404750
2010,3,206206,Northrop Grumman Corp.,3563750
2010,4,206206,Northrop Grumman Corp.,4233750
2011,1,206206,Northrop Grumman Corp.,3138750
2011,2,206206,Northrop Grumman Corp.,3498750
2011,3,206206,Northrop Grumman Corp.,3388750
2011,4,206206,Northrop Grumman Corp.,4820000
2012,1,206206,Northrop Grumman Corp.,4550000
2012,2,206206,Northrop Grumman Corp.,5020000
2012,3,206206,Northrop Grumman Corp.,4730000
2012,4,206206,Northrop Grumman Corp.,4920000
2013,1,206206,Northrop Grumman Corp.,6200000
2013,2,206206,Northrop Grumman Corp.,3830000
2013,3,206206,Northrop Grumman Corp.,4160000
2013,4,206206,Northrop Grumman Corp.,7720000
2014,1,206206,Northrop Grumman Corp.,3901960
2014,2,206206,Northrop Grumman Corp.,2860000
2014,3,206206,Northrop Grumman Corp.,2810000
2014,4,206206,Northrop Grumman Corp.,2165000
2015,1,206206,Northrop Grumman Corp.,2727500
2015,2,206206,Northrop Grumman Corp.,5137500
2015,3,206206,Northrop Grumman Corp.,2487500
2015,4,206206,Northrop Grumman Corp.,2627500
2016,1,206206,Northrop Grumman Corp.,5207500
2016,2,206206,Northrop Grumman Corp.,2667500
2016,3,206206,Northrop Grumman Corp.,2957500
2016,4,206206,Northrop Grumman Corp.,3117500
2017,1,206206,Northrop Grumman Corp.,4737500
2017,2,206206,Northrop Grumman Corp.,3037500
2017,3,206206,Northrop Grumman Corp.,2917500
2017,4,206206,Northrop Grumman Corp.,3337500
2018,1,206206,Northrop Grumman Corp.,4807500
2018,2,206206,Northrop Grumman Corp.,2687500
2018,3,206206,Northrop Grumman Corp.,2973500
2018,4,206206,Northrop Grumman Corp.,3121500
2019,1,206206,Northrop Grumman Corp.,5987500
2019,2,206206,Northrop Grumman Corp.,3067500
2019,3,206206,Northrop Grumman Corp.,2957500
2019,4,206206,Northrop Grumman Corp.,2877500
2020,1,206206,Northrop Grumman Corp.,5157500
2020,2,206206,Northrop Grumman Corp.,2637500
2020,3,206206,Northrop Grumman Corp.,2317500
2020,4,206206,Northrop Grumman Corp.,2887500
2021,1,206206,Northrop Grumman Corp.,4837500
2021,2,206206,Northrop Grumman Corp.,2217500
2021,3,206206,Northrop Grumman Corp.,1977500
2021,4,206206,Northrop Grumman Corp.,2147500
2022,1,206206,Northrop Grumman Corp.,4607500
2022,2,206206,Northrop Grumman Corp.,2287500
2022,3,206206,Northrop Grumman Corp.,1937500
2022,4,206206,Northrop Grumman Corp.,2237500
2023,1,206206,Northrop Grumman Corp.,4437500
2023,2,206206,Northrop Grumman Corp.,1917500
2023,3,206206,Northrop Grumman Corp.,2287500
2023,4,206206,Northrop Grumman Corp.,2207500
2024,1,206206,Northrop Grumman Corp.,3917500
2024,2,206206,Northrop Grumman Corp.,1627500
2024,3,206206,Northrop Grumman Corp.,1737500
2024,4,206206,Northrop Grumman Corp.,1627500
2013,1,207009,AbbVie Inc.,870000
2013,2,207009,AbbVie Inc.,810000
2013,3,207009,AbbVie Inc.,1440000
2013,4,207009,AbbVie Inc.,820000
2014,1,207009,AbbVie Inc.,1680000
2014,2,207009,AbbVie Inc.,1150000
2014,3,207009,AbbVie Inc.,1890000
2014,4,207009,AbbVie Inc.,1320000
2015,1,207009,AbbVie Inc.,2190000
2015,2,207009,AbbVie Inc.,1200000
2015,3,207009,AbbVie Inc.,1510000
2015,4,207009,AbbVie Inc.,1450000
2016,1,207009,AbbVie Inc.,2860000
2016,2,207009,AbbVie Inc.,1970000
2016,3,207009,AbbVie Inc.,2190000
2016,4,207009,AbbVie Inc.,1310000
2017,1,207009,AbbVie Inc.,2730000
2017,2,207009,AbbVie Inc.,1020000
2017,3,207009,AbbVie Inc.,1530000
2017,4,207009,AbbVie Inc.,1530000
2018,1,207009,AbbVie Inc.,3200000
2018,2,207009,AbbVie Inc.,1115000
2018,3,207009,AbbVie Inc.,890000
2018,4,207009,AbbVie Inc.,2100000
2019,1,207009,AbbVie Inc.,3060000
2019,2,207009,AbbVie Inc.,1280000
2019,3,207009,AbbVie Inc.,2150000
2019,4,207009,AbbVie Inc.,1300000
2020,1,207009,AbbVie Inc.,3320000
2020,2,207009,AbbVie Inc.,1010000
2020,3,207009,AbbVie Inc.,1770000
2020,4,207009,AbbVie Inc.,990000
2021,1,207009,AbbVie Inc.,3400000
2021,2,207009,AbbVie Inc.,1100000
2021,3,207009,AbbVie Inc.,2370000
2021,4,207009,AbbVie Inc.,1720000
2022,1,207009,AbbVie Inc.,4410000
2022,2,207009,AbbVie Inc.,1310000
2022,3,207009,AbbVie Inc.,2800000
2022,4,207009,AbbVie Inc.,1340000
2023,1,207009,AbbVie Inc.,1840000
2023,2,207009,AbbVie Inc.,990000
2023,3,207009,AbbVie Inc.,1160000
2023,4,207009,AbbVie Inc.,1280000
2024,1,207009,AbbVie Inc.,1990000
2024,2,207009,AbbVie Inc.,980000
2024,3,207009,AbbVie Inc.,1700000
2024,4,207009,AbbVie Inc.,1540000
2010,1,207383,United Technologies Corp.,4252500
2010,2,207383,United Technologies Corp.,4340000
2010,3,207383,United Technologies Corp.,5405000
2010,4,207383,United Technologies Corp.,5590000
2011,1,207383,United Technologies Corp.,6460000
2011,2,207383,United Technologies Corp.,4375000
2011,3,207383,United Technologies Corp.,3215000
2011,4,207383,United Technologies Corp.,1860000
2012,1,207383,United Technologies Corp.,4275000
2012,2,207383,United Technologies Corp.,2794000
2012,3,207383,United Technologies Corp.,3338000
2012,4,207383,United Technologies Corp.,4261500
2013,1,207383,United Technologies Corp.,5085000
2013,2,207383,United Technologies Corp.,2737873
2013,3,207383,United Technologies Corp.,3357500
2013,4,207383,United Technologies Corp.,4347500
2014,1,207383,United Technologies Corp.,6276500
2014,2,207383,United Technologies Corp.,2284000
2014,3,207383,United Technologies Corp.,4139000
2014,4,207383,United Technologies Corp.,4721500
2015,1,207383,United Technologies Corp.,4682500
2015,2,207383,United Technologies Corp.,2840500
2015,3,207383,United Technologies Corp.,2530500
2015,4,207383,United Technologies Corp.,3058000
2016,1,207383,United Technologies Corp.,2778000
2016,2,207383,United Technologies Corp.,2656000
2016,3,207383,United Technologies Corp.,2464500
2016,4,207383,United Technologies Corp.,2860000
2017,1,207383,United Technologies Corp.,3560000
2017,2,207383,United Technologies Corp.,2762500
2017,3,207383,United Technologies Corp.,2380000
2017,4,207383,United Technologies Corp.,2620000
2018,1,207383,United Technologies Corp.,4630000
2018,2,207383,United Technologies Corp.,2810000
2018,3,207383,United Technologies Corp.,2110000
2018,4,207383,United Technologies Corp.,2570000
2019,1,207383,United Technologies Corp.,5460000
2019,2,207383,United Technologies Corp.,2760000
2019,3,207383,United Technologies Corp.,3660000
2019,4,207383,United Technologies Corp.,2780000
2020,1,207383,United Technologies Corp.,270000
2010,1,207650,Anheuser-Busch Cos. LLC,1000000
2010,2,207650,Anheuser-Busch Cos. LLC,1170000
2010,3,207650,Anheuser-Busch Cos. LLC,1080000
2010,4,207650,Anheuser-Busch Cos. LLC,950000
2011,1,207650,Anheuser-Busch Cos. LLC,1000000
2011,2,207650,Anheuser-Busch Cos. LLC,1210000
2011,3,207650,Anheuser-Busch Cos. LLC,1110000
2011,4,207650,Anheuser-Busch Cos. LLC,1110000
2012,1,207650,Anheuser-Busch Cos. LLC,1090000
2012,2,207650,Anheuser-Busch Cos. LLC,1220000
2012,3,207650,Anheuser-Busch Cos. LLC,1190000
2012,4,207650,Anheuser-Busch Cos. LLC,1120000
2013,1,207650,Anheuser-Busch Cos. LLC,1350000
2013,2,207650,Anheuser-Busch Cos. LLC,1340000
2013,3,207650,Anheuser-Busch Cos. LLC,1100000
2013,4,207650,Anheuser-Busch Cos. LLC,1270000
2014,1,207650,Anheuser-Busch Cos. LLC,1170000
2014,2,207650,Anheuser-Busch Cos. LLC,1540000
2014,3,207650,Anheuser-Busch Cos. LLC,1270000
2014,4,207650,Anheuser-Busch Cos. LLC,1390000
2015,1,207650,Anheuser-Busch Cos. LLC,1260000
2015,2,207650,Anheuser-Busch Cos. LLC,1650000
2015,3,207650,Anheuser-Busch Cos. LLC,1290000
2015,4,207650,Anheuser-Busch Cos. LLC,1370000
2016,1,207650,Anheuser-Busch Cos. LLC,1440000
2016,2,207650,Anheuser-Busch Cos. LLC,1600000
2016,3,207650,Anheuser-Busch Cos. LLC,1330000
2016,4,207650,Anheuser-Busch Cos. LLC,1315922
2017,1,207650,Anheuser-Busch Cos. LLC,1600000
2017,2,207650,Anheuser-Busch Cos. LLC,1860000
2017,3,207650,Anheuser-Busch Cos. LLC,1900000
2017,4,207650,Anheuser-Busch Cos. LLC,1840000
2018,1,207650,Anheuser-Busch Cos. LLC,1800000
2018,2,207650,Anheuser-Busch Cos. LLC,1470000
2018,3,207650,Anheuser-Busch Cos. LLC,2150000
2018,4,207650,Anheuser-Busch Cos. LLC,1450000
2019,1,207650,Anheuser-Busch Cos. LLC,2180000
2019,2,207650,Anheuser-Busch Cos. LLC,1375655
2019,3,207650,Anheuser-Busch Cos. LLC,2120000
2019,4,207650,Anheuser-Busch Cos. LLC,1250000
2020,1,207650,Anheuser-Busch Cos. LLC,1890000
2020,2,207650,Anheuser-Busch Cos. LLC,1798000
2020,3,207650,Anheuser-Busch Cos. LLC,1820000
2020,4,207650,Anheuser-Busch Cos. LLC,2270000
2021,1,207650,Anheuser-Busch Cos. LLC,1870000
2021,2,207650,Anheuser-Busch Cos. LLC,1670000
2021,3,207650,Anheuser-Busch Cos. LLC,1750000
2021,4,207650,Anheuser-Busch Cos. LLC,1880000
2022,1,207650,Anheuser-Busch Cos. LLC,1800000
2022,2,207650,Anheuser-Busch Cos. LLC,1740000
2022,3,207650,Anheuser-Busch Cos. LLC,1920000
2022,4,207650,Anheuser-Busch Cos. LLC,1870000
2023,1,207650,Anheuser-Busch Cos. LLC,1800000
2023,2,207650,Anheuser-Busch Cos. LLC,1990000
2023,3,207650,Anheuser-Busch Cos. LLC,1780000
2023,4,207650,Anheuser-Busch Cos. LLC,1850000
2024,1,207650,Anheuser-Busch Cos. LLC,1870000
2024,2,207650,Anheuser-Busch Cos. LLC,1760000
2024,3,207650,Anheuser-Busch Cos. LLC,1730000
2024,4,207650,Anheuser-Busch Cos. LLC,1810000
2010,1,207668,Lockheed Martin Corp.,4177700
2010,2,207668,Lockheed Martin Corp.,4031900
2010,3,207668,Lockheed Martin Corp.,3812000
2010,4,207668,Lockheed Martin Corp.,3743000
2011,1,207668,Lockheed Martin Corp.,3955500
2011,2,207668,Lockheed Martin Corp.,4874000
2011,3,207668,Lockheed Martin Corp.,4639500
2011,4,207668,Lockheed Martin Corp.,4897000
2012,1,207668,Lockheed Martin Corp.,4828600
2012,2,207668,Lockheed Martin Corp.,4928100
2012,3,207668,Lockheed Martin Corp.,4326500
2012,4,207668,Lockheed Martin Corp.,4459100
2013,1,207668,Lockheed Martin Corp.,4380300
2013,2,207668,Lockheed Martin Corp.,4755300
2013,3,207668,Lockheed Martin Corp.,4213300
2013,4,207668,Lockheed Martin Corp.,4109300
2014,1,207668,Lockheed Martin Corp.,4191000
2014,2,207668,Lockheed Martin Corp.,4612300
2014,3,207668,Lockheed Martin Corp.,4291800
2014,4,207668,Lockheed Martin Corp.,4518500
2015,1,207668,Lockheed Martin Corp.,4400366
2015,2,207668,Lockheed Martin Corp.,4288300
2015,3,207668,Lockheed Martin Corp.,4183800
2015,4,207668,Lockheed Martin Corp.,3866300
2016,1,207668,Lockheed Martin Corp.,4388800
2016,2,207668,Lockheed Martin Corp.,4333800
2016,3,207668,Lockheed Martin Corp.,4023250
2016,4,207668,Lockheed Martin Corp.,3951250
2017,1,207668,Lockheed Martin Corp.,4156750
2017,2,207668,Lockheed Martin Corp.,4531800
2017,3,207668,Lockheed Martin Corp.,3848000
2017,4,207668,Lockheed Martin Corp.,4092500
2018,1,207668,Lockheed Martin Corp.,3878000
2018,2,207668,Lockheed Martin Corp.,3865000
2018,3,207668,Lockheed Martin Corp.,3745000
2018,4,207668,Lockheed Martin Corp.,3555000
2019,1,207668,Lockheed Martin Corp.,4332000
2019,2,207668,Lockheed Martin Corp.,3610000
2019,3,207668,Lockheed Martin Corp.,3431000
2019,4,207668,Lockheed Martin Corp.,3700000
2020,1,207668,Lockheed Martin Corp.,4540000
2020,2,207668,Lockheed Martin Corp.,3573000
2020,3,207668,Lockheed Martin Corp.,3468000
2020,4,207668,Lockheed Martin Corp.,3410000
2021,1,207668,Lockheed Martin Corp.,4300000
2021,2,207668,Lockheed Martin Corp.,4229000
2021,3,207668,Lockheed Martin Corp.,7803500
2021,4,207668,Lockheed Martin Corp.,7333500
2022,1,207668,Lockheed Martin Corp.,3863500
2022,2,207668,Lockheed Martin Corp.,4088500
2022,3,207668,Lockheed Martin Corp.,3898500
2022,4,207668,Lockheed Martin Corp.,3938500
2023,1,207668,Lockheed Martin Corp.,3743500
2023,2,207668,Lockheed Martin Corp.,4168500
2023,3,207668,Lockheed Martin Corp.,3812500
2023,4,207668,Lockheed Martin Corp.,4037500
2024,1,207668,Lockheed Martin Corp.,3619500
2024,2,207668,Lockheed Martin Corp.,3489500
2024,3,207668,Lockheed Martin Corp.,3393500
2024,4,207668,Lockheed Martin Corp.,3353500
2010,1,210798,Verizon Communications Inc.,5930250
2010,2,210798,Verizon Communications Inc.,5820000
2010,3,210798,Verizon Communications Inc.,5265000
2010,4,210798,Verizon Communications Inc.,5115000
2011,1,210798,Verizon Communications Inc.,5801000
2011,2,210798,Verizon Communications Inc.,5459000
2011,3,210798,Verizon Communications Inc.,4231000
2011,4,210798,Verizon Communications Inc.,4085000
2012,1,210798,Verizon Communications Inc.,5370000
2012,2,210798,Verizon Communications Inc.,4875000
2012,3,210798,Verizon Communications Inc.,4035000
2012,4,210798,Verizon Communications Inc.,4315000
2013,1,210798,Verizon Communications Inc.,4449000
2013,2,210798,Verizon Communications Inc.,4015000
2013,3,210798,Verizon Communications Inc.,3852000
2013,4,210798,Verizon Communications Inc.,4362000
2014,1,210798,Verizon Communications Inc.,4377500
2014,2,210798,Verizon Communications Inc.,4330000
2014,3,210798,Verizon Communications Inc.,3760000
2014,4,210798,Verizon Communications Inc.,3752500
2015,1,210798,Verizon Communications Inc.,4080000
2015,2,210798,Verizon Communications Inc.,3780000
2015,3,210798,Verizon Communications Inc.,3180000
2015,4,210798,Verizon Communications Inc.,3280000
2016,1,210798,Verizon Communications Inc.,4250000
2016,2,210798,Verizon Communications Inc.,2450000
2016,3,210798,Verizon Communications Inc.,2800000
2016,4,210798,Verizon Communications Inc.,3110000
2017,1,210798,Verizon Communications Inc.,3524000
2017,2,210798,Verizon Communications Inc.,3261000
2017,3,210798,Verizon Communications Inc.,2881000
2017,4,210798,Verizon Communications Inc.,3011000
2018,1,210798,Verizon Communications Inc.,3571000
2018,2,210798,Verizon Communications Inc.,3761000
2018,3,210798,Verizon Communications Inc.,3093000
2018,4,210798,Verizon Communications Inc.,3058000
2019,1,210798,Verizon Communications Inc.,3631000
2019,2,210798,Verizon Communications Inc.,3244500
2019,3,210798,Verizon Communications Inc.,3239500
2019,4,210798,Verizon Communications Inc.,3414000
2020,1,210798,Verizon Communications Inc.,3530000
2020,2,210798,Verizon Communications Inc.,3339000
2020,3,210798,Verizon Communications Inc.,3040000
2020,4,210798,Verizon Communications Inc.,3230000
2021,1,210798,Verizon Communications Inc.,3950000
2021,2,210798,Verizon Communications Inc.,3680000
2021,3,210798,Verizon Communications Inc.,3430000
2021,4,210798,Verizon Communications Inc.,3940000
2022,1,210798,Verizon Communications Inc.,4050000
2022,2,210798,Verizon Communications Inc.,3960000
2022,3,210798,Verizon Communications Inc.,3850000
2022,4,210798,Verizon Communications Inc.,4050000
2023,1,210798,Verizon Communications Inc.,3930000
2023,2,210798,Verizon Communications Inc.,4130000
2023,3,210798,Verizon Communications Inc.,4022060
2023,4,210798,Verizon Communications Inc.,4520000
2024,1,210798,Verizon Communications Inc.,4000000
2024,2,210798,Verizon Communications Inc.,3820000
2024,3,210798,Verizon Communications Inc.,3580000
2024,4,210798,Verizon Communications Inc.,3870000
2010,1,213047,Fresenius Medical Care Holdings Inc.,1180000
2010,2,213047,Fresenius Medical Care Holdings Inc.,1110000
2010,3,213047,Fresenius Medical Care Holdings Inc.,1190000
2010,4,213047,Fresenius Medical Care Holdings Inc.,1280000
2011,1,213047,Fresenius Medical Care Holdings Inc.,1350000
2011,2,213047,Fresenius Medical Care Holdings Inc.,1260000
2011,3,213047,Fresenius Medical Care Holdings Inc.,1220000
2011,4,213047,Fresenius Medical Care Holdings Inc.,1246000
2012,1,213047,Fresenius Medical Care Holdings Inc.,1212000
2012,2,213047,Fresenius Medical Care Holdings Inc.,1282000
2012,3,213047,Fresenius Medical Care Holdings Inc.,1154000
2012,4,213047,Fresenius Medical Care Holdings Inc.,1122591
2013,1,213047,Fresenius Medical Care Holdings Inc.,776513
2013,2,213047,Fresenius Medical Care Holdings Inc.,1354944
2013,3,213047,Fresenius Medical Care Holdings Inc.,1400000
2013,4,213047,Fresenius Medical Care Holdings Inc.,1406000
2014,1,213047,Fresenius Medical Care Holdings Inc.,1050000
2014,2,213047,Fresenius Medical Care Holdings Inc.,1085000
2014,3,213047,Fresenius Medical Care Holdings Inc.,1095000
2014,4,213047,Fresenius Medical Care Holdings Inc.,1035000
2015,1,213047,Fresenius Medical Care Holdings Inc.,856000
2015,2,213047,Fresenius Medical Care Holdings Inc.,861000
2015,3,213047,Fresenius Medical Care Holdings Inc.,861000
2015,4,213047,Fresenius Medical Care Holdings Inc.,861000
2016,1,213047,Fresenius Medical Care Holdings Inc.,95600
2016,2,213047,Fresenius Medical Care Holdings Inc.,790000
2016,3,213047,Fresenius Medical Care Holdings Inc.,780000
2016,4,213047,Fresenius Medical Care Holdings Inc.,800000
2017,1,213047,Fresenius Medical Care Holdings Inc.,580000
2017,2,213047,Fresenius Medical Care Holdings Inc.,670000
2017,3,213047,Fresenius Medical Care Holdings Inc.,720000
2017,4,213047,Fresenius Medical Care Holdings Inc.,665000
2018,1,213047,Fresenius Medical Care Holdings Inc.,699000
2018,2,213047,Fresenius Medical Care Holdings Inc.,820000
2018,3,213047,Fresenius Medical Care Holdings Inc.,810000
2018,4,213047,Fresenius Medical Care Holdings Inc.,1140000
2019,1,213047,Fresenius Medical Care Holdings Inc.,1290000
2019,2,213047,Fresenius Medical Care Holdings Inc.,1506326
2019,3,213047,Fresenius Medical Care Holdings Inc.,1340000
2019,4,213047,Fresenius Medical Care Holdings Inc.,1670000
2020,1,213047,Fresenius Medical Care Holdings Inc.,1660000
2020,2,213047,Fresenius Medical Care Holdings Inc.,1750000
2020,3,213047,Fresenius Medical Care Holdings Inc.,1740000
2020,4,213047,Fresenius Medical Care Holdings Inc.,1950000
2021,1,213047,Fresenius Medical Care Holdings Inc.,3060000
2021,2,213047,Fresenius Medical Care Holdings Inc.,1975000
2021,3,213047,Fresenius Medical Care Holdings Inc.,2165000
2021,4,213047,Fresenius Medical Care Holdings Inc.,1785000
2022,1,213047,Fresenius Medical Care Holdings Inc.,2965000
2022,2,213047,Fresenius Medical Care Holdings Inc.,1415000
2022,3,213047,Fresenius Medical Care Holdings Inc.,2435000
2022,4,213047,Fresenius Medical Care Holdings Inc.,2175000
2023,1,213047,Fresenius Medical Care Holdings Inc.,2415000
2023,2,213047,Fresenius Medical Care Holdings Inc.,1765000
2023,3,213047,Fresenius Medical Care Holdings Inc.,1955000
2023,4,213047,Fresenius Medical Care Holdings Inc.,2225000
2024,1,213047,Fresenius Medical Care Holdings Inc.,2530000
2024,2,213047,Fresenius Medical Care Holdings Inc.,1850000
2024,3,213047,Fresenius Medical Care Holdings Inc.,1640000
2024,4,213047,Fresenius Medical Care Holdings Inc.,1820000
2010,1,213715,Chevron USA Inc.,3300000
2010,2,213715,Chevron USA Inc.,4225000
2010,3,213715,Chevron USA Inc.,3160000
2010,4,213715,Chevron USA Inc.,3060000
2011,1,213715,Chevron USA Inc.,2970000
2011,2,213715,Chevron USA Inc.,2230000
2011,3,213715,Chevron USA Inc.,2300000
2011,4,213715,Chevron USA Inc.,2690000
2012,1,213715,Chevron USA Inc.,3410000
2012,2,213715,Chevron USA Inc.,2380000
2012,3,213715,Chevron USA Inc.,2100000
2012,4,213715,Chevron USA Inc.,2790000
2013,1,213715,Chevron USA Inc.,3980000
2013,2,213715,Chevron USA Inc.,2150000
2013,3,213715,Chevron USA Inc.,2350000
2013,4,213715,Chevron USA Inc.,3240000
2014,1,213715,Chevron USA Inc.,2500000
2014,2,213715,Chevron USA Inc.,3090000
2014,3,213715,Chevron USA Inc.,1890000
2014,4,213715,Chevron USA Inc.,1930000
2015,1,213715,Chevron USA Inc.,2310000
2015,2,213715,Chevron USA Inc.,2450000
2015,3,213715,Chevron USA Inc.,1720000
2015,4,213715,Chevron USA Inc.,1680000
2016,1,213715,Chevron USA Inc.,2020000
2016,2,213715,Chevron USA Inc.,2430000
2016,3,213715,Chevron USA Inc.,1860000
2016,4,213715,Chevron USA Inc.,1890000
2017,1,213715,Chevron USA Inc.,3480000
2017,2,213715,Chevron USA Inc.,2080000
2017,3,213715,Chevron USA Inc.,2260000
2017,4,213715,Chevron USA Inc.,2320000
2018,1,213715,Chevron USA Inc.,3270000
2018,2,213715,Chevron USA Inc.,2730000
2018,3,213715,Chevron USA Inc.,2200000
2018,4,213715,Chevron USA Inc.,2120000
2019,1,213715,Chevron USA Inc.,3010000
2019,2,213715,Chevron USA Inc.,2570000
2019,3,213715,Chevron USA Inc.,2440000
2019,4,213715,Chevron USA Inc.,2000000
2020,1,213715,Chevron USA Inc.,3250000
2020,2,213715,Chevron USA Inc.,2090000
2020,3,213715,Chevron USA Inc.,1500000
2020,4,213715,Chevron USA Inc.,1250000
2021,1,213715,Chevron USA Inc.,2310000
2021,2,213715,Chevron USA Inc.,1630000
2021,3,213715,Chevron USA Inc.,1450000
2021,4,213715,Chevron USA Inc.,1500000
2022,1,213715,Chevron USA Inc.,1970000
2022,2,213715,Chevron USA Inc.,2170000
2022,3,213715,Chevron USA Inc.,1550000
2022,4,213715,Chevron USA Inc.,1530000
2023,1,213715,Chevron USA Inc.,2080000
2023,2,213715,Chevron USA Inc.,2350000
2023,3,213715,Chevron USA Inc.,1770000
2023,4,213715,Chevron USA Inc.,1990000
2024,1,213715,Chevron USA Inc.,1900000
2024,2,213715,Chevron USA Inc.,2210000
2024,3,213715,Chevron USA Inc.,2740000
2024,4,213715,Chevron USA Inc.,2630000
2010,1,214730,Exxon Mobil Corp.,3988580
2010,2,214730,Exxon Mobil Corp.,3093580
2010,3,214730,Exxon Mobil Corp.,4708580
2010,4,214730,Exxon Mobil Corp.,3018580
2011,1,214730,Exxon Mobil Corp.,3668580
2011,2,214730,Exxon Mobil Corp.,4448580
2011,3,214730,Exxon Mobil Corp.,3868580
2011,4,214730,Exxon Mobil Corp.,3278580
2012,1,214730,Exxon Mobil Corp.,4748580
2012,2,214730,Exxon Mobil Corp.,3398580
2012,3,214730,Exxon Mobil Corp.,3568580
2012,4,214730,Exxon Mobil Corp.,3728580
2013,1,214730,Exxon Mobil Corp.,5538580
2013,2,214730,Exxon Mobil Corp.,3768580
2013,3,214730,Exxon Mobil Corp.,3305580
2013,4,214730,Exxon Mobil Corp.,3326580
2014,1,214730,Exxon Mobil Corp.,3768580
2014,2,214730,Exxon Mobil Corp.,3342500
2014,3,214730,Exxon Mobil Corp.,3635000
2014,4,214730,Exxon Mobil Corp.,3927500
2015,1,214730,Exxon Mobil Corp.,3628500
2015,2,214730,Exxon Mobil Corp.,2870000
2015,3,214730,Exxon Mobil Corp.,3940000
2015,4,214730,Exxon Mobil Corp.,3185000
2016,1,214730,Exxon Mobil Corp.,3542500
2016,2,214730,Exxon Mobil Corp.,2660000
2016,3,214730,Exxon Mobil Corp.,3320000
2016,4,214730,Exxon Mobil Corp.,3240000
2017,1,214730,Exxon Mobil Corp.,3670000
2017,2,214730,Exxon Mobil Corp.,2920000
2017,3,214730,Exxon Mobil Corp.,2860000
2017,4,214730,Exxon Mobil Corp.,2920000
2018,1,214730,Exxon Mobil Corp.,3380000
2018,2,214730,Exxon Mobil Corp.,3030000
2018,3,214730,Exxon Mobil Corp.,2480000
2018,4,214730,Exxon Mobil Corp.,3350000
2019,1,214730,Exxon Mobil Corp.,2950000
2019,2,214730,Exxon Mobil Corp.,2690000
2019,3,214730,Exxon Mobil Corp.,2160000
2019,4,214730,Exxon Mobil Corp.,2860000
2020,1,214730,Exxon Mobil Corp.,2860000
2020,2,214730,Exxon Mobil Corp.,1930000
2020,3,214730,Exxon Mobil Corp.,2250000
2020,4,214730,Exxon Mobil Corp.,2280000
2021,1,214730,Exxon Mobil Corp.,1730000
2021,2,214730,Exxon Mobil Corp.,1310000
2021,3,214730,Exxon Mobil Corp.,1850000
2021,4,214730,Exxon Mobil Corp.,2560000
2022,1,214730,Exxon Mobil Corp.,2300000
2022,2,214730,Exxon Mobil Corp.,1950000
2022,3,214730,Exxon Mobil Corp.,2000000
2022,4,214730,Exxon Mobil Corp.,2610000
2023,1,214730,Exxon Mobil Corp.,1930000
2023,2,214730,Exxon Mobil Corp.,1590000
2023,3,214730,Exxon Mobil Corp.,1760000
2023,4,214730,Exxon Mobil Corp.,2300000
2024,1,214730,Exxon Mobil Corp.,2400000
2024,2,214730,Exxon Mobil Corp.,1730000
2024,3,214730,Exxon Mobil Corp.,1670000
2024,4,214730,Exxon Mobil Corp.,1780000
2010,1,219008,American Council of Life Insurers,1880836
2010,2,219008,American Council of Life Insurers,2706895
2010,3,219008,American Council of Life Insurers,2074721
2010,4,219008,American Council of Life Insurers,1991000
2011,1,219008,American Council of Life Insurers,1604000
2011,2,219008,American Council of Life Insurers,2102300
2011,3,219008,American Council of Life Insurers,1676400
2011,4,219008,American Council of Life Insurers,1635900
2012,1,219008,American Council of Life Insurers,1674200
2012,2,219008,American Council of Life Insurers,1724000
2012,3,219008,American Council of Life Insurers,1890500
2012,4,219008,American Council of Life Insurers,1263984
2013,1,219008,American Council of Life Insurers,2232900
2013,2,219008,American Council of Life Insurers,2510500
2013,3,219008,American Council of Life Insurers,2378800
2013,4,219008,American Council of Life Insurers,1952000
2014,1,219008,American Council of Life Insurers,1681000
2014,2,219008,American Council of Life Insurers,170000
2014,3,219008,American Council of Life Insurers,210000
2014,4,219008,American Council of Life Insurers,190000
2015,1,219008,American Council of Life Insurers,1507000
2015,2,219008,American Council of Life Insurers,1439000
2015,3,219008,American Council of Life Insurers,1323000
2015,4,219008,American Council of Life Insurers,1433700
2016,1,219008,American Council of Life Insurers,1329000
2016,2,219008,American Council of Life Insurers,1378000
2016,3,219008,American Council of Life Insurers,1251000
2016,4,219008,American Council of Life Insurers,1314000
2017,1,219008,American Council of Life Insurers,1148000
2017,2,219008,American Council of Life Insurers,1322000
2017,3,219008,American Council of Life Insurers,1348000
2017,4,219008,American Council of Life Insurers,1296400
2018,1,219008,American Council of Life Insurers,1118700
2018,2,219008,American Council of Life Insurers,1127000
2018,3,219008,American Council of Life Insurers,974400
2018,4,219008,American Council of Life Insurers,1164543
2019,1,219008,American Council of Life Insurers,1131570
2019,2,219008,American Council of Life Insurers,1126577
2019,3,219008,American Council of Life Insurers,1231800
2019,4,219008,American Council of Life Insurers,1241565
2020,1,219008,American Council of Life Insurers,912105
2020,2,219008,American Council of Life Insurers,1114974
2020,3,219008,American Council of Life Insurers,1307259
2020,4,219008,American Council of Life Insurers,1129813
2021,1,219008,American Council of Life Insurers,1038648
2021,2,219008,American Council of Life Insurers,1065786
2021,3,219008,American Council of Life Insurers,1273261
2021,4,219008,American Council of Life Insurers,1231933
2022,1,219008,American Council of Life Insurers,1032683
2022,2,219008,American Council of Life Insurers,973405
2022,3,219008,American Council of Life Insurers,962515
2022,4,219008,American Council of Life Insurers,1501337
2023,1,219008,American Council of Life Insurers,1249029
2023,2,219008,American Council of Life Insurers,1280852
2023,3,219008,American Council of Life Insurers,1207493
2023,4,219008,American Council of Life Insurers,1255678
2024,1,219008,American Council of Life Insurers,1272541
2024,2,219008,American Council of Life Insurers,988458
2024,3,219008,American Council of Life Insurers,1059027
2024,4,219008,American Council of Life Insurers,1681462
2010,1,221146,AARP Inc.,4012000
2010,2,221146,AARP Inc.,4292000
2010,3,221146,AARP Inc.,4742000
2010,4,221146,AARP Inc.,9172000
2011,1,221146,AARP Inc.,5092000
2011,2,221146,AARP Inc.,4772000
2011,3,221146,AARP Inc.,2878000
2011,4,221146,AARP Inc.,2878000
2012,1,221146,AARP Inc.,2080000
2012,2,221146,AARP Inc.,2885000
2012,3,221146,AARP Inc.,2855000
2012,4,221146,AARP Inc.,2635000
2013,1,221146,AARP Inc.,2270000
2013,2,221146,AARP Inc.,2600000
2013,3,221146,AARP Inc.,2660000
2013,4,221146,AARP Inc.,2640000
2014,1,221146,AARP Inc.,2140000
2014,2,221146,AARP Inc.,2520000
2014,3,221146,AARP Inc.,2530000
2014,4,221146,AARP Inc.,2290000
2015,1,221146,AARP Inc.,2020000
2015,2,221146,AARP Inc.,2049000
2015,3,221146,AARP Inc.,2090000
2015,4,221146,AARP Inc.,2030000
2016,1,221146,AARP Inc.,2000000
2016,2,221146,AARP Inc.,2200000
2016,3,221146,AARP Inc.,2430000
2016,4,221146,AARP Inc.,2675000
2017,1,221146,AARP Inc.,2165000
2017,2,221146,AARP Inc.,2765000
2017,3,221146,AARP Inc.,2025000
2017,4,221146,AARP Inc.,3310000
2018,1,221146,AARP Inc.,2475000
2018,2,221146,AARP Inc.,2330000
2018,3,221146,AARP Inc.,1910000
2018,4,221146,AARP Inc.,2320000
2019,1,221146,AARP Inc.,2020000
2019,2,221146,AARP Inc.,2110000
2019,3,221146,AARP Inc.,2350000
2019,4,221146,AARP Inc.,2260000
2020,1,221146,AARP Inc.,2360000
2020,2,221146,AARP Inc.,1940000
2020,3,221146,AARP Inc.,2050000
2020,4,221146,AARP Inc.,2570000
2021,1,221146,AARP Inc.,3015000
2021,2,221146,AARP Inc.,2910000
2021,3,221146,AARP Inc.,3180000
2021,4,221146,AARP Inc.,5400000
2022,1,221146,AARP Inc.,3788375
2022,2,221146,AARP Inc.,3664500
2022,3,221146,AARP Inc.,5039083
2022,4,221146,AARP Inc.,4392500
2023,1,221146,AARP Inc.,4124200
2023,2,221146,AARP Inc.,3979000
2023,3,221146,AARP Inc.,4219000
2023,4,221146,AARP Inc.,5459000
2024,1,221146,AARP Inc.,4699000
2024,2,221146,AARP Inc.,5467500
2024,3,221146,AARP Inc.,5117500
2024,4,221146,AARP Inc.,5865000
2010,1,230368,Genentech Inc.,2057000
2010,2,230368,Genentech Inc.,2208000
2010,3,230368,Genentech Inc.,2111727
2010,4,230368,Genentech Inc.,2077641
2011,1,230368,Genentech Inc.,2303359
2011,2,230368,Genentech Inc.,2195295
2011,3,230368,Genentech Inc.,2285870
2011,4,230368,Genentech Inc.,2241000
2012,1,230368,Genentech Inc.,2032780
2012,2,230368,Genentech Inc.,2044106
2012,3,230368,Genentech Inc.,1868000
2012,4,230368,Genentech Inc.,1964400
2013,1,230368,Genentech Inc.,2108000
2013,2,230368,Genentech Inc.,1852000
2013,3,230368,Genentech Inc.,1766000
2013,4,230368,Genentech Inc.,2125700
2014,1,230368,Genentech Inc.,1771490
2014,2,230368,Genentech Inc.,1886595
2014,3,230368,Genentech Inc.,1914232
2014,4,230368,Genentech Inc.,1875200
2015,1,230368,Genentech Inc.,2115600
2015,2,230368,Genentech Inc.,2610100
2015,3,230368,Genentech Inc.,1740000
2015,4,230368,Genentech Inc.,1505000
2016,1,230368,Genentech Inc.,1500000
2016,2,230368,Genentech Inc.,1560000
2016,3,230368,Genentech Inc.,1570000
2016,4,230368,Genentech Inc.,1760000
2017,1,230368,Genentech Inc.,1560000
2017,2,230368,Genentech Inc.,1360000
2017,3,230368,Genentech Inc.,1550000
2017,4,230368,Genentech Inc.,1710000
2018,1,230368,Genentech Inc.,1850000
2018,2,230368,Genentech Inc.,2280000
2018,3,230368,Genentech Inc.,2140000
2018,4,230368,Genentech Inc.,2260000
2019,1,230368,Genentech Inc.,3700000
2019,2,230368,Genentech Inc.,2430000
2019,3,230368,Genentech Inc.,3470000
2019,4,230368,Genentech Inc.,2490000
2020,1,230368,Genentech Inc.,3670000
2020,2,230368,Genentech Inc.,2750000
2020,3,230368,Genentech Inc.,3590000
2020,4,230368,Genentech Inc.,2850000
2021,1,230368,Genentech Inc.,3855000
2021,2,230368,Genentech Inc.,2410000
2021,3,230368,Genentech Inc.,3430000
2021,4,230368,Genentech Inc.,2400000
2022,1,230368,Genentech Inc.,3840000
2022,2,230368,Genentech Inc.,2470000
2022,3,230368,Genentech Inc.,3270000
2022,4,230368,Genentech Inc.,2400000
2023,1,230368,Genentech Inc.,3880000
2023,2,230368,Genentech Inc.,2600000
2023,3,230368,Genentech Inc.,3630000
2023,4,230368,Genentech Inc.,2510000
2024,1,230368,Genentech Inc.,4120000
2024,2,230368,Genentech Inc.,2480000
2024,3,230368,Genentech Inc.,3250000
2024,4,230368,Genentech Inc.,2410000
2010,1,231959,Aflac Inc.,1880000
2010,2,231959,Aflac Inc.,2180000
2010,3,231959,Aflac Inc.,1660000
2010,4,231959,Aflac Inc.,1480000
2011,1,231959,Aflac Inc.,1460000
2011,2,231959,Aflac Inc.,1528000
2011,3,231959,Aflac Inc.,1278000
2011,4,231959,Aflac Inc.,1758000
2012,1,231959,Aflac Inc.,1818000
2012,2,231959,Aflac Inc.,1458000
2012,3,231959,Aflac Inc.,1968000
2012,4,231959,Aflac Inc.,2058000
2013,1,231959,Aflac Inc.,1767000
2013,2,231959,Aflac Inc.,1877500
2013,3,231959,Aflac Inc.,1688000
2013,4,231959,Aflac Inc.,298000
2014,1,231959,Aflac Inc.,1348000
2014,2,231959,Aflac Inc.,1240000
2014,3,231959,Aflac Inc.,1190000
2014,4,231959,Aflac Inc.,1180000
2015,1,231959,Aflac Inc.,1190000
2015,2,231959,Aflac Inc.,1200000
2015,3,231959,Aflac Inc.,1570000
2015,4,231959,Aflac Inc.,1420000
2016,1,231959,Aflac Inc.,1230000
2016,2,231959,Aflac Inc.,1140000
2016,3,231959,Aflac Inc.,1270000
2016,4,231959,Aflac Inc.,1430000
2017,1,231959,Aflac Inc.,1497500
2017,2,231959,Aflac Inc.,1397500
2017,3,231959,Aflac Inc.,1337500
2017,4,231959,Aflac Inc.,1637500
2018,1,231959,Aflac Inc.,1497500
2018,2,231959,Aflac Inc.,1537500
2018,3,231959,Aflac Inc.,1917500
2018,4,231959,Aflac Inc.,1437500
2019,1,231959,Aflac Inc.,1687500
2019,2,231959,Aflac Inc.,2075000
2019,3,231959,Aflac Inc.,1665000
2019,4,231959,Aflac Inc.,1765000
2020,1,231959,Aflac Inc.,2600000
2020,2,231959,Aflac Inc.,2420000
2020,3,231959,Aflac Inc.,1860000
2020,4,231959,Aflac Inc.,1535000
2021,1,231959,Aflac Inc.,2435000
2021,2,231959,Aflac Inc.,1415000
2021,3,231959,Aflac Inc.,1445000
2021,4,231959,Aflac Inc.,1915000
2022,1,231959,Aflac Inc.,2665000
2022,2,231959,Aflac Inc.,1325000
2022,3,231959,Aflac Inc.,1465000
2022,4,231959,Aflac Inc.,1595000
2023,1,231959,Aflac Inc.,2352500
2023,2,231959,Aflac Inc.,1392500
2023,3,231959,Aflac Inc.,1962500
2023,4,231959,Aflac Inc.,1652500
2024,1,231959,Aflac Inc.,3182500
2024,2,231959,Aflac Inc.,1968500
2024,3,231959,Aflac Inc.,1508500
2024,4,231959,Aflac Inc.,1717500
2010,1,231960,Microsoft Corp.,2627500
2010,2,231960,Microsoft Corp.,2920000
2010,3,231960,Microsoft Corp.,2592500
2010,4,231960,Microsoft Corp.,2591000
2011,1,231960,Microsoft Corp.,2741000
2011,2,231960,Microsoft Corp.,2753000
2011,3,231960,Microsoft Corp.,2893000
2011,4,231960,Microsoft Corp.,2770000
2012,1,231960,Microsoft Corp.,2625000
2012,2,231960,Microsoft Corp.,2806000
2012,3,231960,Microsoft Corp.,2610000
2012,4,231960,Microsoft Corp.,3312500
2013,1,231960,Microsoft Corp.,3587500
2013,2,231960,Microsoft Corp.,3940000
2013,3,231960,Microsoft Corp.,3217000
2013,4,231960,Microsoft Corp.,3780000
2014,1,231960,Microsoft Corp.,3017000
2014,2,231960,Microsoft Corp.,3327000
2014,3,231960,Microsoft Corp.,2505000
2014,4,231960,Microsoft Corp.,3055000
2015,1,231960,Microsoft Corp.,2755000
2015,2,231960,Microsoft Corp.,3155000
2015,3,231960,Microsoft Corp.,2860000
2015,4,231960,Microsoft Corp.,3410000
2016,1,231960,Microsoft Corp.,2980000
2016,2,231960,Microsoft Corp.,3110000
2016,3,231960,Microsoft Corp.,3270000
2016,4,231960,Microsoft Corp.,3380000
2017,1,231960,Microsoft Corp.,3320000
2017,2,231960,Microsoft Corp.,3148750
2017,3,231960,Microsoft Corp.,3030000
2017,4,231960,Microsoft Corp.,3237500
2018,1,231960,Microsoft Corp.,3477500
2018,2,231960,Microsoft Corp.,3627500
2018,3,231960,Microsoft Corp.,3220000
2018,4,231960,Microsoft Corp.,3340000
2019,1,231960,Microsoft Corp.,3725000
2019,2,231960,Microsoft Corp.,3695000
2019,3,231960,Microsoft Corp.,3250000
2019,4,231960,Microsoft Corp.,3390000
2020,1,231960,Microsoft Corp.,3414000
2020,2,231960,Microsoft Corp.,3950000
2020,3,231960,Microsoft Corp.,2895000
2020,4,231960,Microsoft Corp.,3185000
2021,1,231960,Microsoft Corp.,3640000
2021,2,231960,Microsoft Corp.,3505000
2021,3,231960,Microsoft Corp.,3685000
2021,4,231960,Microsoft Corp.,3495000
2022,1,231960,Microsoft Corp.,3495000
2022,2,231960,Microsoft Corp.,3315000
2022,3,231960,Microsoft Corp.,3175000
2022,4,231960,Microsoft Corp.,3385000
2023,1,231960,Microsoft Corp.,3085000
2023,2,231960,Microsoft Corp.,3165000
2023,3,231960,Microsoft Corp.,3215000
2023,4,231960,Microsoft Corp.,3075000
2024,1,231960,Microsoft Corp.,3243000
2024,2,231960,Microsoft Corp.,3371000
2024,3,231960,Microsoft Corp.,3560000
2024,4,231960,Microsoft Corp.,3080000
2010,1,231962,General Dynamics Corp.,3100594
2010,2,231962,General Dynamics Corp.,3659840
2010,3,231962,General Dynamics Corp.,3509136
2010,4,231962,General Dynamics Corp.,4273836
2011,1,231962,General Dynamics Corp.,3797469
2011,2,231962,General Dynamics Corp.,4004118
2011,3,231962,General Dynamics Corp.,3467824
2011,4,231962,General Dynamics Corp.,3923192
2012,1,231962,General Dynamics Corp.,3208318
2012,2,231962,General Dynamics Corp.,3831462
2012,3,231962,General Dynamics Corp.,3839325
2012,4,231962,General Dynamics Corp.,3919377
2013,1,231962,General Dynamics Corp.,3038168
2013,2,231962,General Dynamics Corp.,3814639
2013,3,231962,General Dynamics Corp.,2964157
2013,4,231962,General Dynamics Corp.,3935010
2014,1,231962,General Dynamics Corp.,3122573
2014,2,231962,General Dynamics Corp.,3646728
2014,3,231962,General Dynamics Corp.,3312695
2014,4,231962,General Dynamics Corp.,3782427
2015,1,231962,General Dynamics Corp.,3261469
2015,2,231962,General Dynamics Corp.,3412385
2015,3,231962,General Dynamics Corp.,3279911
2015,4,231962,General Dynamics Corp.,3336443
2016,1,231962,General Dynamics Corp.,3310541
2016,2,231962,General Dynamics Corp.,3641602
2016,3,231962,General Dynamics Corp.,3433197
2016,4,231962,General Dynamics Corp.,3799604
2017,1,231962,General Dynamics Corp.,3925288
2017,2,231962,General Dynamics Corp.,3745311
2017,3,231962,General Dynamics Corp.,3588778
2017,4,231962,General Dynamics Corp.,3796592
2018,1,231962,General Dynamics Corp.,3726952
2018,2,231962,General Dynamics Corp.,3733410
2018,3,231962,General Dynamics Corp.,3763431
2018,4,231962,General Dynamics Corp.,3901261
2019,1,231962,General Dynamics Corp.,3370027
2019,2,231962,General Dynamics Corp.,3262450
2019,3,231962,General Dynamics Corp.,3195573
2019,4,231962,General Dynamics Corp.,3469556
2020,1,231962,General Dynamics Corp.,3384037
2020,2,231962,General Dynamics Corp.,3423314
2020,3,231962,General Dynamics Corp.,3563164
2020,4,231962,General Dynamics Corp.,3500951
2021,1,231962,General Dynamics Corp.,3418347
2021,2,231962,General Dynamics Corp.,3611672
2021,3,231962,General Dynamics Corp.,3110829
2021,4,231962,General Dynamics Corp.,3820096
2022,1,231962,General Dynamics Corp.,3612500
2022,2,231962,General Dynamics Corp.,3812500
2022,3,231962,General Dynamics Corp.,3237500
2022,4,231962,General Dynamics Corp.,3887500
2023,1,231962,General Dynamics Corp.,3762500
2023,2,231962,General Dynamics Corp.,4172500
2023,3,231962,General Dynamics Corp.,3632500
2023,4,231962,General Dynamics Corp.,3750000
2024,1,231962,General Dynamics Corp.,3720000
2024,2,231962,General Dynamics Corp.,4190000
2024,3,231962,General Dynamics Corp.,3515000
2024,4,231962,General Dynamics Corp.,4157500
2010,1,232055,Edison Electric Institute,4700000
2010,2,232055,Edison Electric Institute,3430000
2010,3,232055,Edison Electric Institute,3250000
2010,4,232055,Edison Electric Institute,3765000
2011,1,232055,Edison Electric Institute,4160000
2011,2,232055,Edison Electric Institute,3700000
2011,3,232055,Edison Electric Institute,2975000
2011,4,232055,Edison Electric Institute,3220000
2012,1,232055,Edison Electric Institute,3910000
2012,2,232055,Edison Electric Institute,3190790
2012,3,232055,Edison Electric Institute,4430000
2012,4,232055,Edison Electric Institute,3870000
2013,1,232055,Edison Electric Institute,3605000
2013,2,232055,Edison Electric Institute,2425000
2013,3,232055,Edison Electric Institute,2695000
2013,4,232055,Edison Electric Institute,2915000
2014,1,232055,Edison Electric Institute,2845000
2014,2,232055,Edison Electric Institute,2435000
2014,3,232055,Edison Electric Institute,2510000
2014,4,232055,Edison Electric Institute,2215000
2015,1,232055,Edison Electric Institute,2455000
2015,2,232055,Edison Electric Institute,2685000
2015,3,232055,Edison Electric Institute,2305000
2015,4,232055,Edison Electric Institute,2395000
2016,1,232055,Edison Electric Institute,2645000
2016,2,232055,Edison Electric Institute,2465000
2016,3,232055,Edison Electric Institute,2455000
2016,4,232055,Edison Electric Institute,2425000
2017,1,232055,Edison Electric Institute,2505000
2017,2,232055,Edison Electric Institute,2515000
2017,3,232055,Edison Electric Institute,2365000
2017,4,232055,Edison Electric Institute,2365000
2018,1,232055,Edison Electric Institute,2385000
2018,2,232055,Edison Electric Institute,2419701
2018,3,232055,Edison Electric Institute,2206433
2018,4,232055,Edison Electric Institute,2183032
2019,1,232055,Edison Electric Institute,2679130
2019,2,232055,Edison Electric Institute,2511349
2019,3,232055,Edison Electric Institute,2497902
2019,4,232055,Edison Electric Institute,2427211
2020,1,232055,Edison Electric Institute,2774524
2020,2,232055,Edison Electric Institute,2213455
2020,3,232055,Edison Electric Institute,2474589
2020,4,232055,Edison Electric Institute,2542963
2021,1,232055,Edison Electric Institute,2601838
2021,2,232055,Edison Electric Institute,2696907
2021,3,232055,Edison Electric Institute,2792746
2021,4,232055,Edison Electric Institute,3492698
2022,1,232055,Edison Electric Institute,3129795
2022,2,232055,Edison Electric Institute,3676517
2022,3,232055,Edison Electric Institute,2791324
2022,4,232055,Edison Electric Institute,2348431
2023,1,232055,Edison Electric Institute,3984114
2023,2,232055,Edison Electric Institute,2809880
2023,3,232055,Edison Electric Institute,2831475
2023,4,232055,Edison Electric Institute,3287248
2024,1,232055,Edison Electric Institute,4469205
2024,2,232055,Edison Electric Institute,2554773
2024,3,232055,Edison Electric Institute,3225372
2024,4,232055,Edison Electric Institute,1976066
2010,1,232057,Southern Co.,4000000
2010,2,232057,Southern Co.,2662500
2010,3,232057,Southern Co.,3257500
2010,4,232057,Southern Co.,4592500
2011,1,232057,Southern Co.,4382500
2011,2,232057,Southern Co.,2502500
2011,3,232057,Southern Co.,2472500
2011,4,232057,Southern Co.,4742500
2012,1,232057,Southern Co.,4352500
2012,2,232057,Southern Co.,4262500
2012,3,232057,Southern Co.,2842500
2012,4,232057,Southern Co.,5402500
2013,1,232057,Southern Co.,4112500
2013,2,232057,Southern Co.,2941000
2013,3,232057,Southern Co.,2742500
2013,4,232057,Southern Co.,4372500
2014,1,232057,Southern Co.,3870000
2014,2,232057,Southern Co.,2690000
2014,3,232057,Southern Co.,2707500
2014,4,232057,Southern Co.,4417500
2015,1,232057,Southern Co.,3285000
2015,2,232057,Southern Co.,3125000
2015,3,232057,Southern Co.,2855000
2015,4,232057,Southern Co.,4690000
2016,1,232057,Southern Co.,3760000
2016,2,232057,Southern Co.,3480000
2016,3,232057,Southern Co.,3620000
2016,4,232057,Southern Co.,4100000
2017,1,232057,Southern Co.,3820000
2017,2,232057,Southern Co.,3460000
2017,3,232057,Southern Co.,3660000
2017,4,232057,Southern Co.,3500000
2018,1,232057,Southern Co.,4150000
2018,2,232057,Southern Co.,2960000
2018,3,232057,Southern Co.,3010000
2018,4,232057,Southern Co.,3590000
2019,1,232057,Southern Co.,3400000
2019,2,232057,Southern Co.,2990000
2019,3,232057,Southern Co.,3450000
2019,4,232057,Southern Co.,3710000
2020,1,232057,Southern Co.,3500000
2020,2,232057,Southern Co.,1980000
2020,3,232057,Southern Co.,2080000
2020,4,232057,Southern Co.,2920000
2021,1,232057,Southern Co.,1740000
2021,2,232057,Southern Co.,2530000
2021,3,232057,Southern Co.,2540000
2021,4,232057,Southern Co.,3690000
2022,1,232057,Southern Co.,2180000
2022,2,232057,Southern Co.,2595000
2022,3,232057,Southern Co.,2525000
2022,4,232057,Southern Co.,3435000
2023,1,232057,Southern Co.,3775000
2023,2,232057,Southern Co.,2275000
2023,3,232057,Southern Co.,3105000
2023,4,232057,Southern Co.,3305000
2024,1,232057,Southern Co.,3630000
2024,2,232057,Southern Co.,2760000
2024,3,232057,Southern Co.,2690000
2024,4,232057,Southern Co.,3330000
2010,1,232061,Entertainment Software Association,1398000
2010,2,232061,Entertainment Software Association,1344700
2010,3,232061,Entertainment Software Association,1349700
2010,4,232061,Entertainment Software Association,1339700
2011,1,232061,Entertainment Software Association,1339700
2011,2,232061,Entertainment Software Association,1282167
2011,3,232061,Entertainment Software Association,1282167
2011,4,232061,Entertainment Software Association,1282167
2012,1,232061,Entertainment Software Association,1282167
2012,2,232061,Entertainment Software Association,1426200
2012,3,232061,Entertainment Software Association,1460000
2012,4,232061,Entertainment Software Association,1460000
2013,1,232061,Entertainment Software Association,1550000
2013,2,232061,Entertainment Software Association,1660000
2013,3,232061,Entertainment Software Association,1640000
2013,4,232061,Entertainment Software Association,1560000
2014,1,232061,Entertainment Software Association,1271138
2014,2,232061,Entertainment Software Association,1640000
2014,3,232061,Entertainment Software Association,1640000
2014,4,232061,Entertainment Software Association,1720000
2015,1,232061,Entertainment Software Association,1330000
2015,2,232061,Entertainment Software Association,1760000
2015,3,232061,Entertainment Software Association,1760000
2015,4,232061,Entertainment Software Association,1770000
2016,1,232061,Entertainment Software Association,1807000
2016,2,232061,Entertainment Software Association,2066000
2016,3,232061,Entertainment Software Association,2036000
2016,4,232061,Entertainment Software Association,2036000
2017,1,232061,Entertainment Software Association,1908359
2017,2,232061,Entertainment Software Association,1979200
2017,3,232061,Entertainment Software Association,1950000
2017,4,232061,Entertainment Software Association,1980000
2018,1,232061,Entertainment Software Association,1235000
2018,2,232061,Entertainment Software Association,1905000
2018,3,232061,Entertainment Software Association,1430000
2018,4,232061,Entertainment Software Association,1430000
2019,1,232061,Entertainment Software Association,1400000
2019,2,232061,Entertainment Software Association,1585000
2019,3,232061,Entertainment Software Association,1585000
2019,4,232061,Entertainment Software Association,1585400
2020,1,232061,Entertainment Software Association,1197500
2020,2,232061,Entertainment Software Association,1440000
2020,3,232061,Entertainment Software Association,1280000
2020,4,232061,Entertainment Software Association,1470000
2021,1,232061,Entertainment Software Association,1770000
2021,2,232061,Entertainment Software Association,1370000
2021,3,232061,Entertainment Software Association,1490000
2021,4,232061,Entertainment Software Association,2010000
2022,1,232061,Entertainment Software Association,2150000
2022,2,232061,Entertainment Software Association,1570000
2022,3,232061,Entertainment Software Association,1740000
2022,4,232061,Entertainment Software Association,1890000
2023,1,232061,Entertainment Software Association,2090000
2023,2,232061,Entertainment Software Association,1550000
2023,3,232061,Entertainment Software Association,1380000
2023,4,232061,Entertainment Software Association,1540000
2024,1,232061,Entertainment Software Association,1750000
2024,2,232061,Entertainment Software Association,1750000
2024,3,232061,Entertainment Software Association,1430000
2024,4,232061,Entertainment Software Association,1570000
2010,1,232646,Intel Corp.,1474440
2010,2,232646,Intel Corp.,1230000
2010,3,232646,Intel Corp.,1230000
2010,4,232646,Intel Corp.,1330000
2011,1,232646,Intel Corp.,1375170
2011,2,232646,Intel Corp.,1358120
2011,3,232646,Intel Corp.,1218000
2011,4,232646,Intel Corp.,1294000
2012,1,232646,Intel Corp.,1142000
2012,2,232646,Intel Corp.,1118000
2012,3,232646,Intel Corp.,1250000
2012,4,232646,Intel Corp.,1257000
2013,1,232646,Intel Corp.,1420480
2013,2,232646,Intel Corp.,1190000
2013,3,232646,Intel Corp.,1457270
2013,4,232646,Intel Corp.,1776000
2014,1,232646,Intel Corp.,1613000
2014,2,232646,Intel Corp.,1129000
2014,3,232646,Intel Corp.,1160000
2014,4,232646,Intel Corp.,1345000
2015,1,232646,Intel Corp.,1660000
2015,2,232646,Intel Corp.,1600000
2015,3,232646,Intel Corp.,1390000
2015,4,232646,Intel Corp.,1432831
2016,1,232646,Intel Corp.,1639174
2016,2,232646,Intel Corp.,1479461
2016,3,232646,Intel Corp.,1335925
2016,4,232646,Intel Corp.,1568302
2017,1,232646,Intel Corp.,1526960
2017,2,232646,Intel Corp.,1355000
2017,3,232646,Intel Corp.,1380000
2017,4,232646,Intel Corp.,1425000
2018,1,232646,Intel Corp.,1470000
2018,2,232646,Intel Corp.,1480000
2018,3,232646,Intel Corp.,1610000
2018,4,232646,Intel Corp.,1450000
2019,1,232646,Intel Corp.,1750000
2019,2,232646,Intel Corp.,1860000
2019,3,232646,Intel Corp.,1650000
2019,4,232646,Intel Corp.,1545000
2020,1,232646,Intel Corp.,1380000
2020,2,232646,Intel Corp.,1370000
2020,3,232646,Intel Corp.,1105000
2020,4,232646,Intel Corp.,1235000
2021,1,232646,Intel Corp.,1385000
2021,2,232646,Intel Corp.,1365000
2021,3,232646,Intel Corp.,1350000
2021,4,232646,Intel Corp.,1300000
2022,1,232646,Intel Corp.,1830000
2022,2,232646,Intel Corp.,2160000
2022,3,232646,Intel Corp.,2450000
2022,4,232646,Intel Corp.,2235000
2023,1,232646,Intel Corp.,1955000
2023,2,232646,Intel Corp.,2065000
2023,3,232646,Intel Corp.,2025000
2023,4,232646,Intel Corp.,2145000
2024,1,232646,Intel Corp.,1995000
2024,2,232646,Intel Corp.,2405000
2024,3,232646,Intel Corp.,1985000
2024,4,232646,Intel Corp.,1445000
2010,1,232657,Shell USA Inc.,2500000
2010,2,232657,Shell USA Inc.,4235000
2010,3,232657,Shell USA Inc.,1960000
2010,4,232657,Shell USA Inc.,2470000
2011,1,232657,Shell USA Inc.,4180000
2011,2,232657,Shell USA Inc.,4210000
2011,3,232657,Shell USA Inc.,3580000
2011,4,232657,Shell USA Inc.,3760000
2012,1,232657,Shell USA Inc.,3690000
2012,2,232657,Shell USA Inc.,3680000
2012,3,232657,Shell USA Inc.,4240000
2012,4,232657,Shell USA Inc.,3690000
2013,1,232657,Shell USA Inc.,2280000
2013,2,232657,Shell USA Inc.,2370000
2013,3,232657,Shell USA Inc.,2510000
2013,4,232657,Shell USA Inc.,2860000
2014,1,232657,Shell USA Inc.,2510000
2014,2,232657,Shell USA Inc.,2270000
2014,3,232657,Shell USA Inc.,2530000
2014,4,232657,Shell USA Inc.,1780000
2015,1,232657,Shell USA Inc.,2150000
2015,2,232657,Shell USA Inc.,2710000
2015,3,232657,Shell USA Inc.,2260000
2015,4,232657,Shell USA Inc.,2380000
2016,1,232657,Shell USA Inc.,2530000
2016,2,232657,Shell USA Inc.,2480000
2016,3,232657,Shell USA Inc.,2175000
2016,4,232657,Shell USA Inc.,2580000
2017,1,232657,Shell USA Inc.,2810000
2017,2,232657,Shell USA Inc.,2010000
2017,3,232657,Shell USA Inc.,2090000
2017,4,232657,Shell USA Inc.,2280000
2018,1,232657,Shell USA Inc.,2350000
2018,2,232657,Shell USA Inc.,2290000
2018,3,232657,Shell USA Inc.,3460000
2018,4,232657,Shell USA Inc.,1940000
2019,1,232657,Shell USA Inc.,1610000
2019,2,232657,Shell USA Inc.,2100000
2019,3,232657,Shell USA Inc.,1850000
2019,4,232657,Shell USA Inc.,2330000
2020,1,232657,Shell USA Inc.,2020000
2020,2,232657,Shell USA Inc.,1780000
2020,3,232657,Shell USA Inc.,2100000
2020,4,232657,Shell USA Inc.,1830000
2021,1,232657,Shell USA Inc.,2090000
2021,2,232657,Shell USA Inc.,1890000
2021,3,232657,Shell USA Inc.,1680000
2021,4,232657,Shell USA Inc.,2020000
2022,1,232657,Shell USA Inc.,1480000
2022,2,232657,Shell USA Inc.,2220000
2022,3,232657,Shell USA Inc.,1720000
2022,4,232657,Shell USA Inc.,1830000
2023,1,232657,Shell USA Inc.,2140000
2023,2,232657,Shell USA Inc.,1870000
2023,3,232657,Shell USA Inc.,1850000
2023,4,232657,Shell USA Inc.,1930000
2024,1,232657,Shell USA Inc.,1850000
2024,2,232657,Shell USA Inc.,2320000
2024,3,232657,Shell USA Inc.,1960000
2024,4,232657,Shell USA Inc.,1860000
2010,1,234639,NCTA - The Internet & Television Association,5425000
2010,2,234639,NCTA - The Internet & Television Association,5365000
2010,3,234639,NCTA - The Internet & Television Association,5465000
2010,4,234639,NCTA - The Internet & Television Association,7205000
2011,1,234639,NCTA - The Internet & Television Association,5990000
2011,2,234639,NCTA - The Internet & Television Association,5809000
2011,3,234639,NCTA - The Internet & Television Association,5585000
2011,4,234639,NCTA - The Internet & Television Association,6775000
2012,1,234639,NCTA - The Internet & Television Association,5745892
2012,2,234639,NCTA - The Internet & Television Association,5912500
2012,3,234639,NCTA - The Internet & Television Association,5519500
2012,4,234639,NCTA - The Internet & Television Association,7092500
2013,1,234639,NCTA - The Internet & Television Association,5474000
2013,2,234639,NCTA - The Internet & Television Association,5975000
2013,3,234639,NCTA - The Internet & Television Association,5875000
2013,4,234639,NCTA - The Internet & Television Association,8010000
2014,1,234639,NCTA - The Internet & Television Association,5630000
2014,2,234639,NCTA - The Internet & Television Association,5350000
2014,3,234639,NCTA - The Internet & Television Association,5070000
2014,4,234639,NCTA - The Internet & Television Association,6557500
2015,1,234639,NCTA - The Internet & Television Association,5065000
2015,2,234639,NCTA - The Internet & Television Association,4235000
2015,3,234639,NCTA - The Internet & Television Association,4225000
2015,4,234639,NCTA - The Internet & Television Association,5405000
2016,1,234639,NCTA - The Internet & Television Association,4480000
2016,2,234639,NCTA - The Internet & Television Association,4295000
2016,3,234639,NCTA - The Internet & Television Association,4095000
2016,4,234639,NCTA - The Internet & Television Association,5350000
2017,1,234639,NCTA - The Internet & Television Association,4185000
2017,2,234639,NCTA - The Internet & Television Association,4355000
2017,3,234639,NCTA - The Internet & Television Association,3655000
2017,4,234639,NCTA - The Internet & Television Association,5445000
2018,1,234639,NCTA - The Internet & Television Association,4765000
2018,2,234639,NCTA - The Internet & Television Association,4810000
2018,3,234639,NCTA - The Internet & Television Association,4220000
2018,4,234639,NCTA - The Internet & Television Association,5260000
2019,1,234639,NCTA - The Internet & Television Association,4680000
2019,2,234639,NCTA - The Internet & Television Association,4695000
2019,3,234639,NCTA - The Internet & Television Association,4215500
2019,4,234639,NCTA - The Internet & Television Association,6100000
2020,1,234639,NCTA - The Internet & Television Association,5157500
2020,2,234639,NCTA - The Internet & Television Association,5147500
2020,3,234639,NCTA - The Internet & Television Association,4474205
2020,4,234639,NCTA - The Internet & Television Association,6532500
2021,1,234639,NCTA - The Internet & Television Association,4965000
2021,2,234639,NCTA - The Internet & Television Association,4850000
2021,3,234639,NCTA - The Internet & Television Association,4815000
2021,4,234639,NCTA - The Internet & Television Association,5725000
2022,1,234639,NCTA - The Internet & Television Association,4790000
2022,2,234639,NCTA - The Internet & Television Association,4870000
2022,3,234639,NCTA - The Internet & Television Association,4965000
2022,4,234639,NCTA - The Internet & Television Association,5485000
2023,1,234639,NCTA - The Internet & Television Association,4827500
2023,2,234639,NCTA - The Internet & Television Association,4897500
2023,3,234639,NCTA - The Internet & Television Association,5577500
2023,4,234639,NCTA - The Internet & Television Association,5177500
2024,1,234639,NCTA - The Internet & Television Association,4947500
2024,2,234639,NCTA - The Internet & Television Association,4737500
2024,3,234639,NCTA - The Internet & Television Association,4857500
2024,4,234639,NCTA - The Internet & Television Association,4957500
2010,1,236879,BP America Inc.,1880000
2010,2,236879,BP America Inc.,2140000
2010,3,236879,BP America Inc.,2345000
2010,4,236879,BP America Inc.,2525000
2011,1,236879,BP America Inc.,2370000
2011,2,236879,BP America Inc.,1990000
2011,3,236879,BP America Inc.,2360000
2011,4,236879,BP America Inc.,3330000
2012,1,236879,BP America Inc.,2740000
2012,2,236879,BP America Inc.,3120000
2012,3,236879,BP America Inc.,2580000
2012,4,236879,BP America Inc.,2110000
2013,1,236879,BP America Inc.,2345000
2013,2,236879,BP America Inc.,2065000
2013,3,236879,BP America Inc.,2245000
2013,4,236879,BP America Inc.,2855000
2014,1,236879,BP America Inc.,1990000
2014,2,236879,BP America Inc.,1560000
2014,3,236879,BP America Inc.,1800000
2014,4,236879,BP America Inc.,1760000
2015,1,236879,BP America Inc.,1466250
2015,2,236879,BP America Inc.,1491250
2015,3,236879,BP America Inc.,1711250
2015,4,236879,BP America Inc.,2111250
2016,1,236879,BP America Inc.,1641250
2016,2,236879,BP America Inc.,1671250
2016,3,236879,BP America Inc.,1441250
2016,4,236879,BP America Inc.,1891250
2017,1,236879,BP America Inc.,2001250
2017,2,236879,BP America Inc.,1566250
2017,3,236879,BP America Inc.,1896250
2017,4,236879,BP America Inc.,1671250
2018,1,236879,BP America Inc.,1841250
2018,2,236879,BP America Inc.,1551250
2018,3,236879,BP America Inc.,1331250
2018,4,236879,BP America Inc.,1511250
2019,1,236879,BP America Inc.,1821250
2019,2,236879,BP America Inc.,1741250
2019,3,236879,BP America Inc.,1560000
2019,4,236879,BP America Inc.,1830000
2020,1,236879,BP America Inc.,1670000
2020,2,236879,BP America Inc.,1420000
2020,3,236879,BP America Inc.,1265000
2020,4,236879,BP America Inc.,2025000
2021,1,236879,BP America Inc.,891250
2021,2,236879,BP America Inc.,1561250
2021,3,236879,BP America Inc.,1501250
2021,4,236879,BP America Inc.,1681250
2022,1,236879,BP America Inc.,1491250
2022,2,236879,BP America Inc.,1341250
2022,3,236879,BP America Inc.,1001250
2022,4,236879,BP America Inc.,1250000
2023,1,236879,BP America Inc.,1000000
2023,2,236879,BP America Inc.,1000000
2023,3,236879,BP America Inc.,1360000
2023,4,236879,BP America Inc.,1780000
2024,1,236879,BP America Inc.,1050000
2024,2,236879,BP America Inc.,1040000
2024,3,236879,BP America Inc.,1100000
2024,4,236879,BP America Inc.,1510000
2010,1,237941,American Petroleum Institute,1650000
2010,2,237941,American Petroleum Institute,2700000
2010,3,237941,American Petroleum Institute,2270000
2010,4,237941,American Petroleum Institute,2190000
2011,1,237941,American Petroleum Institute,2390000
2011,2,237941,American Petroleum Institute,2320000
2011,3,237941,American Petroleum Institute,2230000
2011,4,237941,American Petroleum Institute,2980000
2012,1,237941,American Petroleum Institute,2050000
2012,2,237941,American Petroleum Institute,2010000
2012,3,237941,American Petroleum Institute,1980000
2012,4,237941,American Petroleum Institute,2570000
2013,1,237941,American Petroleum Institute,2380000
2013,2,237941,American Petroleum Institute,2520000
2013,3,237941,American Petroleum Institute,2830000
2013,4,237941,American Petroleum Institute,2960000
2014,1,237941,American Petroleum Institute,2600000
2014,2,237941,American Petroleum Institute,2550000
2014,3,237941,American Petroleum Institute,2610000
2014,4,237941,American Petroleum Institute,2770000
2015,1,237941,American Petroleum Institute,1730000
2015,2,237941,American Petroleum Institute,2300000
2015,3,237941,American Petroleum Institute,3000000
2015,4,237941,American Petroleum Institute,1930000
2016,1,237941,American Petroleum Institute,1780000
2016,2,237941,American Petroleum Institute,1690000
2016,3,237941,American Petroleum Institute,1710000
2016,4,237941,American Petroleum Institute,1880000
2017,1,237941,American Petroleum Institute,2950000
2017,2,237941,American Petroleum Institute,2400000
2017,3,237941,American Petroleum Institute,2070000
2017,4,237941,American Petroleum Institute,1990000
2018,1,237941,American Petroleum Institute,1990000
2018,2,237941,American Petroleum Institute,1940000
2018,3,237941,American Petroleum Institute,1965000
2018,4,237941,American Petroleum Institute,1975000
2019,1,237941,American Petroleum Institute,1760000
2019,2,237941,American Petroleum Institute,2360000
2019,3,237941,American Petroleum Institute,1970000
2019,4,237941,American Petroleum Institute,1880000
2020,1,237941,American Petroleum Institute,1840000
2020,2,237941,American Petroleum Institute,1660000
2020,3,237941,American Petroleum Institute,1545000
2020,4,237941,American Petroleum Institute,1775000
2021,1,237941,American Petroleum Institute,1605000
2021,2,237941,American Petroleum Institute,1435000
2021,3,237941,American Petroleum Institute,1657500
2021,4,237941,American Petroleum Institute,1637500
2022,1,237941,American Petroleum Institute,1478000
2022,2,237941,American Petroleum Institute,1630000
2022,3,237941,American Petroleum Institute,1520000
2022,4,237941,American Petroleum Institute,1070000
2023,1,237941,American Petroleum Institute,1585000
2023,2,237941,American Petroleum Institute,1775000
2023,3,237941,American Petroleum Institute,2065000
2023,4,237941,American Petroleum Institute,2015000
2024,1,237941,American Petroleum Institute,2060000
2024,2,237941,American Petroleum Institute,1950000
2024,3,237941,American Petroleum Institute,1750000
2024,4,237941,American Petroleum Institute,1530000
2010,1,240949,Comcast Corp.,4662050
2010,2,240949,Comcast Corp.,5393000
2010,3,240949,Comcast Corp.,3528000
2010,4,240949,Comcast Corp.,5873000
2011,1,240949,Comcast Corp.,7523000
2011,2,240949,Comcast Corp.,6723000
2011,3,240949,Comcast Corp.,5923000
2011,4,240949,Comcast Corp.,6503000
2012,1,240949,Comcast Corp.,6403500
2012,2,240949,Comcast Corp.,5790500
2012,3,240949,Comcast Corp.,5540500
2012,4,240949,Comcast Corp.,4070500
2013,1,240949,Comcast Corp.,6225500
2013,2,240949,Comcast Corp.,7088000
2013,3,240949,Comcast Corp.,5688000
2013,4,240949,Comcast Corp.,6408000
2014,1,240949,Comcast Corp.,4995500
2014,2,240949,Comcast Corp.,6670500
2014,3,240949,Comcast Corp.,6490500
2014,4,240949,Comcast Corp.,7145500
2015,1,240949,Comcast Corp.,6805500
2015,2,240949,Comcast Corp.,5885500
2015,3,240949,Comcast Corp.,5086500
2015,4,240949,Comcast Corp.,5621500
2016,1,240949,Comcast Corp.,5530500
2016,2,240949,Comcast Corp.,5210500
2016,3,240949,Comcast Corp.,5240500
2016,4,240949,Comcast Corp.,5650500
2017,1,240949,Comcast Corp.,5615500
2017,2,240949,Comcast Corp.,5718000
2017,3,240949,Comcast Corp.,5598000
2017,4,240949,Comcast Corp.,6418000
2018,1,240949,Comcast Corp.,6270000
2018,2,240949,Comcast Corp.,5568000
2018,3,240949,Comcast Corp.,5458000
2018,4,240949,Comcast Corp.,5768000
2019,1,240949,Comcast Corp.,4961875
2019,2,240949,Comcast Corp.,4590000
2019,3,240949,Comcast Corp.,4391000
2019,4,240949,Comcast Corp.,5070000
2020,1,240949,Comcast Corp.,5275000
2020,2,240949,Comcast Corp.,4936250
2020,3,240949,Comcast Corp.,4236250
2020,4,240949,Comcast Corp.,5256250
2021,1,240949,Comcast Corp.,4718000
2021,2,240949,Comcast Corp.,4564250
2021,3,240949,Comcast Corp.,4444250
2021,4,240949,Comcast Corp.,4834250
2022,1,240949,Comcast Corp.,4736250
2022,2,240949,Comcast Corp.,5329250
2022,3,240949,Comcast Corp.,4764250
2022,4,240949,Comcast Corp.,4905500
2023,1,240949,Comcast Corp.,4332750
2023,2,240949,Comcast Corp.,4723750
2023,3,240949,Comcast Corp.,3063750
2023,4,240949,Comcast Corp.,5988750
2024,1,240949,Comcast Corp.,4953750
2024,2,240949,Comcast Corp.,4654000
2024,3,240949,Comcast Corp.,4305500
2024,4,240949,Comcast Corp.,4435500
2010,1,243759,Pacific Gas and Electric Co.,25920000
2010,2,243759,Pacific Gas and Electric Co.,18170000
2010,3,243759,Pacific Gas and Electric Co.,840000
2010,4,243759,Pacific Gas and Electric Co.,690000
2011,1,243759,Pacific Gas and Electric Co.,860000
2011,2,243759,Pacific Gas and Electric Co.,690000
2011,3,243759,Pacific Gas and Electric Co.,430000
2011,4,243759,Pacific Gas and Electric Co.,540000
2012,1,243759,Pacific Gas and Electric Co.,980000
2012,2,243759,Pacific Gas and Electric Co.,610000
2012,3,243759,Pacific Gas and Electric Co.,540000
2012,4,243759,Pacific Gas and Electric Co.,470000
2013,1,243759,Pacific Gas and Electric Co.,1230000
2013,2,243759,Pacific Gas and Electric Co.,780000
2013,3,243759,Pacific Gas and Electric Co.,790000
2013,4,243759,Pacific Gas and Electric Co.,700000
2014,1,243759,Pacific Gas and Electric Co.,1000000
2014,2,243759,Pacific Gas and Electric Co.,830000
2014,3,243759,Pacific Gas and Electric Co.,630000
2014,4,243759,Pacific Gas and Electric Co.,845000
2015,1,243759,Pacific Gas and Electric Co.,1095000
2015,2,243759,Pacific Gas and Electric Co.,735000
2015,3,243759,Pacific Gas and Electric Co.,795000
2015,4,243759,Pacific Gas and Electric Co.,875000
2016,1,243759,Pacific Gas and Electric Co.,1110000
2016,2,243759,Pacific Gas and Electric Co.,760000
2016,3,243759,Pacific Gas and Electric Co.,650000
2016,4,243759,Pacific Gas and Electric Co.,760000
2017,1,243759,Pacific Gas and Electric Co.,1075000
2017,2,243759,Pacific Gas and Electric Co.,900000
2017,3,243759,Pacific Gas and Electric Co.,890000
2017,4,243759,Pacific Gas and Electric Co.,1570000
2018,1,243759,Pacific Gas and Electric Co.,1130000
2018,2,243759,Pacific Gas and Electric Co.,2155000
2018,3,243759,Pacific Gas and Electric Co.,6420000
2018,4,243759,Pacific Gas and Electric Co.,1930000
2019,1,243759,Pacific Gas and Electric Co.,955000
2019,2,243759,Pacific Gas and Electric Co.,950000
2019,3,243759,Pacific Gas and Electric Co.,1180000
2019,4,243759,Pacific Gas and Electric Co.,1035000
2020,1,243759,Pacific Gas and Electric Co.,1190000
2020,2,243759,Pacific Gas and Electric Co.,765000
2020,3,243759,Pacific Gas and Electric Co.,885000
2020,4,243759,Pacific Gas and Electric Co.,1015000
2021,1,243759,Pacific Gas and Electric Co.,1060000
2021,2,243759,Pacific Gas and Electric Co.,1010000
2021,3,243759,Pacific Gas and Electric Co.,1055000
2021,4,243759,Pacific Gas and Electric Co.,845000
2022,1,243759,Pacific Gas and Electric Co.,2095000
2022,2,243759,Pacific Gas and Electric Co.,1300000
2022,3,243759,Pacific Gas and Electric Co.,1170000
2022,4,243759,Pacific Gas and Electric Co.,1190000
2023,1,243759,Pacific Gas and Electric Co.,1260000
2023,2,243759,Pacific Gas and Electric Co.,1240000
2023,3,243759,Pacific Gas and Electric Co.,1140000
2023,4,243759,Pacific Gas and Electric Co.,1590000
2024,1,243759,Pacific Gas and Electric Co.,1830000
2024,2,243759,Pacific Gas and Electric Co.,1530000
2024,3,243759,Pacific Gas and Electric Co.,1070000
2024,4,243759,Pacific Gas and Electric Co.,960000
2010,1,252337,U.S. Chamber of Commerce Institute for Legal Reform,6137000
2010,2,252337,U.S. Chamber of Commerce Institute for Legal Reform,4260000
2010,3,252337,U.S. Chamber of Commerce Institute for Legal Reform,7880000
2010,4,252337,U.S. Chamber of Commerce Institute for Legal Reform,14945000
2011,1,252337,U.S. Chamber of Commerce Institute for Legal Reform,6555000
2011,2,252337,U.S. Chamber of Commerce Institute for Legal Reform,6245000
2011,3,252337,U.S. Chamber of Commerce Institute for Legal Reform,4815000
2011,4,252337,U.S. Chamber of Commerce Institute for Legal Reform,6275000
2012,1,252337,U.S. Chamber of Commerce Institute for Legal Reform,6495000
2012,2,252337,U.S. Chamber of Commerce Institute for Legal Reform,6865000
2012,3,252337,U.S. Chamber of Commerce Institute for Legal Reform,8925000
2012,4,252337,U.S. Chamber of Commerce Institute for Legal Reform,11315000
2013,1,252337,U.S. Chamber of Commerce Institute for Legal Reform,6875000
2013,2,252337,U.S. Chamber of Commerce Institute for Legal Reform,5495000
2013,3,252337,U.S. Chamber of Commerce Institute for Legal Reform,4250000
2013,4,252337,U.S. Chamber of Commerce Institute for Legal Reform,6345000
2014,1,252337,U.S. Chamber of Commerce Institute for Legal Reform,6765000
2014,2,252337,U.S. Chamber of Commerce Institute for Legal Reform,7783000
2014,3,252337,U.S. Chamber of Commerce Institute for Legal Reform,9653000
2014,4,252337,U.S. Chamber of Commerce Institute for Legal Reform,11228000
2015,1,252337,U.S. Chamber of Commerce Institute for Legal Reform,6340000
2015,2,252337,U.S. Chamber of Commerce Institute for Legal Reform,5780000
2015,3,252337,U.S. Chamber of Commerce Institute for Legal Reform,5680000
2015,4,252337,U.S. Chamber of Commerce Institute for Legal Reform,6325000
2016,1,252337,U.S. Chamber of Commerce Institute for Legal Reform,7441261
2016,2,252337,U.S. Chamber of Commerce Institute for Legal Reform,6889250
2016,3,252337,U.S. Chamber of Commerce Institute for Legal Reform,8679250
2016,4,252337,U.S. Chamber of Commerce Institute for Legal Reform,6309250
2017,1,252337,U.S. Chamber of Commerce Institute for Legal Reform,8069831
2017,2,252337,U.S. Chamber of Commerce Institute for Legal Reform,3834250
2017,3,252337,U.S. Chamber of Commerce Institute for Legal Reform,5569250
2017,4,252337,U.S. Chamber of Commerce Institute for Legal Reform,7774250
2018,1,252337,U.S. Chamber of Commerce Institute for Legal Reform,8184250
2018,2,252337,U.S. Chamber of Commerce Institute for Legal Reform,5724250
2018,3,252337,U.S. Chamber of Commerce Institute for Legal Reform,8134250
2018,4,252337,U.S. Chamber of Commerce Institute for Legal Reform,9885000
2019,1,252337,U.S. Chamber of Commerce Institute for Legal Reform,6200000
2019,2,252337,U.S. Chamber of Commerce Institute for Legal Reform,5930000
2019,3,252337,U.S. Chamber of Commerce Institute for Legal Reform,3820000
2019,4,252337,U.S. Chamber of Commerce Institute for Legal Reform,3850000
2020,1,252337,U.S. Chamber of Commerce Institute for Legal Reform,6200000
2020,2,252337,U.S. Chamber of Commerce Institute for Legal Reform,3020000
2020,3,252337,U.S. Chamber of Commerce Institute for Legal Reform,280000
2020,4,252337,U.S. Chamber of Commerce Institute for Legal Reform,280000
2021,1,252337,U.S. Chamber of Commerce Institute for Legal Reform,320000
2021,2,252337,U.S. Chamber of Commerce Institute for Legal Reform,330000
2021,3,252337,U.S. Chamber of Commerce Institute for Legal Reform,320000
2021,4,252337,U.S. Chamber of Commerce Institute for Legal Reform,300000
2022,1,252337,U.S. Chamber of Commerce Institute for Legal Reform,300000
2022,2,252337,U.S. Chamber of Commerce Institute for Legal Reform,310000
2022,3,252337,U.S. Chamber of Commerce Institute for Legal Reform,300000
2022,4,252337,U.S. Chamber of Commerce Institute for Legal Reform,320000
2023,1,252337,U.S. Chamber of Commerce Institute for Legal Reform,320000
2023,2,252337,U.S. Chamber of Commerce Institute for Legal Reform,390000
2023,3,252337,U.S. Chamber of Commerce Institute for Legal Reform,390000
2023,4,252337,U.S. Chamber of Commerce Institute for Legal Reform,390000
2024,1,252337,U.S. Chamber of Commerce Institute for Legal Reform,400000
2024,2,252337,U.S. Chamber of Commerce Institute for Legal Reform,410000
2024,3,252337,U.S. Chamber of Commerce Institute for Legal Reform,390000
2024,4,252337,U.S. Chamber of Commerce Institute for Legal Reform,410000
2010,1,260497,Qualcomm Inc.,2890000
2010,2,260497,Qualcomm Inc.,2210000
2010,3,260497,Qualcomm Inc.,2090000
2010,4,260497,Qualcomm Inc.,2270000
2011,1,260497,Qualcomm Inc.,3120000
2011,2,260497,Qualcomm Inc.,2990000
2011,3,260497,Qualcomm Inc.,2170000
2011,4,260497,Qualcomm Inc.,1880000
2012,1,260497,Qualcomm Inc.,2050000
2012,2,260497,Qualcomm Inc.,2400000
2012,3,260497,Qualcomm Inc.,2540000
2012,4,260497,Qualcomm Inc.,2260000
2013,1,260497,Qualcomm Inc.,2350000
2013,2,260497,Qualcomm Inc.,2570000
2013,3,260497,Qualcomm Inc.,2590000
2013,4,260497,Qualcomm Inc.,3090000
2014,1,260497,Qualcomm Inc.,2450000
2014,2,260497,Qualcomm Inc.,2690000
2014,3,260497,Qualcomm Inc.,1990000
2014,4,260497,Qualcomm Inc.,2480000
2015,1,260497,Qualcomm Inc.,3480000
2015,2,260497,Qualcomm Inc.,4020000
2015,3,260497,Qualcomm Inc.,2920000
2015,4,260497,Qualcomm Inc.,2540000
2016,1,260497,Qualcomm Inc.,2620000
2016,2,260497,Qualcomm Inc.,2000000
2016,3,260497,Qualcomm Inc.,2040000
2016,4,260497,Qualcomm Inc.,2120000
2017,1,260497,Qualcomm Inc.,3583000
2017,2,260497,Qualcomm Inc.,3043000
2017,3,260497,Qualcomm Inc.,3490000
2017,4,260497,Qualcomm Inc.,3580000
2018,1,260497,Qualcomm Inc.,3630000
2018,2,260497,Qualcomm Inc.,3480000
2018,3,260497,Qualcomm Inc.,3480000
2018,4,260497,Qualcomm Inc.,3380000
2019,1,260497,Qualcomm Inc.,4370000
2019,2,260497,Qualcomm Inc.,3880000
2019,3,260497,Qualcomm Inc.,3440000
2019,4,260497,Qualcomm Inc.,3420000
2020,1,260497,Qualcomm Inc.,4310000
2020,2,260497,Qualcomm Inc.,3670000
2020,3,260497,Qualcomm Inc.,3260000
2020,4,260497,Qualcomm Inc.,3230000
2021,1,260497,Qualcomm Inc.,4440000
2021,2,260497,Qualcomm Inc.,4240000
2021,3,260497,Qualcomm Inc.,3880000
2021,4,260497,Qualcomm Inc.,4440000
2022,1,260497,Qualcomm Inc.,4630000
2022,2,260497,Qualcomm Inc.,4470000
2022,3,260497,Qualcomm Inc.,3710000
2022,4,260497,Qualcomm Inc.,4330000
2023,1,260497,Qualcomm Inc.,3070000
2023,2,260497,Qualcomm Inc.,3340000
2023,3,260497,Qualcomm Inc.,2960000
2023,4,260497,Qualcomm Inc.,4110000
2024,1,260497,Qualcomm Inc.,3730000
2024,2,260497,Qualcomm Inc.,3270000
2024,3,260497,Qualcomm Inc.,3340000
2024,4,260497,Qualcomm Inc.,3430000
2010,1,268804,General Motors Co.,1855000
2010,2,268804,General Motors Co.,3402500
2010,3,268804,General Motors Co.,3165000
2010,4,268804,General Motors Co.,3740000
2011,1,268804,General Motors Co.,4450000
2011,2,268804,General Motors Co.,2890000
2011,3,268804,General Motors Co.,2573000
2011,4,268804,General Motors Co.,4247000
2012,1,268804,General Motors Co.,3192500
2012,2,268804,General Motors Co.,2185000
2012,3,268804,General Motors Co.,1825000
2012,4,268804,General Motors Co.,1980000
2013,1,268804,General Motors Co.,3700000
2013,2,268804,General Motors Co.,2350000
2013,3,268804,General Motors Co.,2120000
2013,4,268804,General Motors Co.,2415000
2014,1,268804,General Motors Co.,3430000
2014,2,268804,General Motors Co.,2870000
2014,3,268804,General Motors Co.,1890000
2014,4,268804,General Motors Co.,2510000
2015,1,268804,General Motors Co.,3830000
2015,2,268804,General Motors Co.,2330000
2015,3,268804,General Motors Co.,2250000
2015,4,268804,General Motors Co.,2680000
2016,1,268804,General Motors Co.,3115000
2016,2,268804,General Motors Co.,2200000
2016,3,268804,General Motors Co.,2080000
2016,4,268804,General Motors Co.,2260000
2017,1,268804,General Motors Co.,4190000
2017,2,268804,General Motors Co.,1885000
2017,3,268804,General Motors Co.,1645000
2017,4,268804,General Motors Co.,1935000
2018,1,268804,General Motors Co.,3415000
2018,2,268804,General Motors Co.,1765000
2018,3,268804,General Motors Co.,1895000
2018,4,268804,General Motors Co.,1955000
2019,1,268804,General Motors Co.,4175000
2019,2,268804,General Motors Co.,1865000
2019,3,268804,General Motors Co.,2140000
2019,4,268804,General Motors Co.,1845000
2020,1,268804,General Motors Co.,3705000
2020,2,268804,General Motors Co.,2135000
2020,3,268804,General Motors Co.,1805000
2020,4,268804,General Motors Co.,2615000
2021,1,268804,General Motors Co.,4070000
2021,2,268804,General Motors Co.,2507500
2021,3,268804,General Motors Co.,2807500
2021,4,268804,General Motors Co.,2797500
2022,1,268804,General Motors Co.,5447500
2022,2,268804,General Motors Co.,2517500
2022,3,268804,General Motors Co.,2777500
2022,4,268804,General Motors Co.,2467500
2023,1,268804,General Motors Co.,5757500
2023,2,268804,General Motors Co.,3197500
2023,3,268804,General Motors Co.,3057500
2023,4,268804,General Motors Co.,3497500
2024,1,268804,General Motors Co.,5307500
2024,2,268804,General Motors Co.,3297500
2024,3,268804,General Motors Co.,3327500
2024,4,268804,General Motors Co.,4287500
2010,1,278637,FedEx Corp.,5565894
2010,2,278637,FedEx Corp.,7749094
2010,3,278637,FedEx Corp.,8287297
2010,4,278637,FedEx Corp.,6816789
2011,1,278637,FedEx Corp.,4627398
2011,2,278637,FedEx Corp.,3493285
2011,3,278637,FedEx Corp.,4156540
2011,4,278637,FedEx Corp.,3614561
2012,1,278637,FedEx Corp.,3642525
2012,2,278637,FedEx Corp.,3519986
2012,3,278637,FedEx Corp.,3745989
2012,4,278637,FedEx Corp.,3575880
2013,1,278637,FedEx Corp.,3618784
2013,2,278637,FedEx Corp.,3803644
2013,3,278637,FedEx Corp.,3761394
2013,4,278637,FedEx Corp.,3855090
2014,1,278637,FedEx Corp.,3951984
2014,2,278637,FedEx Corp.,3895012
2014,3,278637,FedEx Corp.,3746780
2014,4,278637,FedEx Corp.,4485760
2015,1,278637,FedEx Corp.,3500000
2015,2,278637,FedEx Corp.,3708835
2015,3,278637,FedEx Corp.,3920000
2015,4,278637,FedEx Corp.,4032000
2016,1,278637,FedEx Corp.,3590000
2016,2,278637,FedEx Corp.,3750000
2016,3,278637,FedEx Corp.,3991000
2016,4,278637,FedEx Corp.,4195000
2017,1,278637,FedEx Corp.,3424000
2017,2,278637,FedEx Corp.,3304000
2017,3,278637,FedEx Corp.,3260000
2017,4,278637,FedEx Corp.,3515000
2018,1,278637,FedEx Corp.,3365000
2018,2,278637,FedEx Corp.,3295000
2018,3,278637,FedEx Corp.,3285000
2018,4,278637,FedEx Corp.,3555000
2019,1,278637,FedEx Corp.,3755000
2019,2,278637,FedEx Corp.,3450000
2019,3,278637,FedEx Corp.,3020000
2019,4,278637,FedEx Corp.,3380000
2020,1,278637,FedEx Corp.,3070000
2020,2,278637,FedEx Corp.,3560000
2020,3,278637,FedEx Corp.,3010000
2020,4,278637,FedEx Corp.,3226000
2021,1,278637,FedEx Corp.,2790000
2021,2,278637,FedEx Corp.,3325000
2021,3,278637,FedEx Corp.,2960000
2021,4,278637,FedEx Corp.,3280000
2022,1,278637,FedEx Corp.,2884000
2022,2,278637,FedEx Corp.,3080000
2022,3,278637,FedEx Corp.,3650000
2022,4,278637,FedEx Corp.,3080000
2023,1,278637,FedEx Corp.,3410000
2023,2,278637,FedEx Corp.,3830000
2023,3,278637,FedEx Corp.,3700000
2023,4,278637,FedEx Corp.,3260000
2024,1,278637,FedEx Corp.,3580000
2024,2,278637,FedEx Corp.,3380000
2024,3,278637,FedEx Corp.,3670000
2024,4,278637,FedEx Corp.,3310000
2010,1,285913,Eli Lilly & Co.,2835000
2010,2,285913,Eli Lilly & Co.,2114000
2010,3,285913,Eli Lilly & Co.,2623000
2010,4,285913,Eli Lilly & Co.,1910000
2011,1,285913,Eli Lilly & Co.,2942500
2011,2,285913,Eli Lilly & Co.,2432500
2011,3,285913,Eli Lilly & Co.,2832500
2011,4,285913,Eli Lilly & Co.,3502500
2012,1,285913,Eli Lilly & Co.,3363500
2012,2,285913,Eli Lilly & Co.,3387500
2012,3,285913,Eli Lilly & Co.,3527500
2012,4,285913,Eli Lilly & Co.,2767500
2013,1,285913,Eli Lilly & Co.,3202500
2013,2,285913,Eli Lilly & Co.,2495000
2013,3,285913,Eli Lilly & Co.,2960000
2013,4,285913,Eli Lilly & Co.,2740000
2014,1,285913,Eli Lilly & Co.,2376000
2014,2,285913,Eli Lilly & Co.,2220000
2014,3,285913,Eli Lilly & Co.,2125000
2014,4,285913,Eli Lilly & Co.,2560000
2015,1,285913,Eli Lilly & Co.,2181500
2015,2,285913,Eli Lilly & Co.,2407960
2015,3,285913,Eli Lilly & Co.,1982400
2015,4,285913,Eli Lilly & Co.,1855000
2016,1,285913,Eli Lilly & Co.,1596240
2016,2,285913,Eli Lilly & Co.,2168160
2016,3,285913,Eli Lilly & Co.,2442120
2016,4,285913,Eli Lilly & Co.,1960000
2017,1,285913,Eli Lilly & Co.,1860000
2017,2,285913,Eli Lilly & Co.,2508080
2017,3,285913,Eli Lilly & Co.,1925000
2017,4,285913,Eli Lilly & Co.,2546000
2018,1,285913,Eli Lilly & Co.,1766000
2018,2,285913,Eli Lilly & Co.,1896000
2018,3,285913,Eli Lilly & Co.,2316000
2018,4,285913,Eli Lilly & Co.,2256000
2019,1,285913,Eli Lilly & Co.,1786000
2019,2,285913,Eli Lilly & Co.,2736000
2019,3,285913,Eli Lilly & Co.,1776000
2019,4,285913,Eli Lilly & Co.,2110000
2020,1,285913,Eli Lilly & Co.,1660000
2020,2,285913,Eli Lilly & Co.,2070000
2020,3,285913,Eli Lilly & Co.,1790000
2020,4,285913,Eli Lilly & Co.,1280000
2021,1,285913,Eli Lilly & Co.,2200000
2021,2,285913,Eli Lilly & Co.,2155000
2021,3,285913,Eli Lilly & Co.,1810000
2021,4,285913,Eli Lilly & Co.,2660000
2022,1,285913,Eli Lilly & Co.,2030000
2022,2,285913,Eli Lilly & Co.,2585000
2022,3,285913,Eli Lilly & Co.,1760000
2022,4,285913,Eli Lilly & Co.,2551850
2023,1,285913,Eli Lilly & Co.,2120000
2023,2,285913,Eli Lilly & Co.,2255000
2023,3,285913,Eli Lilly & Co.,2971360
2023,4,285913,Eli Lilly & Co.,3010000
2024,1,285913,Eli Lilly & Co.,2210000
2024,2,285913,Eli Lilly & Co.,3045000
2024,3,285913,Eli Lilly & Co.,2365000
2024,4,285913,Eli Lilly & Co.,2400000
2010,1,298843,T-Mobile USA Inc.,813970
2010,2,298843,T-Mobile USA Inc.,896945
2010,3,298843,T-Mobile USA Inc.,976260
2010,4,298843,T-Mobile USA Inc.,1622800
2011,1,298843,T-Mobile USA Inc.,1172500
2011,2,298843,T-Mobile USA Inc.,1507700
2011,3,298843,T-Mobile USA Inc.,1560910
2011,4,298843,T-Mobile USA Inc.,2000675
2012,1,298843,T-Mobile USA Inc.,1478000
2012,2,298843,T-Mobile USA Inc.,1581400
2012,3,298843,T-Mobile USA Inc.,2108100
2012,4,298843,T-Mobile USA Inc.,1976400
2013,1,298843,T-Mobile USA Inc.,1813100
2013,2,298843,T-Mobile USA Inc.,1880000
2013,3,298843,T-Mobile USA Inc.,1594440
2013,4,298843,T-Mobile USA Inc.,1970024
2014,1,298843,T-Mobile USA Inc.,2025002
2014,2,298843,T-Mobile USA Inc.,2067299
2014,3,298843,T-Mobile USA Inc.,2735425
2014,4,298843,T-Mobile USA Inc.,1962000
2015,1,298843,T-Mobile USA Inc.,1869500
2015,2,298843,T-Mobile USA Inc.,2363750
2015,3,298843,T-Mobile USA Inc.,2141250
2015,4,298843,T-Mobile USA Inc.,2755000
2016,1,298843,T-Mobile USA Inc.,2634000
2016,2,298843,T-Mobile USA Inc.,2988900
2016,3,298843,T-Mobile USA Inc.,3079000
2016,4,298843,T-Mobile USA Inc.,2865500
2017,1,298843,T-Mobile USA Inc.,2783500
2017,2,298843,T-Mobile USA Inc.,3021500
2017,3,298843,T-Mobile USA Inc.,3366500
2017,4,298843,T-Mobile USA Inc.,3047500
2018,1,298843,T-Mobile USA Inc.,3058000
2018,2,298843,T-Mobile USA Inc.,3336500
2018,3,298843,T-Mobile USA Inc.,3451500
2018,4,298843,T-Mobile USA Inc.,3340500
2019,1,298843,T-Mobile USA Inc.,3386500
2019,2,298843,T-Mobile USA Inc.,3772886
2019,3,298843,T-Mobile USA Inc.,3508818
2019,4,298843,T-Mobile USA Inc.,3804000
2020,1,298843,T-Mobile USA Inc.,3623000
2020,2,298843,T-Mobile USA Inc.,4178000
2020,3,298843,T-Mobile USA Inc.,3952059
2020,4,298843,T-Mobile USA Inc.,3707500
2021,1,298843,T-Mobile USA Inc.,3712000
2021,2,298843,T-Mobile USA Inc.,3750500
2021,3,298843,T-Mobile USA Inc.,3480500
2021,4,298843,T-Mobile USA Inc.,3930500
2022,1,298843,T-Mobile USA Inc.,3386500
2022,2,298843,T-Mobile USA Inc.,3750500
2022,3,298843,T-Mobile USA Inc.,3645500
2022,4,298843,T-Mobile USA Inc.,3578500
2023,1,298843,T-Mobile USA Inc.,3144500
2023,2,298843,T-Mobile USA Inc.,4173500
2023,3,298843,T-Mobile USA Inc.,3675500
2023,4,298843,T-Mobile USA Inc.,3790500
2024,1,298843,T-Mobile USA Inc.,3250500
2024,2,298843,T-Mobile USA Inc.,4040500
2024,3,298843,T-Mobile USA Inc.,3970500
2024,4,298843,T-Mobile USA Inc.,3900000
2010,1,300447,Novartis Corp.,2395000
2010,2,300447,Novartis Corp.,1981000
2010,3,300447,Novartis Corp.,2197000
2010,4,300447,Novartis Corp.,1415000
2011,1,300447,Novartis Corp.,1970000
2011,2,300447,Novartis Corp.,2263136
2011,3,300447,Novartis Corp.,2597000
2011,4,300447,Novartis Corp.,1614000
2012,1,300447,Novartis Corp.,3175000
2012,2,300447,Novartis Corp.,1820000
2012,3,300447,Novartis Corp.,2110000
2012,4,300447,Novartis Corp.,1572000
2013,1,300447,Novartis Corp.,3728000
2013,2,300447,Novartis Corp.,1542000
2013,3,300447,Novartis Corp.,1978000
2013,4,300447,Novartis Corp.,1278000
2014,1,300447,Novartis Corp.,2958000
2014,2,300447,Novartis Corp.,1605000
2014,3,300447,Novartis Corp.,1815000
2014,4,300447,Novartis Corp.,1315000
2015,1,300447,Novartis Corp.,2865000
2015,2,300447,Novartis Corp.,1865000
2015,3,300447,Novartis Corp.,1795000
2015,4,300447,Novartis Corp.,1375000
2016,1,300447,Novartis Corp.,3508000
2016,2,300447,Novartis Corp.,1605000
2016,3,300447,Novartis Corp.,1825000
2016,4,300447,Novartis Corp.,1255000
2017,1,300447,Novartis Corp.,4375000
2017,2,300447,Novartis Corp.,2285000
2017,3,300447,Novartis Corp.,1605000
2017,4,300447,Novartis Corp.,2195000
2018,1,300447,Novartis Corp.,3515000
2018,2,300447,Novartis Corp.,1245000
2018,3,300447,Novartis Corp.,1715000
2018,4,300447,Novartis Corp.,905000
2019,1,300447,Novartis Corp.,3485000
2019,2,300447,Novartis Corp.,1325000
2019,3,300447,Novartis Corp.,1515000
2019,4,300447,Novartis Corp.,955000
2020,1,300447,Novartis Corp.,3625000
2020,2,300447,Novartis Corp.,1055000
2020,3,300447,Novartis Corp.,1465000
2020,4,300447,Novartis Corp.,985000
2021,1,300447,Novartis Corp.,2455000
2021,2,300447,Novartis Corp.,1965000
2021,3,300447,Novartis Corp.,1595000
2021,4,300447,Novartis Corp.,1815000
2022,1,300447,Novartis Corp.,1625000
2022,2,300447,Novartis Corp.,2095000
2022,3,300447,Novartis Corp.,1175000
2022,4,300447,Novartis Corp.,2015000
2023,1,300447,Novartis Corp.,2650000
2023,2,300447,Novartis Corp.,1140000
2023,3,300447,Novartis Corp.,1590000
2023,4,300447,Novartis Corp.,1210000
2024,1,300447,Novartis Corp.,3780000
2024,2,300447,Novartis Corp.,1270000
2024,3,300447,Novartis Corp.,1000000
2024,4,300447,Novartis Corp.,960000
2010,1,302107,Merck & Co. Inc.,3505000
2010,2,302107,Merck & Co. Inc.,1249000
2010,3,302107,Merck & Co. Inc.,2443510
2010,4,302107,Merck & Co. Inc.,1610000
2011,1,302107,Merck & Co. Inc.,3840000
2011,2,302107,Merck & Co. Inc.,1385000
2011,3,302107,Merck & Co. Inc.,2725000
2011,4,302107,Merck & Co. Inc.,1395000
2012,1,302107,Merck & Co. Inc.,4765000
2012,2,302107,Merck & Co. Inc.,1695000
2012,3,302107,Merck & Co. Inc.,2695000
2012,4,302107,Merck & Co. Inc.,1535000
2013,1,302107,Merck & Co. Inc.,3225000
2013,2,302107,Merck & Co. Inc.,1145000
2013,3,302107,Merck & Co. Inc.,1695000
2013,4,302107,Merck & Co. Inc.,1102500
2014,1,302107,Merck & Co. Inc.,2187500
2014,2,302107,Merck & Co. Inc.,1327500
2014,3,302107,Merck & Co. Inc.,1407500
2014,4,302107,Merck & Co. Inc.,747500
2015,1,302107,Merck & Co. Inc.,2470000
2015,2,302107,Merck & Co. Inc.,1840000
2015,3,302107,Merck & Co. Inc.,1860000
2015,4,302107,Merck & Co. Inc.,1070000
2016,1,302107,Merck & Co. Inc.,3695000
2016,2,302107,Merck & Co. Inc.,1225000
2016,3,302107,Merck & Co. Inc.,1755000
2016,4,302107,Merck & Co. Inc.,1365000
2017,1,302107,Merck & Co. Inc.,2105000
2017,2,302107,Merck & Co. Inc.,2395000
2017,3,302107,Merck & Co. Inc.,2195000
2017,4,302107,Merck & Co. Inc.,1185000
2018,1,302107,Merck & Co. Inc.,3805000
2018,2,302107,Merck & Co. Inc.,1325000
2018,3,302107,Merck & Co. Inc.,2285000
2018,4,302107,Merck & Co. Inc.,1350000
2019,1,302107,Merck & Co. Inc.,3291000
2019,2,302107,Merck & Co. Inc.,2896000
2019,3,302107,Merck & Co. Inc.,1481000
2019,4,302107,Merck & Co. Inc.,1541000
2020,1,302107,Merck & Co. Inc.,2686000
2020,2,302107,Merck & Co. Inc.,3166000
2020,3,302107,Merck & Co. Inc.,1486000
2020,4,302107,Merck & Co. Inc.,1726000
2021,1,302107,Merck & Co. Inc.,3990000
2021,2,302107,Merck & Co. Inc.,1630000
2021,3,302107,Merck & Co. Inc.,2110000
2021,4,302107,Merck & Co. Inc.,1840000
2022,1,302107,Merck & Co. Inc.,2420000
2022,2,302107,Merck & Co. Inc.,2910000
2022,3,302107,Merck & Co. Inc.,1430000
2022,4,302107,Merck & Co. Inc.,2830000
2023,1,302107,Merck & Co. Inc.,3270000
2023,2,302107,Merck & Co. Inc.,3360000
2023,3,302107,Merck & Co. Inc.,2490000
2023,4,302107,Merck & Co. Inc.,2300000
2024,1,302107,Merck & Co. Inc.,2540000
2024,2,302107,Merck & Co. Inc.,3360000
2024,3,302107,Merck & Co. Inc.,2540000
2024,4,302107,Merck & Co. Inc.,2080000
2010,1,306043,Pharmaceutical Research and Manufacturers of America,9079000
2010,2,306043,Pharmaceutical Research and Manufacturers of America,6508000
2010,3,306043,Pharmaceutical Research and Manufacturers of America,6756000
2010,4,306043,Pharmaceutical Research and Manufacturers of America,6451000
2011,1,306043,Pharmaceutical Research and Manufacturers of America,5924833
2011,2,306043,Pharmaceutical Research and Manufacturers of America,6405000
2011,3,306043,Pharmaceutical Research and Manufacturers of America,6650000
2011,4,306043,Pharmaceutical Research and Manufacturers of America,7042500
2012,1,306043,Pharmaceutical Research and Manufacturers of America,7210000
2012,2,306043,Pharmaceutical Research and Manufacturers of America,6700000
2012,3,306043,Pharmaceutical Research and Manufacturers of America,5730000
2012,4,306043,Pharmaceutical Research and Manufacturers of America,5700000
2013,1,306043,Pharmaceutical Research and Manufacturers of America,7130000
2013,2,306043,Pharmaceutical Research and Manufacturers of America,5990000
2013,3,306043,Pharmaceutical Research and Manufacturers of America,5810000
2013,4,306043,Pharmaceutical Research and Manufacturers of America,5855000
2014,1,306043,Pharmaceutical Research and Manufacturers of America,6280000
2014,2,306043,Pharmaceutical Research and Manufacturers of America,5846000
2014,3,306043,Pharmaceutical Research and Manufacturers of America,5310000
2014,4,306043,Pharmaceutical Research and Manufacturers of America,5675000
2015,1,306043,Pharmaceutical Research and Manufacturers of America,7190000
2015,2,306043,Pharmaceutical Research and Manufacturers of America,6675000
2015,3,306043,Pharmaceutical Research and Manufacturers of America,5915000
2015,4,306043,Pharmaceutical Research and Manufacturers of America,5495000
2016,1,306043,Pharmaceutical Research and Manufacturers of America,7690000
2016,2,306043,Pharmaceutical Research and Manufacturers of America,6255000
2016,3,306043,Pharmaceutical Research and Manufacturers of America,5797000
2016,4,306043,Pharmaceutical Research and Manufacturers of America,6875000
2017,1,306043,Pharmaceutical Research and Manufacturers of America,10095000
2017,2,306043,Pharmaceutical Research and Manufacturers of America,8176000
2017,3,306043,Pharmaceutical Research and Manufacturers of America,7800000
2017,4,306043,Pharmaceutical Research and Manufacturers of America,8000000
2018,1,306043,Pharmaceutical Research and Manufacturers of America,12312500
2018,2,306043,Pharmaceutical Research and Manufacturers of America,7927500
2018,3,306043,Pharmaceutical Research and Manufacturers of America,8352500
2018,4,306043,Pharmaceutical Research and Manufacturers of America,8362500
2019,1,306043,Pharmaceutical Research and Manufacturers of America,12267500
2019,2,306043,Pharmaceutical Research and Manufacturers of America,9032500
2019,3,306043,Pharmaceutical Research and Manufacturers of America,8908500
2019,4,306043,Pharmaceutical Research and Manufacturers of America,8755000
2020,1,306043,Pharmaceutical Research and Manufacturers of America,11348500
2020,2,306043,Pharmaceutical Research and Manufacturers of America,8019000
2020,3,306043,Pharmaceutical Research and Manufacturers of America,8357500
2020,4,306043,Pharmaceutical Research and Manufacturers of America,7527500
2021,1,306043,Pharmaceutical Research and Manufacturers of America,10992500
2021,2,306043,Pharmaceutical Research and Manufacturers of America,9100750
2021,3,306043,Pharmaceutical Research and Manufacturers of America,9822500
2021,4,306043,Pharmaceutical Research and Manufacturers of America,9822500
2022,1,306043,Pharmaceutical Research and Manufacturers of America,10452500
2022,2,306043,Pharmaceutical Research and Manufacturers of America,9078750
2022,3,306043,Pharmaceutical Research and Manufacturers of America,10102500
2022,4,306043,Pharmaceutical Research and Manufacturers of America,9117500
2023,1,306043,Pharmaceutical Research and Manufacturers of America,10377500
2023,2,306043,Pharmaceutical Research and Manufacturers of America,8502500
2023,3,306043,Pharmaceutical Research and Manufacturers of America,8587500
2023,4,306043,Pharmaceutical Research and Manufacturers of America,8610000
2024,1,306043,Pharmaceutical Research and Manufacturers of America,12099000
2024,2,306043,Pharmaceutical Research and Manufacturers of America,9409000
2024,3,306043,Pharmaceutical Research and Manufacturers of America,9521000
2024,4,306043,Pharmaceutical Research and Manufacturers of America,9932000
2010,1,309100,Amgen Inc.,4345000
2010,2,309100,Amgen Inc.,3190000
2010,3,309100,Amgen Inc.,4245000
2010,4,309100,Amgen Inc.,3525000
2011,1,309100,Amgen Inc.,3405000
2011,2,309100,Amgen Inc.,3505000
2011,3,309100,Amgen Inc.,4045000
2011,4,309100,Amgen Inc.,3955000
2012,1,309100,Amgen Inc.,3687500
2012,2,309100,Amgen Inc.,3167500
2012,3,309100,Amgen Inc.,3662500
2012,4,309100,Amgen Inc.,3397500
2013,1,309100,Amgen Inc.,3397500
2013,2,309100,Amgen Inc.,2982500
2013,3,309100,Amgen Inc.,3627500
2013,4,309100,Amgen Inc.,3467500
2014,1,309100,Amgen Inc.,3667500
2014,2,309100,Amgen Inc.,3007500
2014,3,309100,Amgen Inc.,3127500
2014,4,309100,Amgen Inc.,3057500
2015,1,309100,Amgen Inc.,4055000
2015,2,309100,Amgen Inc.,3055000
2015,3,309100,Amgen Inc.,4015000
2015,4,309100,Amgen Inc.,3780493
2016,1,309100,Amgen Inc.,2835000
2016,2,309100,Amgen Inc.,4005000
2016,3,309100,Amgen Inc.,4025000
2016,4,309100,Amgen Inc.,3287500
2017,1,309100,Amgen Inc.,4127500
2017,2,309100,Amgen Inc.,4707500
2017,3,309100,Amgen Inc.,3170000
2017,4,309100,Amgen Inc.,3190000
2018,1,309100,Amgen Inc.,4450000
2018,2,309100,Amgen Inc.,3460000
2018,3,309100,Amgen Inc.,3860000
2018,4,309100,Amgen Inc.,3815000
2019,1,309100,Amgen Inc.,4455000
2019,2,309100,Amgen Inc.,5605000
2019,3,309100,Amgen Inc.,4295000
2019,4,309100,Amgen Inc.,3575000
2020,1,309100,Amgen Inc.,3925000
2020,2,309100,Amgen Inc.,4204000
2020,3,309100,Amgen Inc.,4154000
2020,4,309100,Amgen Inc.,3754000
2021,1,309100,Amgen Inc.,4049000
2021,2,309100,Amgen Inc.,3079000
2021,3,309100,Amgen Inc.,3749000
2021,4,309100,Amgen Inc.,3579000
2022,1,309100,Amgen Inc.,3891500
2022,2,309100,Amgen Inc.,3151500
2022,3,309100,Amgen Inc.,4231500
2022,4,309100,Amgen Inc.,3221500
2023,1,309100,Amgen Inc.,3821500
2023,2,309100,Amgen Inc.,2971500
2023,3,309100,Amgen Inc.,4001500
2023,4,309100,Amgen Inc.,4609000
2024,1,309100,Amgen Inc.,4486500
2024,2,309100,Amgen Inc.,3891500
2024,3,309100,Amgen Inc.,3931500
2024,4,309100,Amgen Inc.,3946500
2010,1,315136,Biotechnology Innovation Organization,2900000
2010,2,315136,Biotechnology Innovation Organization,2725000
2010,3,315136,Biotechnology Innovation Organization,2815000
2010,4,315136,Biotechnology Innovation Organization,2760000
2011,1,315136,Biotechnology Innovation Organization,2545000
2011,2,315136,Biotechnology Innovation Organization,2615000
2011,3,315136,Biotechnology Innovation Organization,2585000
2011,4,315136,Biotechnology Innovation Organization,2595000
2012,1,315136,Biotechnology Innovation Organization,2571000
2012,2,315136,Biotechnology Innovation Organization,2701000
2012,3,315136,Biotechnology Innovation Organization,2341000
2012,4,315136,Biotechnology Innovation Organization,2471000
2013,1,315136,Biotechnology Innovation Organization,2441000
2013,2,315136,Biotechnology Innovation Organization,2561000
2013,3,315136,Biotechnology Innovation Organization,2621000
2013,4,315136,Biotechnology Innovation Organization,2571000
2014,1,315136,Biotechnology Innovation Organization,2551000
2014,2,315136,Biotechnology Innovation Organization,2540000
2014,3,315136,Biotechnology Innovation Organization,2510000
2014,4,315136,Biotechnology Innovation Organization,2530000
2015,1,315136,Biotechnology Innovation Organization,2480000
2015,2,315136,Biotechnology Innovation Organization,2630000
2015,3,315136,Biotechnology Innovation Organization,2620000
2015,4,315136,Biotechnology Innovation Organization,2550000
2016,1,315136,Biotechnology Innovation Organization,2795000
2016,2,315136,Biotechnology Innovation Organization,2870000
2016,3,315136,Biotechnology Innovation Organization,2840000
2016,4,315136,Biotechnology Innovation Organization,2770000
2017,1,315136,Biotechnology Innovation Organization,2810000
2017,2,315136,Biotechnology Innovation Organization,3190000
2017,3,315136,Biotechnology Innovation Organization,3180000
2017,4,315136,Biotechnology Innovation Organization,3150000
2018,1,315136,Biotechnology Innovation Organization,3140000
2018,2,315136,Biotechnology Innovation Organization,3270000
2018,3,315136,Biotechnology Innovation Organization,3220000
2018,4,315136,Biotechnology Innovation Organization,3270000
2019,1,315136,Biotechnology Innovation Organization,3740000
2019,2,315136,Biotechnology Innovation Organization,3820000
2019,3,315136,Biotechnology Innovation Organization,3810000
2019,4,315136,Biotechnology Innovation Organization,6880000
2020,1,315136,Biotechnology Innovation Organization,3640000
2020,2,315136,Biotechnology Innovation Organization,4070000
2020,3,315136,Biotechnology Innovation Organization,3900000
2020,4,315136,Biotechnology Innovation Organization,3830000
2021,1,315136,Biotechnology Innovation Organization,3860000
2021,2,315136,Biotechnology Innovation Organization,4190000
2021,3,315136,Biotechnology Innovation Organization,4050000
2021,4,315136,Biotechnology Innovation Organization,4160000
2022,1,315136,Biotechnology Innovation Organization,3890000
2022,2,315136,Biotechnology Innovation Organization,3840000
2022,3,315136,Biotechnology Innovation Organization,3950000
2022,4,315136,Biotechnology Innovation Organization,4480000
2023,1,315136,Biotechnology Innovation Organization,3140000
2023,2,315136,Biotechnology Innovation Organization,2910000
2023,3,315136,Biotechnology Innovation Organization,2930000
2023,4,315136,Biotechnology Innovation Organization,2890000
2024,1,315136,Biotechnology Innovation Organization,2430000
2024,2,315136,Biotechnology Innovation Organization,2470000
2024,3,315136,Biotechnology Innovation Organization,2350000
2024,4,315136,Biotechnology Innovation Organization,2160000
2010,1,316850,AHIP,3015000
2010,2,316850,AHIP,2525000
2010,3,316850,AHIP,2565000
2010,4,316850,AHIP,2215000
2011,1,316850,AHIP,2560000
2011,2,316850,AHIP,2465000
2011,3,316850,AHIP,2580000
2011,4,316850,AHIP,2980000
2012,1,316850,AHIP,2750000
2012,2,316850,AHIP,2585000
2012,3,316850,AHIP,2950000
2012,4,316850,AHIP,2340000
2013,1,316850,AHIP,2780000
2013,2,316850,AHIP,2420000
2013,3,316850,AHIP,2550000
2013,4,316850,AHIP,3970000
2014,1,316850,AHIP,2730000
2014,2,316850,AHIP,2830000
2014,3,316850,AHIP,2310000
2014,4,316850,AHIP,2540000
2015,1,316850,AHIP,3140000
2015,2,316850,AHIP,2630000
2015,3,316850,AHIP,2780000
2015,4,316850,AHIP,2100000
2016,1,316850,AHIP,2520000
2016,2,316850,AHIP,2080000
2016,3,316850,AHIP,2030000
2016,4,316850,AHIP,1640000
2017,1,316850,AHIP,1950000
2017,2,316850,AHIP,2000000
2017,3,316850,AHIP,1800000
2017,4,316850,AHIP,2080000
2018,1,316850,AHIP,2620000
2018,2,316850,AHIP,1740000
2018,3,316850,AHIP,1830000
2018,4,316850,AHIP,1880000
2019,1,316850,AHIP,3220000
2019,2,316850,AHIP,2540000
2019,3,316850,AHIP,2450000
2019,4,316850,AHIP,2580000
2020,1,316850,AHIP,3965000
2020,2,316850,AHIP,2585000
2020,3,316850,AHIP,2585000
2020,4,316850,AHIP,2715000
2021,1,316850,AHIP,4235000
2021,2,316850,AHIP,2855000
2021,3,316850,AHIP,2605000
2021,4,316850,AHIP,3005000
2022,1,316850,AHIP,5055000
2022,2,316850,AHIP,3280000
2022,3,316850,AHIP,3640000
2022,4,316850,AHIP,2900000
2023,1,316850,AHIP,5190000
2023,2,316850,AHIP,3290000
2023,3,316850,AHIP,3560000
2023,4,316850,AHIP,2880000
2024,1,316850,AHIP,4690000
2024,2,316850,AHIP,2870000
2024,3,316850,AHIP,3040000
2024,4,316850,AHIP,3090000
2010,1,320046,Pharmaceutical Care Management Association,786558
2010,2,320046,Pharmaceutical Care Management Association,641889
2010,3,320046,Pharmaceutical Care Management Association,734766
2010,4,320046,Pharmaceutical Care Management Association,575828
2011,1,320046,Pharmaceutical Care Management Association,588091
2011,2,320046,Pharmaceutical Care Management Association,634739
2011,3,320046,Pharmaceutical Care Management Association,601991
2011,4,320046,Pharmaceutical Care Management Association,556695
2012,1,320046,Pharmaceutical Care Management Association,629436
2012,2,320046,Pharmaceutical Care Management Association,630389
2012,3,320046,Pharmaceutical Care Management Association,628430
2012,4,320046,Pharmaceutical Care Management Association,669998
2013,1,320046,Pharmaceutical Care Management Association,624588
2013,2,320046,Pharmaceutical Care Management Association,669764
2013,3,320046,Pharmaceutical Care Management Association,677911
2013,4,320046,Pharmaceutical Care Management Association,806385
2014,1,320046,Pharmaceutical Care Management Association,1059936
2014,2,320046,Pharmaceutical Care Management Association,1428034
2014,3,320046,Pharmaceutical Care Management Association,898458
2014,4,320046,Pharmaceutical Care Management Association,898488
2015,1,320046,Pharmaceutical Care Management Association,710862
2015,2,320046,Pharmaceutical Care Management Association,732142
2015,3,320046,Pharmaceutical Care Management Association,732142
2015,4,320046,Pharmaceutical Care Management Association,819255
2016,1,320046,Pharmaceutical Care Management Association,806470
2016,2,320046,Pharmaceutical Care Management Association,742600
2016,3,320046,Pharmaceutical Care Management Association,753584
2016,4,320046,Pharmaceutical Care Management Association,865506
2017,1,320046,Pharmaceutical Care Management Association,803081
2017,2,320046,Pharmaceutical Care Management Association,953533
2017,3,320046,Pharmaceutical Care Management Association,936720
2017,4,320046,Pharmaceutical Care Management Association,896044
2018,1,320046,Pharmaceutical Care Management Association,931557
2018,2,320046,Pharmaceutical Care Management Association,956889
2018,3,320046,Pharmaceutical Care Management Association,866680
2018,4,320046,Pharmaceutical Care Management Association,721446
2019,1,320046,Pharmaceutical Care Management Association,1602460
2019,2,320046,Pharmaceutical Care Management Association,753224
2019,3,320046,Pharmaceutical Care Management Association,964535
2019,4,320046,Pharmaceutical Care Management Association,1377921
2020,1,320046,Pharmaceutical Care Management Association,1189799
2020,2,320046,Pharmaceutical Care Management Association,1293453
2020,3,320046,Pharmaceutical Care Management Association,2796362
2020,4,320046,Pharmaceutical Care Management Association,2120785
2021,1,320046,Pharmaceutical Care Management Association,2490872
2021,2,320046,Pharmaceutical Care Management Association,1731681
2021,3,320046,Pharmaceutical Care Management Association,2048904
2021,4,320046,Pharmaceutical Care Management Association,2048904
2022,1,320046,Pharmaceutical Care Management Association,2893200
2022,2,320046,Pharmaceutical Care Management Association,1606505
2022,3,320046,Pharmaceutical Care Management Association,2057008
2022,4,320046,Pharmaceutical Care Management Association,2727619
2023,1,320046,Pharmaceutical Care Management Association,2912777
2023,2,320046,Pharmaceutical Care Management Association,3551292
2023,3,320046,Pharmaceutical Care Management Association,4192508
2023,4,320046,Pharmaceutical Care Management Association,5523378
2024,1,320046,Pharmaceutical Care Management Association,5033802
2024,2,320046,Pharmaceutical Care Management Association,3811756
2024,3,320046,Pharmaceutical Care Management Association,4415073
2024,4,320046,Pharmaceutical Care Management Association,5242213
2010,1,321840,United Parcel Service of America Inc.,1909127
2010,2,321840,United Parcel Service of America Inc.,1596674
2010,3,321840,United Parcel Service of America Inc.,1633877
2010,4,321840,United Parcel Service of America Inc.,1717671
2011,1,321840,United Parcel Service of America Inc.,1832401
2011,2,321840,United Parcel Service of America Inc.,1359998
2011,3,321840,United Parcel Service of America Inc.,1198161
2011,4,321840,United Parcel Service of America Inc.,1296921
2012,1,321840,United Parcel Service of America Inc.,1766280
2012,2,321840,United Parcel Service of America Inc.,1465303
2012,3,321840,United Parcel Service of America Inc.,1231174
2012,4,321840,United Parcel Service of America Inc.,1656414
2013,1,321840,United Parcel Service of America Inc.,1737716
2013,2,321840,United Parcel Service of America Inc.,1521541
2013,3,321840,United Parcel Service of America Inc.,1721126
2013,4,321840,United Parcel Service of America Inc.,1871410
2014,1,321840,United Parcel Service of America Inc.,3344992
2014,2,321840,United Parcel Service of America Inc.,1643203
2014,3,321840,United Parcel Service of America Inc.,1734773
2014,4,321840,United Parcel Service of America Inc.,2021027
2015,1,321840,United Parcel Service of America Inc.,3389712
2015,2,321840,United Parcel Service of America Inc.,2189587
2015,3,321840,United Parcel Service of America Inc.,1919212
2015,4,321840,United Parcel Service of America Inc.,2357345
2016,1,321840,United Parcel Service of America Inc.,3222273
2016,2,321840,United Parcel Service of America Inc.,2040927
2016,3,321840,United Parcel Service of America Inc.,1714916
2016,4,321840,United Parcel Service of America Inc.,2239732
2017,1,321840,United Parcel Service of America Inc.,3369378
2017,2,321840,United Parcel Service of America Inc.,1650436
2017,3,321840,United Parcel Service of America Inc.,1744181
2017,4,321840,United Parcel Service of America Inc.,1643929
2018,1,321840,United Parcel Service of America Inc.,4024521
2018,2,321840,United Parcel Service of America Inc.,2484670
2018,3,321840,United Parcel Service of America Inc.,2547767
2018,4,321840,United Parcel Service of America Inc.,1740000
2019,1,321840,United Parcel Service of America Inc.,2430000
2019,2,321840,United Parcel Service of America Inc.,1610000
2019,3,321840,United Parcel Service of America Inc.,1924020
2019,4,321840,United Parcel Service of America Inc.,2183300
2020,1,321840,United Parcel Service of America Inc.,4203140
2020,2,321840,United Parcel Service of America Inc.,2340000
2020,3,321840,United Parcel Service of America Inc.,1700000
2020,4,321840,United Parcel Service of America Inc.,1861000
2021,1,321840,United Parcel Service of America Inc.,4331000
2021,2,321840,United Parcel Service of America Inc.,1650000
2021,3,321840,United Parcel Service of America Inc.,1960434
2021,4,321840,United Parcel Service of America Inc.,1510000
2022,1,321840,United Parcel Service of America Inc.,4600000
2022,2,321840,United Parcel Service of America Inc.,1540000
2022,3,321840,United Parcel Service of America Inc.,1940000
2022,4,321840,United Parcel Service of America Inc.,1770000
2023,1,321840,United Parcel Service of America Inc.,4020000
2023,2,321840,United Parcel Service of America Inc.,2160000
2023,3,321840,United Parcel Service of America Inc.,1830000
2023,4,321840,United Parcel Service of America Inc.,1690000
2024,1,321840,United Parcel Service of America Inc.,3030000
2024,2,321840,United Parcel Service of America Inc.,1260000
2024,3,321840,United Parcel Service of America Inc.,1250000
2024,4,321840,United Parcel Service of America Inc.,1160000
2010,1,325634,Amazon Corporate LLC,570000
2010,2,325634,Amazon Corporate LLC,530000
2010,3,325634,Amazon Corporate LLC,510000
2010,4,325634,Amazon Corporate LLC,560000
2011,1,325634,Amazon Corporate LLC,660000
2011,2,325634,Amazon Corporate LLC,480000
2011,3,325634,Amazon Corporate LLC,480000
2011,4,325634,Amazon Corporate LLC,850000
2012,1,325634,Amazon Corporate LLC,810000
2012,2,325634,Amazon Corporate LLC,800000
2012,3,325634,Amazon Corporate LLC,620000
2012,4,325634,Amazon Corporate LLC,670000
2013,1,325634,Amazon Corporate LLC,906831
2013,2,325634,Amazon Corporate LLC,940000
2013,3,325634,Amazon Corporate LLC,830000
2013,4,325634,Amazon Corporate LLC,1010000
2014,1,325634,Amazon Corporate LLC,870000
2014,2,325634,Amazon Corporate LLC,1060000
2014,3,325634,Amazon Corporate LLC,1210000
2014,4,325634,Amazon Corporate LLC,1670000
2015,1,325634,Amazon Corporate LLC,1910000
2015,2,325634,Amazon Corporate LLC,2150000
2015,3,325634,Amazon Corporate LLC,2020000
2015,4,325634,Amazon Corporate LLC,2990000
2016,1,325634,Amazon Corporate LLC,2650000
2016,2,325634,Amazon Corporate LLC,3000000
2016,3,325634,Amazon Corporate LLC,2710000
2016,4,325634,Amazon Corporate LLC,2660000
2017,1,325634,Amazon Corporate LLC,2900000
2017,2,325634,Amazon Corporate LLC,3210000
2017,3,325634,Amazon Corporate LLC,3410000
2017,4,325634,Amazon Corporate LLC,3380000
2018,1,325634,Amazon Corporate LLC,3470000
2018,2,325634,Amazon Corporate LLC,3670000
2018,3,325634,Amazon Corporate LLC,3860000
2018,4,325634,Amazon Corporate LLC,3890000
2019,1,325634,Amazon Corporate LLC,4130000
2019,2,325634,Amazon Corporate LLC,4260000
2019,3,325634,Amazon Corporate LLC,4270000
2019,4,325634,Amazon Corporate LLC,4460000
2020,1,325634,Amazon Corporate LLC,4590000
2020,2,325634,Amazon Corporate LLC,4650000
2020,3,325634,Amazon Corporate LLC,4670000
2020,4,325634,Amazon Corporate LLC,5010000
2021,1,325634,Amazon Corporate LLC,5060000
2021,2,325634,Amazon Corporate LLC,5140000
2021,3,325634,Amazon Corporate LLC,4990000
2021,4,325634,Amazon Corporate LLC,5190000
2022,1,325634,Amazon Corporate LLC,5240000
2022,2,325634,Amazon Corporate LLC,5250000
2022,3,325634,Amazon Corporate LLC,5240000
2022,4,325634,Amazon Corporate LLC,5110000
2023,1,325634,Amazon Corporate LLC,4950000
2023,2,325634,Amazon Corporate LLC,4750000
2023,3,325634,Amazon Corporate LLC,4690000
2023,4,325634,Amazon Corporate LLC,4810000
2024,1,325634,Amazon Corporate LLC,4600000
2024,2,325634,Amazon Corporate LLC,4720000
2024,3,325634,Amazon Corporate LLC,4630000
2024,4,325634,Amazon Corporate LLC,4920000
2010,1,330896,AT&T Services Inc.,6671381
2010,2,330896,AT&T Services Inc.,3837786
2010,3,330896,AT&T Services Inc.,4218911
2010,4,330896,AT&T Services Inc.,3586000
2011,1,330896,AT&T Services Inc.,7376000
2011,2,330896,AT&T Services Inc.,5640000
2011,3,330896,AT&T Services Inc.,5210000
2011,4,330896,AT&T Services Inc.,5080000
2012,1,330896,AT&T Services Inc.,7720000
2012,2,330896,AT&T Services Inc.,4300000
2012,3,330896,AT&T Services Inc.,4200000
2012,4,330896,AT&T Services Inc.,4150750
2013,1,330896,AT&T Services Inc.,4962500
2013,2,330896,AT&T Services Inc.,4442500
2013,3,330896,AT&T Services Inc.,4980000
2013,4,330896,AT&T Services Inc.,4267500
2014,1,330896,AT&T Services Inc.,4511000
2014,2,330896,AT&T Services Inc.,4482500
2014,3,330896,AT&T Services Inc.,4142500
2014,4,330896,AT&T Services Inc.,3692500
2015,1,330896,AT&T Services Inc.,5082500
2015,2,330896,AT&T Services Inc.,4872500
2015,3,330896,AT&T Services Inc.,3662500
2015,4,330896,AT&T Services Inc.,4312500
2016,1,330896,AT&T Services Inc.,5267500
2016,2,330896,AT&T Services Inc.,4877500
2016,3,330896,AT&T Services Inc.,4907500
2016,4,330896,AT&T Services Inc.,4557500
2017,1,330896,AT&T Services Inc.,5507500
2017,2,330896,AT&T Services Inc.,5107500
2017,3,330896,AT&T Services Inc.,5387500
2017,4,330896,AT&T Services Inc.,4567500
2018,1,330896,AT&T Services Inc.,5032500
2018,2,330896,AT&T Services Inc.,5492500
2018,3,330896,AT&T Services Inc.,4810000
2018,4,330896,AT&T Services Inc.,4210000
2019,1,330896,AT&T Services Inc.,3487500
2019,2,330896,AT&T Services Inc.,4280000
2019,3,330896,AT&T Services Inc.,4170000
2019,4,330896,AT&T Services Inc.,3222500
2020,1,330896,AT&T Services Inc.,3490500
2020,2,330896,AT&T Services Inc.,4155000
2020,3,330896,AT&T Services Inc.,3202500
2020,4,330896,AT&T Services Inc.,3252500
2021,1,330896,AT&T Services Inc.,3244500
2021,2,330896,AT&T Services Inc.,3755000
2021,3,330896,AT&T Services Inc.,3425000
2021,4,330896,AT&T Services Inc.,3605000
2022,1,330896,AT&T Services Inc.,3635000
2022,2,330896,AT&T Services Inc.,3455000
2022,3,330896,AT&T Services Inc.,3495000
2022,4,330896,AT&T Services Inc.,3160000
2023,1,330896,AT&T Services Inc.,3305000
2023,2,330896,AT&T Services Inc.,3365000
2023,3,330896,AT&T Services Inc.,3275000
2023,4,330896,AT&T Services Inc.,2805000
2024,1,330896,AT&T Services Inc.,3255000
2024,2,330896,AT&T Services Inc.,3145000
2024,3,330896,AT&T Services Inc.,2885000
2024,4,330896,AT&T Services Inc.,3245000
2010,1,334449,General Electric Co.,8577500
2010,2,334449,General Electric Co.,17532500
2010,3,334449,General Electric Co.,10905000
2010,4,334449,General Electric Co.,8945000
2011,1,334449,General Electric Co.,10215600
2011,2,334449,General Electric Co.,8390000
2011,3,334449,General Electric Co.,7190000
2011,4,334449,General Electric Co.,7180000
2012,1,334449,General Electric Co.,6585000
2012,2,334449,General Electric Co.,5990000
2012,3,334449,General Electric Co.,5120000
2012,4,334449,General Electric Co.,5950000
2013,1,334449,General Electric Co.,6190000
2013,2,334449,General Electric Co.,4600000
2013,3,334449,General Electric Co.,4360000
2013,4,334449,General Electric Co.,5035000
2014,1,334449,General Electric Co.,4400000
2014,2,334449,General Electric Co.,3860000
2014,3,334449,General Electric Co.,6080000
2014,4,334449,General Electric Co.,4185000
2015,1,334449,General Electric Co.,5817500
2015,2,334449,General Electric Co.,9387500
2015,3,334449,General Electric Co.,4347500
2015,4,334449,General Electric Co.,4777500
2016,1,334449,General Electric Co.,2780000
2016,2,334449,General Electric Co.,1640000
2016,3,334449,General Electric Co.,1740000
2016,4,334449,General Electric Co.,1840000
2017,1,334449,General Electric Co.,2900000
2017,2,334449,General Electric Co.,2052000
2017,3,334449,General Electric Co.,1980000
2017,4,334449,General Electric Co.,2010000
2018,1,334449,General Electric Co.,1650000
2018,2,334449,General Electric Co.,1350000
2018,3,334449,General Electric Co.,1430000
2018,4,334449,General Electric Co.,1840000
2019,1,334449,General Electric Co.,1560000
2019,2,334449,General Electric Co.,2030000
2019,3,334449,General Electric Co.,1240000
2019,4,334449,General Electric Co.,1380000
2020,1,334449,General Electric Co.,2130000
2020,2,334449,General Electric Co.,1510000
2020,3,334449,General Electric Co.,1150000
2020,4,334449,General Electric Co.,1240000
2021,1,334449,General Electric Co.,1740000
2021,2,334449,General Electric Co.,1160000
2021,3,334449,General Electric Co.,1380000
2021,4,334449,General Electric Co.,1300000
2022,1,334449,General Electric Co.,1440000
2022,2,334449,General Electric Co.,1190000
2022,3,334449,General Electric Co.,1070000
2022,4,334449,General Electric Co.,1800000
2023,1,334449,General Electric Co.,1370000
2023,2,334449,General Electric Co.,1065000
2023,3,334449,General Electric Co.,940000
2023,4,334449,General Electric Co.,800000
2024,1,334449,General Electric Co.,1471000
2024,2,334449,General Electric Co.,961000
2024,3,334449,General Electric Co.,811000
2024,4,334449,General Electric Co.,651000
2010,1,335116,Apple Inc.,700000
2010,2,335116,Apple Inc.,470000
2010,3,335116,Apple Inc.,480000
2010,4,335116,Apple Inc.,520000
2011,1,335116,Apple Inc.,740000
2011,2,335116,Apple Inc.,990000
2011,3,335116,Apple Inc.,660000
2011,4,335116,Apple Inc.,650000
2012,1,335116,Apple Inc.,700000
2012,2,335116,Apple Inc.,680000
2012,3,335116,Apple Inc.,670000
2012,4,335116,Apple Inc.,780000
2013,1,335116,Apple Inc.,980000
2013,2,335116,Apple Inc.,950000
2013,3,335116,Apple Inc.,1230000
2013,4,335116,Apple Inc.,1280000
2014,1,335116,Apple Inc.,1360000
2014,2,335116,Apple Inc.,1130000
2014,3,335116,Apple Inc.,1300000
2014,4,335116,Apple Inc.,1480000
2015,1,335116,Apple Inc.,1620000
2015,2,335116,Apple Inc.,1610000
2015,3,335116,Apple Inc.,1360000
2015,4,335116,Apple Inc.,1440000
2016,1,335116,Apple Inc.,1480000
2016,2,335116,Apple Inc.,1400000
2016,3,335116,Apple Inc.,1350000
2016,4,335116,Apple Inc.,1640000
2017,1,335116,Apple Inc.,1710000
2017,2,335116,Apple Inc.,2610000
2017,3,335116,Apple Inc.,2230000
2017,4,335116,Apple Inc.,2090000
2018,1,335116,Apple Inc.,2460000
2018,2,335116,Apple Inc.,2030000
2018,3,335116,Apple Inc.,1630000
2018,4,335116,Apple Inc.,1830000
2019,1,335116,Apple Inc.,2230000
2019,2,335116,Apple Inc.,2130000
2019,3,335116,Apple Inc.,2140000
2019,4,335116,Apple Inc.,2330000
2020,1,335116,Apple Inc.,2640000
2020,2,335116,Apple Inc.,1960000
2020,3,335116,Apple Inc.,2050000
2020,4,335116,Apple Inc.,1960000
2021,1,335116,Apple Inc.,1960000
2021,2,335116,Apple Inc.,2150000
2021,3,335116,Apple Inc.,2100000
2021,4,335116,Apple Inc.,2450000
2022,1,335116,Apple Inc.,3260000
2022,2,335116,Apple Inc.,2490000
2022,3,335116,Apple Inc.,2580000
2022,4,335116,Apple Inc.,3630000
2023,1,335116,Apple Inc.,3440000
2023,2,335116,Apple Inc.,3180000
2023,3,335116,Apple Inc.,2590000
2023,4,335116,Apple Inc.,3700000
2024,1,335116,Apple Inc.,2880000
2024,2,335116,Apple Inc.,2880000
2024,3,335116,Apple Inc.,2650000
2024,4,335116,Apple Inc.,2450000
2010,1,342385,Johnson & Johnson Services Inc.,2254000
2010,2,342385,Johnson & Johnson Services Inc.,1315000
2010,3,342385,Johnson & Johnson Services Inc.,2610000
2010,4,342385,Johnson & Johnson Services Inc.,1050000
2011,1,342385,Johnson & Johnson Services Inc.,1870000
2011,2,342385,Johnson & Johnson Services Inc.,1480000
2011,3,342385,Johnson & Johnson Services Inc.,2021000
2011,4,342385,Johnson & Johnson Services Inc.,1161000
2012,1,342385,Johnson & Johnson Services Inc.,2470000
2012,2,342385,Johnson & Johnson Services Inc.,1410000
2012,3,342385,Johnson & Johnson Services Inc.,1630000
2012,4,342385,Johnson & Johnson Services Inc.,1090000
2013,1,342385,Johnson & Johnson Services Inc.,2290000
2013,2,342385,Johnson & Johnson Services Inc.,1590000
2013,3,342385,Johnson & Johnson Services Inc.,1510000
2013,4,342385,Johnson & Johnson Services Inc.,1090000
2014,1,342385,Johnson & Johnson Services Inc.,2260000
2014,2,342385,Johnson & Johnson Services Inc.,1260000
2014,3,342385,Johnson & Johnson Services Inc.,1550000
2014,4,342385,Johnson & Johnson Services Inc.,1600000
2015,1,342385,Johnson & Johnson Services Inc.,2020000
2015,2,342385,Johnson & Johnson Services Inc.,2620000
2015,3,342385,Johnson & Johnson Services Inc.,980000
2015,4,342385,Johnson & Johnson Services Inc.,1410000
2016,1,342385,Johnson & Johnson Services Inc.,1340000
2016,2,342385,Johnson & Johnson Services Inc.,2240000
2016,3,342385,Johnson & Johnson Services Inc.,1120000
2016,4,342385,Johnson & Johnson Services Inc.,1690000
2017,1,342385,Johnson & Johnson Services Inc.,1280000
2017,2,342385,Johnson & Johnson Services Inc.,1600000
2017,3,342385,Johnson & Johnson Services Inc.,1115000
2017,4,342385,Johnson & Johnson Services Inc.,3935000
2018,1,342385,Johnson & Johnson Services Inc.,1635000
2018,2,342385,Johnson & Johnson Services Inc.,1135000
2018,3,342385,Johnson & Johnson Services Inc.,2225000
2018,4,342385,Johnson & Johnson Services Inc.,2610000
2019,1,342385,Johnson & Johnson Services Inc.,1735000
2019,2,342385,Johnson & Johnson Services Inc.,2465000
2019,3,342385,Johnson & Johnson Services Inc.,1125000
2019,4,342385,Johnson & Johnson Services Inc.,1710000
2020,1,342385,Johnson & Johnson Services Inc.,1870000
2020,2,342385,Johnson & Johnson Services Inc.,2150000
2020,3,342385,Johnson & Johnson Services Inc.,1250000
2020,4,342385,Johnson & Johnson Services Inc.,1840000
2021,1,342385,Johnson & Johnson Services Inc.,2880000
2021,2,342385,Johnson & Johnson Services Inc.,1220000
2021,3,342385,Johnson & Johnson Services Inc.,2370000
2021,4,342385,Johnson & Johnson Services Inc.,1300000
2022,1,342385,Johnson & Johnson Services Inc.,2740000
2022,2,342385,Johnson & Johnson Services Inc.,1470000
2022,3,342385,Johnson & Johnson Services Inc.,2620000
2022,4,342385,Johnson & Johnson Services Inc.,2720000
2023,1,342385,Johnson & Johnson Services Inc.,4170000
2023,2,342385,Johnson & Johnson Services Inc.,1210000
2023,3,342385,Johnson & Johnson Services Inc.,2710000
2023,4,342385,Johnson & Johnson Services Inc.,1650000
2024,1,342385,Johnson & Johnson Services Inc.,3170000
2024,2,342385,Johnson & Johnson Services Inc.,1570000
2024,3,342385,Johnson & Johnson Services Inc.,2790000
2024,4,342385,Johnson & Johnson Services Inc.,1960000
2010,1,342711,American Airlines Inc.,2335000
2010,2,342711,American Airlines Inc.,2185000
2010,3,342711,American Airlines Inc.,2215000
2010,4,342711,American Airlines Inc.,1910000
2011,1,342711,American Airlines Inc.,1725000
2011,2,342711,American Airlines Inc.,2265000
2011,3,342711,American Airlines Inc.,2087000
2011,4,342711,American Airlines Inc.,2037600
2012,1,342711,American Airlines Inc.,1720000
2012,2,342711,American Airlines Inc.,1780000
2012,3,342711,American Airlines Inc.,1920000
2012,4,342711,American Airlines Inc.,2050000
2013,1,342711,American Airlines Inc.,1950000
2013,2,342711,American Airlines Inc.,1775000
2013,3,342711,American Airlines Inc.,1728000
2013,4,342711,American Airlines Inc.,1752000
2014,1,342711,American Airlines Inc.,2122000
2014,2,342711,American Airlines Inc.,1899400
2014,3,342711,American Airlines Inc.,1822875
2014,4,342711,American Airlines Inc.,2101000
2015,1,342711,American Airlines Inc.,2701000
2015,2,342711,American Airlines Inc.,2326000
2015,3,342711,American Airlines Inc.,2211000
2015,4,342711,American Airlines Inc.,1852500
2016,1,342711,American Airlines Inc.,2537500
2016,2,342711,American Airlines Inc.,2857500
2016,3,342711,American Airlines Inc.,2670000
2016,4,342711,American Airlines Inc.,2695000
2017,1,342711,American Airlines Inc.,2806000
2017,2,342711,American Airlines Inc.,2681000
2017,3,342711,American Airlines Inc.,2321500
2017,4,342711,American Airlines Inc.,2533500
2018,1,342711,American Airlines Inc.,2193500
2018,2,342711,American Airlines Inc.,2143500
2018,3,342711,American Airlines Inc.,2186000
2018,4,342711,American Airlines Inc.,2196000
2019,1,342711,American Airlines Inc.,2125000
2019,2,342711,American Airlines Inc.,2232500
2019,3,342711,American Airlines Inc.,2037500
2019,4,342711,American Airlines Inc.,2087000
2020,1,342711,American Airlines Inc.,2120000
2020,2,342711,American Airlines Inc.,1724000
2020,3,342711,American Airlines Inc.,1394000
2020,4,342711,American Airlines Inc.,1760000
2021,1,342711,American Airlines Inc.,1720000
2021,2,342711,American Airlines Inc.,1827500
2021,3,342711,American Airlines Inc.,1785000
2021,4,342711,American Airlines Inc.,1850000
2022,1,342711,American Airlines Inc.,2190000
2022,2,342711,American Airlines Inc.,1795000
2022,3,342711,American Airlines Inc.,1890000
2022,4,342711,American Airlines Inc.,1890000
2023,1,342711,American Airlines Inc.,1905000
2023,2,342711,American Airlines Inc.,1915000
2023,3,342711,American Airlines Inc.,1965000
2023,4,342711,American Airlines Inc.,1970000
2024,1,342711,American Airlines Inc.,1965000
2024,2,342711,American Airlines Inc.,1995000
2024,3,342711,American Airlines Inc.,2095000
2024,4,342711,American Airlines Inc.,1980000
2010,1,344185,Charter Communications Inc.,420000
2010,2,344185,Charter Communications Inc.,402000
2010,3,344185,Charter Communications Inc.,443000
2010,4,344185,Charter Communications Inc.,520000
2011,1,344185,Charter Communications Inc.,595000
2011,2,344185,Charter Communications Inc.,637500
2011,3,344185,Charter Communications Inc.,617500
2011,4,344185,Charter Communications Inc.,677500
2012,1,344185,Charter Communications Inc.,567500
2012,2,344185,Charter Communications Inc.,590000
2012,3,344185,Charter Communications Inc.,550000
2012,4,344185,Charter Communications Inc.,660000
2013,1,344185,Charter Communications Inc.,753000
2013,2,344185,Charter Communications Inc.,2703000
2013,3,344185,Charter Communications Inc.,493000
2013,4,344185,Charter Communications Inc.,843000
2014,1,344185,Charter Communications Inc.,853000
2014,2,344185,Charter Communications Inc.,730000
2014,3,344185,Charter Communications Inc.,780000
2014,4,344185,Charter Communications Inc.,810000
2015,1,344185,Charter Communications Inc.,1070000
2015,2,344185,Charter Communications Inc.,1220000
2015,3,344185,Charter Communications Inc.,1270000
2015,4,344185,Charter Communications Inc.,1480000
2016,1,344185,Charter Communications Inc.,1470000
2016,2,344185,Charter Communications Inc.,1950000
2016,3,344185,Charter Communications Inc.,2300000
2016,4,344185,Charter Communications Inc.,2370000
2017,1,344185,Charter Communications Inc.,2495000
2017,2,344185,Charter Communications Inc.,2907500
2017,3,344185,Charter Communications Inc.,2357500
2017,4,344185,Charter Communications Inc.,3027500
2018,1,344185,Charter Communications Inc.,2817500
2018,2,344185,Charter Communications Inc.,2867500
2018,3,344185,Charter Communications Inc.,2747500
2018,4,344185,Charter Communications Inc.,2807500
2019,1,344185,Charter Communications Inc.,2860000
2019,2,344185,Charter Communications Inc.,2955000
2019,3,344185,Charter Communications Inc.,2745000
2019,4,344185,Charter Communications Inc.,3355000
2020,1,344185,Charter Communications Inc.,3475000
2020,2,344185,Charter Communications Inc.,3105000
2020,3,344185,Charter Communications Inc.,2945000
2020,4,344185,Charter Communications Inc.,3625000
2021,1,344185,Charter Communications Inc.,3185000
2021,2,344185,Charter Communications Inc.,3150000
2021,3,344185,Charter Communications Inc.,3180000
2021,4,344185,Charter Communications Inc.,3570000
2022,1,344185,Charter Communications Inc.,3430000
2022,2,344185,Charter Communications Inc.,3570000
2022,3,344185,Charter Communications Inc.,3460000
2022,4,344185,Charter Communications Inc.,3440000
2023,1,344185,Charter Communications Inc.,3210000
2023,2,344185,Charter Communications Inc.,3130000
2023,3,344185,Charter Communications Inc.,3390000
2023,4,344185,Charter Communications Inc.,3410000
2024,1,344185,Charter Communications Inc.,3410000
2024,2,344185,Charter Communications Inc.,3420000
2024,3,344185,Charter Communications Inc.,3500000
2024,4,344185,Charter Communications Inc.,3510000
2010,1,344469,iHeartMedia Inc.,1180000
2010,2,344469,iHeartMedia Inc.,1610000
2010,3,344469,iHeartMedia Inc.,1530000
2010,4,344469,iHeartMedia Inc.,1390000
2011,1,344469,iHeartMedia Inc.,1520000
2011,2,344469,iHeartMedia Inc.,1270000
2011,3,344469,iHeartMedia Inc.,1420000
2011,4,344469,iHeartMedia Inc.,1461700
2012,1,344469,iHeartMedia Inc.,1494600
2012,2,344469,iHeartMedia Inc.,1352450
2012,3,344469,iHeartMedia Inc.,1520000
2012,4,344469,iHeartMedia Inc.,1375000
2013,1,344469,iHeartMedia Inc.,1450000
2013,2,344469,iHeartMedia Inc.,1630000
2013,3,344469,iHeartMedia Inc.,1520000
2013,4,344469,iHeartMedia Inc.,1320000
2014,1,344469,iHeartMedia Inc.,1504700
2014,2,344469,iHeartMedia Inc.,1445000
2014,3,344469,iHeartMedia Inc.,1306930
2014,4,344469,iHeartMedia Inc.,1300000
2015,1,344469,iHeartMedia Inc.,1440000
2015,2,344469,iHeartMedia Inc.,1380000
2015,3,344469,iHeartMedia Inc.,1308000
2015,4,344469,iHeartMedia Inc.,1390000
2016,1,344469,iHeartMedia Inc.,1440000
2016,2,344469,iHeartMedia Inc.,1400000
2016,3,344469,iHeartMedia Inc.,1390000
2016,4,344469,iHeartMedia Inc.,1300000
2017,1,344469,iHeartMedia Inc.,1415000
2017,2,344469,iHeartMedia Inc.,1390000
2017,3,344469,iHeartMedia Inc.,1620000
2017,4,344469,iHeartMedia Inc.,1495000
2018,1,344469,iHeartMedia Inc.,1375000
2018,2,344469,iHeartMedia Inc.,1420000
2018,3,344469,iHeartMedia Inc.,1350000
2018,4,344469,iHeartMedia Inc.,1315000
2019,1,344469,iHeartMedia Inc.,1412000
2019,2,344469,iHeartMedia Inc.,1399000
2019,3,344469,iHeartMedia Inc.,1320000
2019,4,344469,iHeartMedia Inc.,1070000
2020,1,344469,iHeartMedia Inc.,1370534
2020,2,344469,iHeartMedia Inc.,1290000
2020,3,344469,iHeartMedia Inc.,1240000
2020,4,344469,iHeartMedia Inc.,1060000
2021,1,344469,iHeartMedia Inc.,1340000
2021,2,344469,iHeartMedia Inc.,1390000
2021,3,344469,iHeartMedia Inc.,1560000
2021,4,344469,iHeartMedia Inc.,1400000
2022,1,344469,iHeartMedia Inc.,1650000
2022,2,344469,iHeartMedia Inc.,1280000
2022,3,344469,iHeartMedia Inc.,1440000
2022,4,344469,iHeartMedia Inc.,1327000
2023,1,344469,iHeartMedia Inc.,1270000
2023,2,344469,iHeartMedia Inc.,1305000
2023,3,344469,iHeartMedia Inc.,1255000
2023,4,344469,iHeartMedia Inc.,1282500
2024,1,344469,iHeartMedia Inc.,1655000
2024,2,344469,iHeartMedia Inc.,1631250
2024,3,344469,iHeartMedia Inc.,1462500
2024,4,344469,iHeartMedia Inc.,1342500
2010,1,345199,Boeing Co.,4953000
2010,2,345199,Boeing Co.,5851000
2010,3,345199,Boeing Co.,5039000
2010,4,345199,Boeing Co.,5346000
2011,1,345199,Boeing Co.,4625000
2011,2,345199,Boeing Co.,4930000
2011,3,345199,Boeing Co.,4390000
2011,4,345199,Boeing Co.,4200000
2012,1,345199,Boeing Co.,4705000
2012,2,345199,Boeing Co.,4635000
2012,3,345199,Boeing Co.,4415000
2012,4,345199,Boeing Co.,4225000
2013,1,345199,Boeing Co.,4205000
2013,2,345199,Boeing Co.,4520000
2013,3,345199,Boeing Co.,4327300
2013,4,345199,Boeing Co.,4254625
2014,1,345199,Boeing Co.,4345000
2014,2,345199,Boeing Co.,4785000
2014,3,345199,Boeing Co.,5045000
2014,4,345199,Boeing Co.,4945000
2015,1,345199,Boeing Co.,4615000
2015,2,345199,Boeing Co.,10243000
2015,3,345199,Boeing Co.,4292000
2015,4,345199,Boeing Co.,5741000
2016,1,345199,Boeing Co.,5195000
2016,2,345199,Boeing Co.,5375000
2016,3,345199,Boeing Co.,4290000
2016,4,345199,Boeing Co.,4820000
2017,1,345199,Boeing Co.,4755000
2017,2,345199,Boeing Co.,5605000
2017,3,345199,Boeing Co.,4605000
2017,4,345199,Boeing Co.,4995000
2018,1,345199,Boeing Co.,4415000
2018,2,345199,Boeing Co.,4595000
2018,3,345199,Boeing Co.,4480000
2018,4,345199,Boeing Co.,4630000
2019,1,345199,Boeing Co.,4260000
2019,2,345199,Boeing Co.,4880000
2019,3,345199,Boeing Co.,4060000
2019,4,345199,Boeing Co.,4350000
2020,1,345199,Boeing Co.,3974000
2020,2,345199,Boeing Co.,4132000
2020,3,345199,Boeing Co.,3992000
2020,4,345199,Boeing Co.,4382000
2021,1,345199,Boeing Co.,3702500
2021,2,345199,Boeing Co.,4340000
2021,3,345199,Boeing Co.,4700000
2021,4,345199,Boeing Co.,4240000
2022,1,345199,Boeing Co.,3590000
2022,2,345199,Boeing Co.,4130000
2022,3,345199,Boeing Co.,4020000
2022,4,345199,Boeing Co.,4740000
2023,1,345199,Boeing Co.,4590000
2023,2,345199,Boeing Co.,4290000
2023,3,345199,Boeing Co.,3960000
2023,4,345199,Boeing Co.,4550000
2024,1,345199,Boeing Co.,3630000
2024,2,345199,Boeing Co.,4050000
2024,3,345199,Boeing Co.,3520000
2024,4,345199,Boeing Co.,2780000
