Year,Quarter,client_lobby_actor_id,client_name,LDA_frequency
2021,4,7926,National Retail Federation,6
2022,3,7926,National Retail Federation,6
2023,2,7926,National Retail Federation,5
2024,1,7926,National Retail Federation,5
2024,4,7926,National Retail Federation,5
2020,4,8900,Elevance Health Inc.,4
2021,3,8900,Elevance Health Inc.,5
2022,2,8900,Elevance Health Inc.,5
2023,1,8900,Elevance Health Inc.,5
2023,4,8900,Elevance Health Inc.,7
2024,3,8900,Elevance Health Inc.,6
2016,4,10927,Cigna Group,6
2017,3,10927,Cigna Group,7
2018,2,10927,Cigna Group,7
2019,1,10927,Cigna Group,12
2019,4,10927,Cigna Group,9
2020,3,10927,Cigna Group,9
2021,2,10927,Cigna Group,7
2022,1,10927,Cigna Group,7
2022,4,10927,Cigna Group,7
2023,3,10927,Cigna Group,8
2024,2,10927,Cigna Group,8
2018,4,20225,GSK plc,6
2019,3,20225,GSK plc,6
2020,2,20225,GSK plc,6
2021,1,20225,GSK plc,7
2021,4,20225,GSK plc,6
2022,3,20225,GSK plc,6
2023,2,20225,GSK plc,6
2024,1,20225,GSK plc,6
2024,4,20225,GSK plc,6
2019,4,29779,American Medical Association,5
2020,3,29779,American Medical Association,5
2021,2,29779,American Medical Association,4
2022,1,29779,American Medical Association,4
2022,4,29779,American Medical Association,4
2023,3,29779,American Medical Association,5
2024,2,29779,American Medical Association,5
2018,4,46079,Gilead Sciences Inc.,9
2019,3,46079,Gilead Sciences Inc.,12
2020,2,46079,Gilead Sciences Inc.,13
2021,1,46079,Gilead Sciences Inc.,12
2021,4,46079,Gilead Sciences Inc.,12
2022,3,46079,Gilead Sciences Inc.,12
2023,2,46079,Gilead Sciences Inc.,13
2024,1,46079,Gilead Sciences Inc.,12
2024,4,46079,Gilead Sciences Inc.,13
2010,1,47555,Blue Cross Blue Shield Association,10
2010,4,47555,Blue Cross Blue Shield Association,10
2011,3,47555,Blue Cross Blue Shield Association,12
2012,2,47555,Blue Cross Blue Shield Association,12
2013,1,47555,Blue Cross Blue Shield Association,12
2010,1,48709,Open Society Policy Center Inc.,1
2010,4,48709,Open Society Policy Center Inc.,2
2011,3,48709,Open Society Policy Center Inc.,2
2012,2,48709,Open Society Policy Center Inc.,1
2013,1,48709,Open Society Policy Center Inc.,3
2013,4,48709,Open Society Policy Center Inc.,2
2014,3,48709,Open Society Policy Center Inc.,1
2015,2,48709,Open Society Policy Center Inc.,1
2016,1,48709,Open Society Policy Center Inc.,2
2010,2,49807,National Association of Realtors,3
2011,1,49807,National Association of Realtors,3
2011,4,49807,National Association of Realtors,4
2012,3,49807,National Association of Realtors,4
2013,2,49807,National Association of Realtors,4
2014,1,49807,National Association of Realtors,5
2014,4,49807,National Association of Realtors,3
2015,3,49807,National Association of Realtors,3
2016,2,49807,National Association of Realtors,3
2017,1,49807,National Association of Realtors,3
2016,4,54262,ConocoPhillips Co.,5
2017,3,54262,ConocoPhillips Co.,5
2018,2,54262,ConocoPhillips Co.,4
2019,1,54262,ConocoPhillips Co.,4
2019,4,54262,ConocoPhillips Co.,4
2020,3,54262,ConocoPhillips Co.,4
2021,2,54262,ConocoPhillips Co.,4
2022,1,54262,ConocoPhillips Co.,5
2022,4,54262,ConocoPhillips Co.,5
2023,3,54262,ConocoPhillips Co.,5
2024,2,54262,ConocoPhillips Co.,4
2020,4,57099,Business Roundtable Inc.,13
2017,4,7926,National Retail Federation,5
2018,3,7926,National Retail Federation,5
2019,2,7926,National Retail Federation,5
2020,1,7926,National Retail Federation,7
2020,4,7926,National Retail Federation,5
2021,3,7926,National Retail Federation,5
2022,2,7926,National Retail Federation,6
2023,1,7926,National Retail Federation,6
2023,4,7926,National Retail Federation,5
2024,3,7926,National Retail Federation,5
2016,4,8900,Elevance Health Inc.,5
2017,3,8900,Elevance Health Inc.,5
2018,2,8900,Elevance Health Inc.,5
2019,1,8900,Elevance Health Inc.,4
2019,4,8900,Elevance Health Inc.,4
2020,3,8900,Elevance Health Inc.,4
2021,2,8900,Elevance Health Inc.,5
2022,1,8900,Elevance Health Inc.,5
2022,4,8900,Elevance Health Inc.,5
2023,3,8900,Elevance Health Inc.,7
2024,2,8900,Elevance Health Inc.,8
2020,4,10927,Cigna Group,9
2021,3,10927,Cigna Group,7
2022,2,10927,Cigna Group,7
2023,1,10927,Cigna Group,8
2023,4,10927,Cigna Group,8
2024,3,10927,Cigna Group,8
2021,4,18384,Airlines for America Inc.,7
2022,3,18384,Airlines for America Inc.,7
2023,2,18384,Airlines for America Inc.,7
2024,1,18384,Airlines for America Inc.,7
2024,4,18384,Airlines for America Inc.,7
2022,4,20225,GSK plc,6
2023,3,20225,GSK plc,6
2024,2,20225,GSK plc,6
2020,4,29779,American Medical Association,5
2021,3,29779,American Medical Association,4
2022,2,29779,American Medical Association,4
2023,1,29779,American Medical Association,5
2023,4,29779,American Medical Association,5
2024,3,29779,American Medical Association,5
2024,4,36150,Prudential Financial Inc.,9
2022,4,46079,Gilead Sciences Inc.,12
2023,3,46079,Gilead Sciences Inc.,13
2024,2,46079,Gilead Sciences Inc.,13
2010,2,47555,Blue Cross Blue Shield Association,10
2011,1,47555,Blue Cross Blue Shield Association,11
2011,4,47555,Blue Cross Blue Shield Association,11
2012,3,47555,Blue Cross Blue Shield Association,11
2013,2,47555,Blue Cross Blue Shield Association,13
2014,1,47555,Blue Cross Blue Shield Association,12
2014,4,47555,Blue Cross Blue Shield Association,11
2015,3,47555,Blue Cross Blue Shield Association,13
2016,2,47555,Blue Cross Blue Shield Association,13
2017,1,47555,Blue Cross Blue Shield Association,12
2010,2,48709,Open Society Policy Center Inc.,1
2011,1,48709,Open Society Policy Center Inc.,1
2011,4,48709,Open Society Policy Center Inc.,1
2012,3,48709,Open Society Policy Center Inc.,1
2013,2,48709,Open Society Policy Center Inc.,2
2014,1,48709,Open Society Policy Center Inc.,2
2014,4,48709,Open Society Policy Center Inc.,1
2015,3,48709,Open Society Policy Center Inc.,1
2016,2,48709,Open Society Policy Center Inc.,1
2017,1,48709,Open Society Policy Center Inc.,1
2010,3,49807,National Association of Realtors,3
2011,2,49807,National Association of Realtors,3
2012,1,49807,National Association of Realtors,4
2012,4,49807,National Association of Realtors,4
2013,3,49807,National Association of Realtors,5
2014,2,49807,National Association of Realtors,5
2015,1,49807,National Association of Realtors,4
2015,4,49807,National Association of Realtors,3
2016,3,49807,National Association of Realtors,3
2017,2,49807,National Association of Realtors,3
2018,1,49807,National Association of Realtors,3
2018,4,49807,National Association of Realtors,4
2013,4,7926,National Retail Federation,5
2014,3,7926,National Retail Federation,3
2015,2,7926,National Retail Federation,5
2016,1,7926,National Retail Federation,6
2016,4,7926,National Retail Federation,5
2017,3,7926,National Retail Federation,5
2018,2,7926,National Retail Federation,5
2019,1,7926,National Retail Federation,5
2019,4,7926,National Retail Federation,5
2020,3,7926,National Retail Federation,6
2021,2,7926,National Retail Federation,5
2022,1,7926,National Retail Federation,6
2022,4,7926,National Retail Federation,6
2023,3,7926,National Retail Federation,5
2024,2,7926,National Retail Federation,5
2010,2,10927,Cigna Group,5
2011,1,10927,Cigna Group,4
2011,4,10927,Cigna Group,3
2012,3,10927,Cigna Group,3
2013,2,10927,Cigna Group,3
2014,1,10927,Cigna Group,3
2014,4,10927,Cigna Group,3
2015,3,10927,Cigna Group,6
2016,2,10927,Cigna Group,6
2017,1,10927,Cigna Group,6
2017,4,10927,Cigna Group,6
2018,3,10927,Cigna Group,7
2019,2,10927,Cigna Group,10
2020,1,10927,Cigna Group,9
2021,4,11862,Ford Motor Co.,10
2022,3,11862,Ford Motor Co.,9
2023,2,11862,Ford Motor Co.,9
2024,1,11862,Ford Motor Co.,7
2024,4,11862,Ford Motor Co.,7
2010,1,18384,Airlines for America Inc.,8
2010,4,18384,Airlines for America Inc.,5
2011,3,18384,Airlines for America Inc.,6
2012,2,18384,Airlines for America Inc.,7
2013,1,18384,Airlines for America Inc.,6
2011,4,29779,American Medical Association,5
2012,3,29779,American Medical Association,5
2013,2,29779,American Medical Association,5
2014,1,29779,American Medical Association,5
2014,4,29779,American Medical Association,6
2015,3,29779,American Medical Association,5
2016,2,29779,American Medical Association,5
2017,1,29779,American Medical Association,5
2017,4,29779,American Medical Association,5
2018,3,29779,American Medical Association,5
2019,2,29779,American Medical Association,5
2020,1,29779,American Medical Association,5
2020,4,36150,Prudential Financial Inc.,14
2021,3,36150,Prudential Financial Inc.,12
2022,2,36150,Prudential Financial Inc.,11
2023,1,36150,Prudential Financial Inc.,10
2023,4,36150,Prudential Financial Inc.,11
2024,3,36150,Prudential Financial Inc.,10
2010,4,46079,Gilead Sciences Inc.,5
2011,3,46079,Gilead Sciences Inc.,5
2012,2,46079,Gilead Sciences Inc.,5
2013,1,46079,Gilead Sciences Inc.,6
2013,4,46079,Gilead Sciences Inc.,8
2014,3,46079,Gilead Sciences Inc.,8
2015,2,46079,Gilead Sciences Inc.,7
2016,1,46079,Gilead Sciences Inc.,7
2016,4,46079,Gilead Sciences Inc.,7
2017,3,46079,Gilead Sciences Inc.,10
2018,2,46079,Gilead Sciences Inc.,9
2019,1,46079,Gilead Sciences Inc.,12
2019,4,46079,Gilead Sciences Inc.,12
2020,3,46079,Gilead Sciences Inc.,13
2021,2,46079,Gilead Sciences Inc.,12
2022,1,46079,Gilead Sciences Inc.,12
2012,4,48709,Open Society Policy Center Inc.,2
2013,3,48709,Open Society Policy Center Inc.,2
2014,2,48709,Open Society Policy Center Inc.,1
2015,1,48709,Open Society Policy Center Inc.,1
2015,4,48709,Open Society Policy Center Inc.,2
2016,3,48709,Open Society Policy Center Inc.,1
2017,2,48709,Open Society Policy Center Inc.,1
2018,1,48709,Open Society Policy Center Inc.,2
2018,4,48709,Open Society Policy Center Inc.,2
2012,4,8900,Elevance Health Inc.,5
2013,3,8900,Elevance Health Inc.,5
2014,2,8900,Elevance Health Inc.,4
2015,1,8900,Elevance Health Inc.,4
2015,4,8900,Elevance Health Inc.,5
2016,3,8900,Elevance Health Inc.,6
2017,2,8900,Elevance Health Inc.,5
2018,1,8900,Elevance Health Inc.,5
2018,4,8900,Elevance Health Inc.,6
2019,3,8900,Elevance Health Inc.,4
2020,2,8900,Elevance Health Inc.,4
2021,1,8900,Elevance Health Inc.,5
2021,4,8900,Elevance Health Inc.,5
2022,3,8900,Elevance Health Inc.,5
2023,2,8900,Elevance Health Inc.,5
2024,1,8900,Elevance Health Inc.,7
2024,4,10927,Cigna Group,8
2010,2,11862,Ford Motor Co.,8
2011,1,11862,Ford Motor Co.,8
2011,4,11862,Ford Motor Co.,6
2012,3,11862,Ford Motor Co.,5
2013,2,11862,Ford Motor Co.,6
2014,1,11862,Ford Motor Co.,7
2014,4,11862,Ford Motor Co.,7
2015,3,11862,Ford Motor Co.,8
2016,2,11862,Ford Motor Co.,7
2017,1,11862,Ford Motor Co.,7
2017,4,18384,Airlines for America Inc.,9
2018,3,18384,Airlines for America Inc.,9
2019,2,18384,Airlines for America Inc.,9
2020,1,18384,Airlines for America Inc.,8
2020,4,18384,Airlines for America Inc.,7
2021,3,18384,Airlines for America Inc.,7
2022,2,18384,Airlines for America Inc.,7
2023,1,18384,Airlines for America Inc.,7
2023,4,18384,Airlines for America Inc.,7
2024,3,18384,Airlines for America Inc.,7
2010,4,20225,GSK plc,8
2011,3,20225,GSK plc,8
2012,2,20225,GSK plc,8
2013,1,20225,GSK plc,7
2013,4,20225,GSK plc,8
2014,3,20225,GSK plc,7
2015,2,20225,GSK plc,7
2016,1,20225,GSK plc,6
2016,4,20225,GSK plc,5
2017,3,20225,GSK plc,7
2018,2,20225,GSK plc,7
2019,1,20225,GSK plc,6
2019,4,20225,GSK plc,6
2020,3,20225,GSK plc,7
2021,2,20225,GSK plc,7
2022,1,20225,GSK plc,6
2024,4,29779,American Medical Association,4
2010,1,36150,Prudential Financial Inc.,13
2010,4,36150,Prudential Financial Inc.,12
2011,3,36150,Prudential Financial Inc.,12
2012,2,36150,Prudential Financial Inc.,11
2013,1,36150,Prudential Financial Inc.,12
2013,4,36150,Prudential Financial Inc.,13
2014,3,36150,Prudential Financial Inc.,14
2015,2,36150,Prudential Financial Inc.,14
2016,1,36150,Prudential Financial Inc.,14
2023,4,46079,Gilead Sciences Inc.,12
2024,3,46079,Gilead Sciences Inc.,13
2010,3,47555,Blue Cross Blue Shield Association,10
2011,2,47555,Blue Cross Blue Shield Association,12
2012,1,47555,Blue Cross Blue Shield Association,11
2012,4,47555,Blue Cross Blue Shield Association,11
2013,3,47555,Blue Cross Blue Shield Association,13
2014,2,47555,Blue Cross Blue Shield Association,12
2015,1,47555,Blue Cross Blue Shield Association,12
2015,4,47555,Blue Cross Blue Shield Association,12
2016,3,47555,Blue Cross Blue Shield Association,13
2017,2,47555,Blue Cross Blue Shield Association,14
2018,1,47555,Blue Cross Blue Shield Association,15
2018,4,47555,Blue Cross Blue Shield Association,14
2019,3,47555,Blue Cross Blue Shield Association,13
2020,2,47555,Blue Cross Blue Shield Association,10
2021,1,47555,Blue Cross Blue Shield Association,10
2013,4,49807,National Association of Realtors,5
2014,3,49807,National Association of Realtors,5
2015,2,49807,National Association of Realtors,3
2016,1,49807,National Association of Realtors,3
2010,1,7926,National Retail Federation,3
2010,4,7926,National Retail Federation,4
2011,3,7926,National Retail Federation,5
2012,2,7926,National Retail Federation,7
2013,1,7926,National Retail Federation,5
2010,3,8900,Elevance Health Inc.,5
2011,2,8900,Elevance Health Inc.,4
2012,1,8900,Elevance Health Inc.,4
2010,1,10927,Cigna Group,5
2010,4,10927,Cigna Group,4
2011,3,10927,Cigna Group,4
2012,2,10927,Cigna Group,3
2013,1,10927,Cigna Group,3
2013,4,10927,Cigna Group,3
2014,3,10927,Cigna Group,3
2015,2,10927,Cigna Group,3
2016,1,10927,Cigna Group,6
2010,3,11862,Ford Motor Co.,7
2011,2,11862,Ford Motor Co.,8
2012,1,11862,Ford Motor Co.,6
2012,4,11862,Ford Motor Co.,5
2013,3,11862,Ford Motor Co.,7
2014,2,11862,Ford Motor Co.,7
2015,1,11862,Ford Motor Co.,8
2015,4,11862,Ford Motor Co.,6
2016,3,11862,Ford Motor Co.,7
2017,2,11862,Ford Motor Co.,8
2018,1,11862,Ford Motor Co.,8
2018,4,11862,Ford Motor Co.,9
2019,3,11862,Ford Motor Co.,9
2020,2,11862,Ford Motor Co.,9
2021,1,11862,Ford Motor Co.,10
2010,2,18384,Airlines for America Inc.,7
2011,1,18384,Airlines for America Inc.,4
2011,4,18384,Airlines for America Inc.,6
2012,3,18384,Airlines for America Inc.,6
2013,2,18384,Airlines for America Inc.,5
2014,1,18384,Airlines for America Inc.,5
2014,4,18384,Airlines for America Inc.,5
2015,3,18384,Airlines for America Inc.,6
2016,2,18384,Airlines for America Inc.,8
2017,1,18384,Airlines for America Inc.,9
2010,3,20225,GSK plc,8
2011,2,20225,GSK plc,8
2012,1,20225,GSK plc,8
2012,4,20225,GSK plc,6
2013,3,20225,GSK plc,8
2014,2,20225,GSK plc,8
2015,1,20225,GSK plc,7
2015,4,20225,GSK plc,6
2016,3,20225,GSK plc,7
2017,2,20225,GSK plc,7
2018,1,20225,GSK plc,7
2010,1,29779,American Medical Association,4
2010,4,29779,American Medical Association,4
2011,3,29779,American Medical Association,5
2012,2,29779,American Medical Association,5
2013,1,29779,American Medical Association,5
2013,4,29779,American Medical Association,5
2014,3,29779,American Medical Association,5
2015,2,29779,American Medical Association,5
2016,1,29779,American Medical Association,5
2016,4,29779,American Medical Association,4
2017,3,29779,American Medical Association,5
2018,2,29779,American Medical Association,5
2019,1,29779,American Medical Association,5
2010,2,36150,Prudential Financial Inc.,11
2011,1,36150,Prudential Financial Inc.,12
2011,4,36150,Prudential Financial Inc.,12
2012,3,36150,Prudential Financial Inc.,12
2013,2,36150,Prudential Financial Inc.,12
2014,1,36150,Prudential Financial Inc.,13
2014,4,36150,Prudential Financial Inc.,12
2015,3,36150,Prudential Financial Inc.,14
2016,2,36150,Prudential Financial Inc.,14
2017,1,36150,Prudential Financial Inc.,14
2017,4,36150,Prudential Financial Inc.,13
2018,3,36150,Prudential Financial Inc.,12
2019,2,36150,Prudential Financial Inc.,13
2020,1,36150,Prudential Financial Inc.,12
2010,3,46079,Gilead Sciences Inc.,5
2011,2,46079,Gilead Sciences Inc.,5
2012,1,46079,Gilead Sciences Inc.,5
2012,4,46079,Gilead Sciences Inc.,5
2013,3,46079,Gilead Sciences Inc.,8
2014,2,46079,Gilead Sciences Inc.,7
2015,1,46079,Gilead Sciences Inc.,8
2019,3,48709,Open Society Policy Center Inc.,3
2020,2,48709,Open Society Policy Center Inc.,2
2021,1,48709,Open Society Policy Center Inc.,1
2010,2,54262,ConocoPhillips Co.,2
2011,1,54262,ConocoPhillips Co.,2
2011,4,54262,ConocoPhillips Co.,3
2012,3,54262,ConocoPhillips Co.,3
2013,2,54262,ConocoPhillips Co.,4
2014,1,54262,ConocoPhillips Co.,4
2014,4,54262,ConocoPhillips Co.,4
2015,3,54262,ConocoPhillips Co.,4
2016,2,54262,ConocoPhillips Co.,4
2017,1,54262,ConocoPhillips Co.,5
2017,4,54262,ConocoPhillips Co.,5
2018,3,54262,ConocoPhillips Co.,5
2019,2,54262,ConocoPhillips Co.,4
2020,1,54262,ConocoPhillips Co.,4
2012,4,57099,Business Roundtable Inc.,14
2013,3,57099,Business Roundtable Inc.,16
2014,2,57099,Business Roundtable Inc.,17
2015,1,57099,Business Roundtable Inc.,17
2015,4,57099,Business Roundtable Inc.,16
2016,3,57099,Business Roundtable Inc.,15
2017,2,57099,Business Roundtable Inc.,12
2018,1,57099,Business Roundtable Inc.,10
2018,4,57099,Business Roundtable Inc.,9
2019,3,57099,Business Roundtable Inc.,12
2020,2,57099,Business Roundtable Inc.,14
2021,1,57099,Business Roundtable Inc.,12
2021,4,57099,Business Roundtable Inc.,14
2022,3,57099,Business Roundtable Inc.,14
2023,2,57099,Business Roundtable Inc.,15
2024,1,57099,Business Roundtable Inc.,14
2010,3,61524,American Fuel & Petrochemical Manufacturers,2
2011,2,61524,American Fuel & Petrochemical Manufacturers,2
2012,1,61524,American Fuel & Petrochemical Manufacturers,3
2010,2,68834,CVS Health,3
2011,1,68834,CVS Health,3
2011,4,68834,CVS Health,4
2012,3,68834,CVS Health,3
2013,2,68834,CVS Health,4
2014,1,68834,CVS Health,5
2014,4,68834,CVS Health,4
2015,3,68834,CVS Health,6
2016,2,68834,CVS Health,7
2017,1,68834,CVS Health,8
2019,4,70834,American Hospital Association,7
2020,3,70834,American Hospital Association,6
2021,2,70834,American Hospital Association,6
2022,1,70834,American Hospital Association,6
2022,4,70834,American Hospital Association,6
2023,3,70834,American Hospital Association,7
2024,2,70834,American Hospital Association,7
2018,4,82003,Google LLC,23
2019,3,82003,Google LLC,18
2020,2,82003,Google LLC,9
2021,1,82003,Google LLC,7
2021,4,82003,Google LLC,4
2022,3,82003,Google LLC,1
2022,4,87012,American Association for Justice,7
2023,3,87012,American Association for Justice,8
2024,2,87012,American Association for Justice,7
2010,4,87025,MasterCard Worldwide Inc.,9
2011,3,87025,MasterCard Worldwide Inc.,9
2012,2,87025,MasterCard Worldwide Inc.,9
2013,1,87025,MasterCard Worldwide Inc.,9
2013,4,87025,MasterCard Worldwide Inc.,8
2014,3,87025,MasterCard Worldwide Inc.,9
2015,2,87025,MasterCard Worldwide Inc.,9
2016,1,87025,MasterCard Worldwide Inc.,9
2016,4,87025,MasterCard Worldwide Inc.,9
2017,3,87025,MasterCard Worldwide Inc.,7
2018,2,87025,MasterCard Worldwide Inc.,8
2019,1,87025,MasterCard Worldwide Inc.,6
2019,4,87025,MasterCard Worldwide Inc.,7
2020,3,87025,MasterCard Worldwide Inc.,7
2021,2,87025,MasterCard Worldwide Inc.,9
2022,1,87025,MasterCard Worldwide Inc.,9
2014,4,91032,Bayer Corp.,5
2015,3,91032,Bayer Corp.,5
2016,2,91032,Bayer Corp.,5
2017,1,91032,Bayer Corp.,5
2017,4,91032,Bayer Corp.,6
2018,3,91032,Bayer Corp.,7
2010,3,7926,National Retail Federation,4
2011,2,7926,National Retail Federation,4
2012,1,7926,National Retail Federation,6
2012,4,7926,National Retail Federation,5
2013,3,7926,National Retail Federation,5
2014,2,7926,National Retail Federation,6
2015,1,7926,National Retail Federation,4
2015,4,7926,National Retail Federation,6
2016,3,7926,National Retail Federation,5
2017,2,7926,National Retail Federation,6
2018,1,7926,National Retail Federation,5
2018,4,7926,National Retail Federation,6
2019,3,7926,National Retail Federation,5
2020,2,7926,National Retail Federation,7
2021,1,7926,National Retail Federation,5
2024,4,8900,Elevance Health Inc.,5
2012,4,10927,Cigna Group,3
2013,3,10927,Cigna Group,3
2014,2,10927,Cigna Group,3
2015,1,10927,Cigna Group,3
2015,4,10927,Cigna Group,6
2016,3,10927,Cigna Group,6
2017,2,10927,Cigna Group,7
2018,1,10927,Cigna Group,7
2018,4,10927,Cigna Group,7
2019,3,10927,Cigna Group,10
2020,2,10927,Cigna Group,9
2021,1,10927,Cigna Group,7
2021,4,10927,Cigna Group,7
2022,3,10927,Cigna Group,7
2023,2,10927,Cigna Group,8
2024,1,10927,Cigna Group,8
2017,4,11862,Ford Motor Co.,8
2018,3,11862,Ford Motor Co.,8
2019,2,11862,Ford Motor Co.,9
2020,1,11862,Ford Motor Co.,9
2020,4,11862,Ford Motor Co.,8
2021,3,11862,Ford Motor Co.,10
2022,2,11862,Ford Motor Co.,9
2023,1,11862,Ford Motor Co.,9
2023,4,11862,Ford Motor Co.,8
2024,3,11862,Ford Motor Co.,7
2010,1,20225,GSK plc,8
2015,4,29779,American Medical Association,4
2016,3,29779,American Medical Association,5
2017,2,29779,American Medical Association,5
2018,1,29779,American Medical Association,5
2018,4,29779,American Medical Association,5
2019,3,29779,American Medical Association,5
2020,2,29779,American Medical Association,5
2021,1,29779,American Medical Association,4
2021,4,29779,American Medical Association,4
2022,3,29779,American Medical Association,4
2023,2,29779,American Medical Association,5
2024,1,29779,American Medical Association,5
2016,4,36150,Prudential Financial Inc.,14
2017,3,36150,Prudential Financial Inc.,14
2018,2,36150,Prudential Financial Inc.,12
2019,1,36150,Prudential Financial Inc.,13
2019,4,36150,Prudential Financial Inc.,12
2020,3,36150,Prudential Financial Inc.,14
2021,2,36150,Prudential Financial Inc.,12
2022,1,36150,Prudential Financial Inc.,11
2022,4,36150,Prudential Financial Inc.,10
2023,3,36150,Prudential Financial Inc.,11
2024,2,36150,Prudential Financial Inc.,10
2014,4,46079,Gilead Sciences Inc.,8
2015,3,46079,Gilead Sciences Inc.,7
2016,2,46079,Gilead Sciences Inc.,7
2017,1,46079,Gilead Sciences Inc.,9
2017,4,46079,Gilead Sciences Inc.,10
2018,3,46079,Gilead Sciences Inc.,8
2019,2,46079,Gilead Sciences Inc.,12
2020,1,46079,Gilead Sciences Inc.,13
2020,4,46079,Gilead Sciences Inc.,12
2021,3,46079,Gilead Sciences Inc.,12
2022,2,46079,Gilead Sciences Inc.,12
2023,1,46079,Gilead Sciences Inc.,13
2016,4,48709,Open Society Policy Center Inc.,1
2017,3,48709,Open Society Policy Center Inc.,1
2018,2,48709,Open Society Policy Center Inc.,2
2019,1,48709,Open Society Policy Center Inc.,2
2019,4,48709,Open Society Policy Center Inc.,3
2020,3,48709,Open Society Policy Center Inc.,2
2010,2,7926,National Retail Federation,4
2011,1,7926,National Retail Federation,4
2011,4,7926,National Retail Federation,5
2012,3,7926,National Retail Federation,5
2013,2,7926,National Retail Federation,5
2014,1,7926,National Retail Federation,4
2014,4,7926,National Retail Federation,4
2015,3,7926,National Retail Federation,5
2016,2,7926,National Retail Federation,5
2017,1,7926,National Retail Federation,6
2010,1,8900,Elevance Health Inc.,5
2010,4,8900,Elevance Health Inc.,5
2011,3,8900,Elevance Health Inc.,4
2012,2,8900,Elevance Health Inc.,4
2013,1,8900,Elevance Health Inc.,5
2013,4,8900,Elevance Health Inc.,4
2014,3,8900,Elevance Health Inc.,4
2015,2,8900,Elevance Health Inc.,4
2016,1,8900,Elevance Health Inc.,5
2010,3,10927,Cigna Group,5
2011,2,10927,Cigna Group,4
2012,1,10927,Cigna Group,3
2013,4,11862,Ford Motor Co.,7
2014,3,11862,Ford Motor Co.,7
2015,2,11862,Ford Motor Co.,9
2016,1,11862,Ford Motor Co.,7
2016,4,11862,Ford Motor Co.,7
2017,3,11862,Ford Motor Co.,8
2018,2,11862,Ford Motor Co.,8
2019,1,11862,Ford Motor Co.,8
2019,4,11862,Ford Motor Co.,9
2020,3,11862,Ford Motor Co.,9
2021,2,11862,Ford Motor Co.,10
2022,1,11862,Ford Motor Co.,10
2022,4,11862,Ford Motor Co.,9
2023,3,11862,Ford Motor Co.,8
2024,2,11862,Ford Motor Co.,7
2010,3,18384,Airlines for America Inc.,7
2011,2,18384,Airlines for America Inc.,5
2012,1,18384,Airlines for America Inc.,6
2012,4,18384,Airlines for America Inc.,6
2013,3,18384,Airlines for America Inc.,5
2014,2,18384,Airlines for America Inc.,5
2015,1,18384,Airlines for America Inc.,6
2015,4,18384,Airlines for America Inc.,6
2016,3,18384,Airlines for America Inc.,8
2017,2,18384,Airlines for America Inc.,9
2018,1,18384,Airlines for America Inc.,9
2018,4,18384,Airlines for America Inc.,9
2019,3,18384,Airlines for America Inc.,8
2020,2,18384,Airlines for America Inc.,7
2021,1,18384,Airlines for America Inc.,7
2010,2,20225,GSK plc,7
2011,1,20225,GSK plc,8
2011,4,20225,GSK plc,8
2012,3,20225,GSK plc,8
2013,2,20225,GSK plc,7
2014,1,20225,GSK plc,8
2010,3,29779,American Medical Association,4
2011,2,29779,American Medical Association,5
2012,1,29779,American Medical Association,5
2012,4,29779,American Medical Association,5
2013,3,29779,American Medical Association,5
2014,2,29779,American Medical Association,5
2015,1,29779,American Medical Association,6
2012,4,36150,Prudential Financial Inc.,12
2013,3,36150,Prudential Financial Inc.,12
2014,2,36150,Prudential Financial Inc.,14
2015,1,36150,Prudential Financial Inc.,14
2015,4,36150,Prudential Financial Inc.,14
2016,3,36150,Prudential Financial Inc.,14
2017,2,36150,Prudential Financial Inc.,15
2018,1,36150,Prudential Financial Inc.,12
2018,4,36150,Prudential Financial Inc.,13
2019,3,36150,Prudential Financial Inc.,13
2020,2,36150,Prudential Financial Inc.,12
2021,1,36150,Prudential Financial Inc.,13
2021,4,36150,Prudential Financial Inc.,12
2022,3,36150,Prudential Financial Inc.,10
2023,2,36150,Prudential Financial Inc.,11
2024,1,36150,Prudential Financial Inc.,11
2010,2,46079,Gilead Sciences Inc.,5
2011,1,46079,Gilead Sciences Inc.,5
2011,4,46079,Gilead Sciences Inc.,5
2021,3,57099,Business Roundtable Inc.,14
2022,2,57099,Business Roundtable Inc.,14
2023,1,57099,Business Roundtable Inc.,14
2023,4,57099,Business Roundtable Inc.,14
2024,3,57099,Business Roundtable Inc.,16
2024,4,61524,American Fuel & Petrochemical Manufacturers,7
2013,4,68834,CVS Health,5
2014,3,68834,CVS Health,5
2015,2,68834,CVS Health,5
2016,1,68834,CVS Health,7
2016,4,68834,CVS Health,7
2017,3,68834,CVS Health,7
2018,2,68834,CVS Health,8
2019,1,68834,CVS Health,13
2019,4,68834,CVS Health,13
2020,3,68834,CVS Health,11
2021,2,68834,CVS Health,10
2022,1,68834,CVS Health,11
2014,4,87012,American Association for Justice,5
2015,3,87012,American Association for Justice,6
2016,2,87012,American Association for Justice,7
2017,1,87012,American Association for Justice,6
2017,4,87012,American Association for Justice,7
2018,3,87012,American Association for Justice,7
2019,2,87012,American Association for Justice,7
2020,1,87012,American Association for Justice,7
2020,4,87012,American Association for Justice,7
2021,3,87012,American Association for Justice,7
2022,2,87012,American Association for Justice,7
2023,1,87012,American Association for Justice,7
2010,2,87025,MasterCard Worldwide Inc.,10
2011,1,87025,MasterCard Worldwide Inc.,9
2011,4,87025,MasterCard Worldwide Inc.,9
2012,3,87025,MasterCard Worldwide Inc.,9
2013,2,87025,MasterCard Worldwide Inc.,9
2014,1,87025,MasterCard Worldwide Inc.,8
2010,3,91032,Bayer Corp.,2
2011,2,91032,Bayer Corp.,2
2012,1,91032,Bayer Corp.,2
2012,4,91032,Bayer Corp.,2
2013,3,91032,Bayer Corp.,2
2014,2,91032,Bayer Corp.,6
2015,1,91032,Bayer Corp.,4
2015,4,91032,Bayer Corp.,5
2016,3,91032,Bayer Corp.,5
2017,2,91032,Bayer Corp.,5
2018,1,91032,Bayer Corp.,6
2012,4,94694,Association of American Railroads,12
2013,3,94694,Association of American Railroads,11
2014,2,94694,Association of American Railroads,11
2015,1,94694,Association of American Railroads,11
2015,4,94694,Association of American Railroads,9
2016,3,94694,Association of American Railroads,10
2017,2,94694,Association of American Railroads,9
2018,1,94694,Association of American Railroads,8
2018,4,94694,Association of American Railroads,8
2019,3,94694,Association of American Railroads,9
2020,2,94694,Association of American Railroads,8
2021,1,94694,Association of American Railroads,7
2021,4,94694,Association of American Railroads,7
2022,3,94694,Association of American Railroads,7
2023,2,94694,Association of American Railroads,6
2024,1,94694,Association of American Railroads,7
2010,2,96686,National Association of Broadcasters,14
2011,1,96686,National Association of Broadcasters,15
2011,4,96686,National Association of Broadcasters,15
2012,3,96686,National Association of Broadcasters,14
2013,2,96686,National Association of Broadcasters,13
2014,1,96686,National Association of Broadcasters,16
2014,4,96686,National Association of Broadcasters,16
2015,3,96686,National Association of Broadcasters,20
2016,2,96686,National Association of Broadcasters,17
2017,1,96686,National Association of Broadcasters,14
2015,4,144030,Altria Client Services LLC,19
2016,3,144030,Altria Client Services LLC,22
2017,2,144030,Altria Client Services LLC,22
2018,1,144030,Altria Client Services LLC,24
2010,2,8900,Elevance Health Inc.,5
2011,1,8900,Elevance Health Inc.,5
2011,4,8900,Elevance Health Inc.,4
2012,3,8900,Elevance Health Inc.,5
2013,2,8900,Elevance Health Inc.,5
2014,1,8900,Elevance Health Inc.,4
2014,4,8900,Elevance Health Inc.,4
2015,3,8900,Elevance Health Inc.,5
2016,2,8900,Elevance Health Inc.,5
2017,1,8900,Elevance Health Inc.,5
2017,4,8900,Elevance Health Inc.,5
2018,3,8900,Elevance Health Inc.,6
2019,2,8900,Elevance Health Inc.,4
2020,1,8900,Elevance Health Inc.,4
2010,1,11862,Ford Motor Co.,8
2010,4,11862,Ford Motor Co.,8
2011,3,11862,Ford Motor Co.,8
2012,2,11862,Ford Motor Co.,5
2013,1,11862,Ford Motor Co.,5
2013,4,18384,Airlines for America Inc.,5
2014,3,18384,Airlines for America Inc.,5
2015,2,18384,Airlines for America Inc.,6
2016,1,18384,Airlines for America Inc.,7
2016,4,18384,Airlines for America Inc.,8
2017,3,18384,Airlines for America Inc.,9
2018,2,18384,Airlines for America Inc.,9
2019,1,18384,Airlines for America Inc.,9
2019,4,18384,Airlines for America Inc.,8
2020,3,18384,Airlines for America Inc.,7
2021,2,18384,Airlines for America Inc.,7
2022,1,18384,Airlines for America Inc.,7
2022,4,18384,Airlines for America Inc.,7
2023,3,18384,Airlines for America Inc.,7
2024,2,18384,Airlines for America Inc.,7
2014,4,20225,GSK plc,7
2015,3,20225,GSK plc,6
2016,2,20225,GSK plc,7
2017,1,20225,GSK plc,7
2017,4,20225,GSK plc,7
2018,3,20225,GSK plc,7
2019,2,20225,GSK plc,6
2020,1,20225,GSK plc,6
2020,4,20225,GSK plc,7
2021,3,20225,GSK plc,7
2022,2,20225,GSK plc,6
2023,1,20225,GSK plc,6
2023,4,20225,GSK plc,6
2024,3,20225,GSK plc,6
2010,2,29779,American Medical Association,4
2011,1,29779,American Medical Association,5
2010,3,36150,Prudential Financial Inc.,12
2011,2,36150,Prudential Financial Inc.,12
2012,1,36150,Prudential Financial Inc.,11
2010,1,46079,Gilead Sciences Inc.,5
2013,4,47555,Blue Cross Blue Shield Association,13
2014,3,47555,Blue Cross Blue Shield Association,12
2015,2,47555,Blue Cross Blue Shield Association,13
2016,1,47555,Blue Cross Blue Shield Association,13
2016,4,47555,Blue Cross Blue Shield Association,12
2017,3,47555,Blue Cross Blue Shield Association,14
2018,2,47555,Blue Cross Blue Shield Association,15
2019,1,47555,Blue Cross Blue Shield Association,14
2019,4,47555,Blue Cross Blue Shield Association,12
2020,3,47555,Blue Cross Blue Shield Association,9
2021,2,47555,Blue Cross Blue Shield Association,10
2022,1,47555,Blue Cross Blue Shield Association,8
2022,4,47555,Blue Cross Blue Shield Association,9
2023,3,47555,Blue Cross Blue Shield Association,9
2024,2,47555,Blue Cross Blue Shield Association,7
2010,3,48709,Open Society Policy Center Inc.,2
2011,2,48709,Open Society Policy Center Inc.,2
2012,1,48709,Open Society Policy Center Inc.,1
2017,4,49807,National Association of Realtors,3
2018,3,49807,National Association of Realtors,4
2019,2,49807,National Association of Realtors,5
2020,1,49807,National Association of Realtors,6
2020,4,49807,National Association of Realtors,6
2021,3,49807,National Association of Realtors,6
2022,2,49807,National Association of Realtors,6
2023,1,49807,National Association of Realtors,6
2023,4,49807,National Association of Realtors,6
2015,4,46079,Gilead Sciences Inc.,7
2016,3,46079,Gilead Sciences Inc.,8
2017,2,46079,Gilead Sciences Inc.,10
2018,1,46079,Gilead Sciences Inc.,10
2021,4,47555,Blue Cross Blue Shield Association,9
2022,3,47555,Blue Cross Blue Shield Association,9
2023,2,47555,Blue Cross Blue Shield Association,9
2024,1,47555,Blue Cross Blue Shield Association,7
2024,4,47555,Blue Cross Blue Shield Association,7
2021,4,48709,Open Society Policy Center Inc.,1
2023,2,48709,Open Society Policy Center Inc.,1
2024,1,48709,Open Society Policy Center Inc.,2
2024,4,48709,Open Society Policy Center Inc.,2
2010,2,57099,Business Roundtable Inc.,12
2011,1,57099,Business Roundtable Inc.,13
2011,4,57099,Business Roundtable Inc.,13
2012,3,57099,Business Roundtable Inc.,13
2013,2,57099,Business Roundtable Inc.,16
2014,1,57099,Business Roundtable Inc.,16
2014,4,57099,Business Roundtable Inc.,16
2015,3,57099,Business Roundtable Inc.,17
2016,2,57099,Business Roundtable Inc.,15
2017,1,57099,Business Roundtable Inc.,12
2017,4,57099,Business Roundtable Inc.,11
2018,3,57099,Business Roundtable Inc.,10
2019,2,57099,Business Roundtable Inc.,12
2020,1,57099,Business Roundtable Inc.,13
2010,1,61524,American Fuel & Petrochemical Manufacturers,2
2010,4,61524,American Fuel & Petrochemical Manufacturers,2
2011,3,61524,American Fuel & Petrochemical Manufacturers,2
2012,2,61524,American Fuel & Petrochemical Manufacturers,3
2013,1,61524,American Fuel & Petrochemical Manufacturers,3
2013,4,61524,American Fuel & Petrochemical Manufacturers,4
2014,3,61524,American Fuel & Petrochemical Manufacturers,4
2015,2,61524,American Fuel & Petrochemical Manufacturers,4
2016,1,61524,American Fuel & Petrochemical Manufacturers,7
2022,4,68834,CVS Health,11
2023,3,68834,CVS Health,8
2024,2,68834,CVS Health,6
2010,1,70834,American Hospital Association,8
2010,4,70834,American Hospital Association,8
2011,3,70834,American Hospital Association,8
2012,2,70834,American Hospital Association,8
2013,1,70834,American Hospital Association,8
2013,4,70834,American Hospital Association,6
2014,3,70834,American Hospital Association,6
2015,2,70834,American Hospital Association,6
2016,1,70834,American Hospital Association,6
2016,4,70834,American Hospital Association,7
2017,3,70834,American Hospital Association,7
2018,2,70834,American Hospital Association,7
2019,1,70834,American Hospital Association,7
2014,4,82003,Google LLC,19
2015,3,82003,Google LLC,21
2016,2,82003,Google LLC,22
2017,1,82003,Google LLC,23
2017,4,82003,Google LLC,24
2018,3,82003,Google LLC,24
2019,2,82003,Google LLC,18
2020,1,82003,Google LLC,12
2020,4,82003,Google LLC,10
2021,3,82003,Google LLC,4
2022,2,82003,Google LLC,2
2023,4,87012,American Association for Justice,7
2024,3,87012,American Association for Justice,7
2022,4,87025,MasterCard Worldwide Inc.,9
2023,3,87025,MasterCard Worldwide Inc.,7
2024,2,87025,MasterCard Worldwide Inc.,7
2018,4,91032,Bayer Corp.,7
2019,3,91032,Bayer Corp.,7
2020,2,91032,Bayer Corp.,7
2021,1,91032,Bayer Corp.,7
2021,4,91032,Bayer Corp.,8
2022,3,91032,Bayer Corp.,8
2023,2,91032,Bayer Corp.,7
2024,1,91032,Bayer Corp.,6
2024,4,91032,Bayer Corp.,6
2024,4,94694,Association of American Railroads,6
2017,4,96686,National Association of Broadcasters,14
2012,3,46079,Gilead Sciences Inc.,5
2013,2,46079,Gilead Sciences Inc.,6
2014,1,46079,Gilead Sciences Inc.,8
2017,4,47555,Blue Cross Blue Shield Association,14
2018,3,47555,Blue Cross Blue Shield Association,14
2019,2,47555,Blue Cross Blue Shield Association,14
2020,1,47555,Blue Cross Blue Shield Association,10
2020,4,47555,Blue Cross Blue Shield Association,9
2021,3,47555,Blue Cross Blue Shield Association,9
2022,2,47555,Blue Cross Blue Shield Association,8
2023,1,47555,Blue Cross Blue Shield Association,9
2023,4,47555,Blue Cross Blue Shield Association,9
2024,3,47555,Blue Cross Blue Shield Association,7
2017,4,48709,Open Society Policy Center Inc.,2
2018,3,48709,Open Society Policy Center Inc.,2
2019,2,48709,Open Society Policy Center Inc.,3
2020,1,48709,Open Society Policy Center Inc.,2
2020,4,48709,Open Society Policy Center Inc.,2
2021,3,48709,Open Society Policy Center Inc.,1
2023,1,48709,Open Society Policy Center Inc.,1
2023,4,48709,Open Society Policy Center Inc.,2
2024,3,48709,Open Society Policy Center Inc.,2
2021,4,49807,National Association of Realtors,6
2022,3,49807,National Association of Realtors,6
2023,2,49807,National Association of Realtors,6
2024,1,49807,National Association of Realtors,6
2024,4,49807,National Association of Realtors,6
2010,3,54262,ConocoPhillips Co.,2
2011,2,54262,ConocoPhillips Co.,3
2012,1,54262,ConocoPhillips Co.,3
2010,1,57099,Business Roundtable Inc.,12
2010,4,57099,Business Roundtable Inc.,13
2011,3,57099,Business Roundtable Inc.,12
2012,2,57099,Business Roundtable Inc.,14
2013,1,57099,Business Roundtable Inc.,14
2013,4,57099,Business Roundtable Inc.,16
2014,3,57099,Business Roundtable Inc.,17
2015,2,57099,Business Roundtable Inc.,17
2016,1,57099,Business Roundtable Inc.,16
2010,2,61524,American Fuel & Petrochemical Manufacturers,2
2011,1,61524,American Fuel & Petrochemical Manufacturers,2
2011,4,61524,American Fuel & Petrochemical Manufacturers,2
2012,3,61524,American Fuel & Petrochemical Manufacturers,3
2013,2,61524,American Fuel & Petrochemical Manufacturers,3
2014,1,61524,American Fuel & Petrochemical Manufacturers,4
2014,4,61524,American Fuel & Petrochemical Manufacturers,4
2015,3,61524,American Fuel & Petrochemical Manufacturers,4
2016,2,61524,American Fuel & Petrochemical Manufacturers,8
2017,1,61524,American Fuel & Petrochemical Manufacturers,9
2017,4,61524,American Fuel & Petrochemical Manufacturers,8
2018,3,61524,American Fuel & Petrochemical Manufacturers,8
2019,2,61524,American Fuel & Petrochemical Manufacturers,9
2020,1,61524,American Fuel & Petrochemical Manufacturers,9
2011,4,70834,American Hospital Association,8
2012,3,70834,American Hospital Association,8
2013,2,70834,American Hospital Association,8
2014,1,70834,American Hospital Association,6
2014,4,70834,American Hospital Association,6
2015,3,70834,American Hospital Association,6
2016,2,70834,American Hospital Association,6
2017,1,70834,American Hospital Association,6
2017,4,70834,American Hospital Association,7
2018,3,70834,American Hospital Association,7
2019,2,70834,American Hospital Association,7
2020,1,70834,American Hospital Association,6
2020,4,70834,American Hospital Association,6
2021,3,70834,American Hospital Association,6
2022,2,70834,American Hospital Association,6
2016,4,49807,National Association of Realtors,3
2017,3,49807,National Association of Realtors,3
2018,2,49807,National Association of Realtors,4
2019,1,49807,National Association of Realtors,6
2019,4,49807,National Association of Realtors,6
2020,3,49807,National Association of Realtors,6
2021,2,49807,National Association of Realtors,6
2022,1,49807,National Association of Realtors,6
2022,4,49807,National Association of Realtors,6
2023,3,49807,National Association of Realtors,6
2024,2,49807,National Association of Realtors,6
2024,4,54262,ConocoPhillips Co.,4
2016,4,61524,American Fuel & Petrochemical Manufacturers,7
2017,3,61524,American Fuel & Petrochemical Manufacturers,8
2018,2,61524,American Fuel & Petrochemical Manufacturers,8
2019,1,61524,American Fuel & Petrochemical Manufacturers,9
2019,4,61524,American Fuel & Petrochemical Manufacturers,9
2020,3,61524,American Fuel & Petrochemical Manufacturers,8
2021,2,61524,American Fuel & Petrochemical Manufacturers,9
2022,1,61524,American Fuel & Petrochemical Manufacturers,8
2022,4,61524,American Fuel & Petrochemical Manufacturers,7
2023,3,61524,American Fuel & Petrochemical Manufacturers,7
2024,2,61524,American Fuel & Petrochemical Manufacturers,7
2021,4,68834,CVS Health,11
2022,3,68834,CVS Health,11
2023,2,68834,CVS Health,9
2024,1,68834,CVS Health,6
2024,4,68834,CVS Health,6
2010,3,70834,American Hospital Association,8
2011,2,70834,American Hospital Association,8
2012,1,70834,American Hospital Association,8
2012,4,70834,American Hospital Association,8
2013,3,70834,American Hospital Association,7
2014,2,70834,American Hospital Association,6
2015,1,70834,American Hospital Association,6
2010,2,82003,Google LLC,7
2011,1,82003,Google LLC,8
2011,4,82003,Google LLC,24
2012,3,82003,Google LLC,22
2013,2,82003,Google LLC,21
2014,1,82003,Google LLC,20
2010,3,87012,American Association for Justice,6
2011,2,87012,American Association for Justice,6
2012,1,87012,American Association for Justice,5
2012,4,87012,American Association for Justice,5
2013,3,87012,American Association for Justice,6
2014,2,87012,American Association for Justice,6
2015,1,87012,American Association for Justice,5
2015,4,87012,American Association for Justice,6
2016,3,87012,American Association for Justice,6
2017,2,87012,American Association for Justice,6
2018,1,87012,American Association for Justice,7
2010,1,91032,Bayer Corp.,3
2020,4,94694,Association of American Railroads,7
2021,3,94694,Association of American Railroads,7
2022,2,94694,Association of American Railroads,7
2023,1,94694,Association of American Railroads,6
2023,4,94694,Association of American Railroads,6
2024,3,94694,Association of American Railroads,6
2013,4,96686,National Association of Broadcasters,16
2014,3,96686,National Association of Broadcasters,16
2015,2,96686,National Association of Broadcasters,18
2016,1,96686,National Association of Broadcasters,19
2016,4,96686,National Association of Broadcasters,15
2017,3,96686,National Association of Broadcasters,16
2018,2,96686,National Association of Broadcasters,12
2019,1,96686,National Association of Broadcasters,12
2019,4,96686,National Association of Broadcasters,11
2020,3,96686,National Association of Broadcasters,8
2021,2,96686,National Association of Broadcasters,8
2021,2,48709,Open Society Policy Center Inc.,1
2023,3,48709,Open Society Policy Center Inc.,1
2024,2,48709,Open Society Policy Center Inc.,2
2010,1,49807,National Association of Realtors,4
2010,4,49807,National Association of Realtors,3
2011,3,49807,National Association of Realtors,4
2012,2,49807,National Association of Realtors,4
2013,1,49807,National Association of Realtors,4
2010,1,54262,ConocoPhillips Co.,3
2010,4,54262,ConocoPhillips Co.,2
2011,3,54262,ConocoPhillips Co.,3
2012,2,54262,ConocoPhillips Co.,3
2013,1,54262,ConocoPhillips Co.,4
2013,4,54262,ConocoPhillips Co.,4
2014,3,54262,ConocoPhillips Co.,4
2015,2,54262,ConocoPhillips Co.,4
2016,1,54262,ConocoPhillips Co.,4
2016,4,57099,Business Roundtable Inc.,15
2017,3,57099,Business Roundtable Inc.,11
2018,2,57099,Business Roundtable Inc.,10
2019,1,57099,Business Roundtable Inc.,11
2019,4,57099,Business Roundtable Inc.,12
2020,3,57099,Business Roundtable Inc.,14
2021,2,57099,Business Roundtable Inc.,14
2022,1,57099,Business Roundtable Inc.,14
2022,4,57099,Business Roundtable Inc.,13
2023,3,57099,Business Roundtable Inc.,14
2024,2,57099,Business Roundtable Inc.,16
2010,1,68834,CVS Health,3
2010,4,68834,CVS Health,3
2011,3,68834,CVS Health,4
2012,2,68834,CVS Health,3
2013,1,68834,CVS Health,4
2015,4,70834,American Hospital Association,6
2016,3,70834,American Hospital Association,7
2017,2,70834,American Hospital Association,7
2018,1,70834,American Hospital Association,7
2018,4,70834,American Hospital Association,7
2019,3,70834,American Hospital Association,7
2020,2,70834,American Hospital Association,6
2021,1,70834,American Hospital Association,6
2021,4,70834,American Hospital Association,6
2022,3,70834,American Hospital Association,6
2023,2,70834,American Hospital Association,7
2024,1,70834,American Hospital Association,7
2024,4,70834,American Hospital Association,7
2023,3,82003,Google LLC,1
2018,4,87012,American Association for Justice,7
2019,3,87012,American Association for Justice,7
2020,2,87012,American Association for Justice,7
2021,1,87012,American Association for Justice,7
2021,4,87012,American Association for Justice,8
2022,3,87012,American Association for Justice,7
2023,2,87012,American Association for Justice,7
2024,1,87012,American Association for Justice,7
2024,4,87012,American Association for Justice,7
2014,4,87025,MasterCard Worldwide Inc.,9
2015,3,87025,MasterCard Worldwide Inc.,9
2016,2,87025,MasterCard Worldwide Inc.,9
2017,1,87025,MasterCard Worldwide Inc.,8
2017,4,87025,MasterCard Worldwide Inc.,7
2018,3,87025,MasterCard Worldwide Inc.,7
2019,2,87025,MasterCard Worldwide Inc.,6
2020,1,87025,MasterCard Worldwide Inc.,7
2020,4,87025,MasterCard Worldwide Inc.,7
2021,3,87025,MasterCard Worldwide Inc.,9
2022,2,87025,MasterCard Worldwide Inc.,9
2023,1,87025,MasterCard Worldwide Inc.,7
2023,4,87025,MasterCard Worldwide Inc.,7
2024,3,87025,MasterCard Worldwide Inc.,9
2010,4,91032,Bayer Corp.,2
2011,3,91032,Bayer Corp.,2
2012,2,91032,Bayer Corp.,2
2013,1,91032,Bayer Corp.,2
2013,4,91032,Bayer Corp.,2
2014,3,91032,Bayer Corp.,5
2015,2,91032,Bayer Corp.,4
2016,1,91032,Bayer Corp.,5
2016,4,91032,Bayer Corp.,5
2017,3,91032,Bayer Corp.,6
2019,3,49807,National Association of Realtors,6
2020,2,49807,National Association of Realtors,6
2021,1,49807,National Association of Realtors,6
2012,4,54262,ConocoPhillips Co.,4
2013,3,54262,ConocoPhillips Co.,4
2014,2,54262,ConocoPhillips Co.,4
2015,1,54262,ConocoPhillips Co.,4
2015,4,54262,ConocoPhillips Co.,4
2016,3,54262,ConocoPhillips Co.,5
2017,2,54262,ConocoPhillips Co.,5
2018,1,54262,ConocoPhillips Co.,4
2018,4,54262,ConocoPhillips Co.,4
2019,3,54262,ConocoPhillips Co.,4
2020,2,54262,ConocoPhillips Co.,4
2021,1,54262,ConocoPhillips Co.,4
2021,4,54262,ConocoPhillips Co.,5
2022,3,54262,ConocoPhillips Co.,5
2023,2,54262,ConocoPhillips Co.,5
2024,1,54262,ConocoPhillips Co.,4
2024,4,57099,Business Roundtable Inc.,18
2020,4,61524,American Fuel & Petrochemical Manufacturers,8
2021,3,61524,American Fuel & Petrochemical Manufacturers,8
2022,2,61524,American Fuel & Petrochemical Manufacturers,8
2023,1,61524,American Fuel & Petrochemical Manufacturers,7
2023,4,61524,American Fuel & Petrochemical Manufacturers,7
2024,3,61524,American Fuel & Petrochemical Manufacturers,7
2010,3,68834,CVS Health,3
2011,2,68834,CVS Health,3
2012,1,68834,CVS Health,3
2012,4,68834,CVS Health,3
2013,3,68834,CVS Health,4
2014,2,68834,CVS Health,5
2015,1,68834,CVS Health,5
2015,4,68834,CVS Health,6
2016,3,68834,CVS Health,7
2017,2,68834,CVS Health,8
2018,1,68834,CVS Health,7
2018,4,68834,CVS Health,11
2019,3,68834,CVS Health,15
2020,2,68834,CVS Health,11
2021,1,68834,CVS Health,10
2023,4,70834,American Hospital Association,7
2024,3,70834,American Hospital Association,7
2010,1,82003,Google LLC,7
2010,4,87012,American Association for Justice,6
2011,3,87012,American Association for Justice,6
2012,2,87012,American Association for Justice,5
2013,1,87012,American Association for Justice,5
2013,4,87012,American Association for Justice,6
2014,3,87012,American Association for Justice,5
2015,2,87012,American Association for Justice,5
2016,1,87012,American Association for Justice,7
2016,4,87012,American Association for Justice,4
2017,3,87012,American Association for Justice,7
2018,2,87012,American Association for Justice,7
2019,1,87012,American Association for Justice,7
2019,4,87012,American Association for Justice,7
2020,3,87012,American Association for Justice,7
2021,2,87012,American Association for Justice,7
2022,1,87012,American Association for Justice,8
2010,3,87025,MasterCard Worldwide Inc.,10
2011,2,87025,MasterCard Worldwide Inc.,9
2012,1,87025,MasterCard Worldwide Inc.,9
2012,4,87025,MasterCard Worldwide Inc.,9
2013,3,87025,MasterCard Worldwide Inc.,8
2014,2,87025,MasterCard Worldwide Inc.,9
2015,1,87025,MasterCard Worldwide Inc.,9
2015,4,87025,MasterCard Worldwide Inc.,9
2016,3,87025,MasterCard Worldwide Inc.,8
2017,2,87025,MasterCard Worldwide Inc.,7
2018,1,87025,MasterCard Worldwide Inc.,7
2010,2,91032,Bayer Corp.,2
2011,1,91032,Bayer Corp.,2
2011,4,91032,Bayer Corp.,2
2012,3,91032,Bayer Corp.,2
2013,2,91032,Bayer Corp.,2
2014,1,91032,Bayer Corp.,5
2010,2,94694,Association of American Railroads,14
2011,1,94694,Association of American Railroads,12
2011,4,94694,Association of American Railroads,13
2012,3,94694,Association of American Railroads,15
2019,2,91032,Bayer Corp.,9
2020,1,91032,Bayer Corp.,7
2020,4,91032,Bayer Corp.,7
2021,3,91032,Bayer Corp.,7
2022,2,91032,Bayer Corp.,7
2023,1,91032,Bayer Corp.,7
2023,4,91032,Bayer Corp.,6
2024,3,91032,Bayer Corp.,6
2010,1,94694,Association of American Railroads,14
2010,4,94694,Association of American Railroads,11
2011,3,94694,Association of American Railroads,13
2012,2,94694,Association of American Railroads,14
2013,1,94694,Association of American Railroads,12
2013,4,94694,Association of American Railroads,11
2014,3,94694,Association of American Railroads,11
2015,2,94694,Association of American Railroads,10
2016,1,94694,Association of American Railroads,9
2010,1,144030,Altria Client Services LLC,21
2010,4,144030,Altria Client Services LLC,20
2011,3,144030,Altria Client Services LLC,24
2012,2,144030,Altria Client Services LLC,23
2013,1,144030,Altria Client Services LLC,21
2013,4,144030,Altria Client Services LLC,21
2014,3,144030,Altria Client Services LLC,21
2015,2,144030,Altria Client Services LLC,20
2016,1,144030,Altria Client Services LLC,21
2016,4,144030,Altria Client Services LLC,21
2017,3,144030,Altria Client Services LLC,24
2018,2,144030,Altria Client Services LLC,23
2019,1,144030,Altria Client Services LLC,24
2019,4,148229,Recording Industry Association of America,6
2020,3,148229,Recording Industry Association of America,6
2021,2,148229,Recording Industry Association of America,6
2022,1,148229,Recording Industry Association of America,6
2022,4,148229,Recording Industry Association of America,6
2023,3,148229,Recording Industry Association of America,7
2024,2,148229,Recording Industry Association of America,7
2013,4,149129,Walmart Inc.,14
2014,3,149129,Walmart Inc.,14
2015,2,149129,Walmart Inc.,13
2016,1,149129,Walmart Inc.,11
2016,4,149129,Walmart Inc.,13
2017,3,149129,Walmart Inc.,11
2018,2,149129,Walmart Inc.,11
2019,1,149129,Walmart Inc.,13
2019,4,149129,Walmart Inc.,12
2020,3,149129,Walmart Inc.,12
2021,2,149129,Walmart Inc.,11
2022,1,149129,Walmart Inc.,11
2010,1,150280,Sanofi U.S. Services Inc.,14
2010,4,150280,Sanofi U.S. Services Inc.,11
2011,3,150280,Sanofi U.S. Services Inc.,10
2012,2,150280,Sanofi U.S. Services Inc.,9
2013,1,150280,Sanofi U.S. Services Inc.,7
2013,4,150280,Sanofi U.S. Services Inc.,7
2014,3,150280,Sanofi U.S. Services Inc.,7
2015,2,150280,Sanofi U.S. Services Inc.,4
2016,1,150280,Sanofi U.S. Services Inc.,4
2012,4,154499,American Electric Power Co. Inc.,4
2013,3,154499,American Electric Power Co. Inc.,4
2014,2,154499,American Electric Power Co. Inc.,3
2015,1,154499,American Electric Power Co. Inc.,3
2015,4,154499,American Electric Power Co. Inc.,3
2016,3,154499,American Electric Power Co. Inc.,3
2017,2,154499,American Electric Power Co. Inc.,3
2018,1,154499,American Electric Power Co. Inc.,3
2018,4,154499,American Electric Power Co. Inc.,3
2019,3,154499,American Electric Power Co. Inc.,3
2020,2,154499,American Electric Power Co. Inc.,2
2021,1,154499,American Electric Power Co. Inc.,2
2012,4,159647,Meta Platforms Inc.,6
2013,3,159647,Meta Platforms Inc.,6
2014,2,159647,Meta Platforms Inc.,6
2015,1,159647,Meta Platforms Inc.,7
2015,4,159647,Meta Platforms Inc.,6
2016,3,159647,Meta Platforms Inc.,7
2017,2,159647,Meta Platforms Inc.,9
2018,1,159647,Meta Platforms Inc.,12
2018,3,96686,National Association of Broadcasters,12
2019,2,96686,National Association of Broadcasters,11
2020,1,96686,National Association of Broadcasters,11
2020,4,96686,National Association of Broadcasters,8
2021,3,96686,National Association of Broadcasters,9
2022,2,96686,National Association of Broadcasters,10
2023,1,96686,National Association of Broadcasters,11
2023,4,96686,National Association of Broadcasters,10
2024,3,96686,National Association of Broadcasters,11
2010,2,148229,Recording Industry Association of America,10
2011,1,148229,Recording Industry Association of America,9
2022,4,149129,Walmart Inc.,11
2023,3,149129,Walmart Inc.,12
2024,2,149129,Walmart Inc.,11
2011,4,150280,Sanofi U.S. Services Inc.,10
2012,3,150280,Sanofi U.S. Services Inc.,9
2013,2,150280,Sanofi U.S. Services Inc.,7
2014,1,150280,Sanofi U.S. Services Inc.,7
2014,4,150280,Sanofi U.S. Services Inc.,5
2015,3,150280,Sanofi U.S. Services Inc.,4
2016,2,150280,Sanofi U.S. Services Inc.,4
2017,1,150280,Sanofi U.S. Services Inc.,5
2017,4,150280,Sanofi U.S. Services Inc.,5
2018,3,150280,Sanofi U.S. Services Inc.,6
2019,2,150280,Sanofi U.S. Services Inc.,5
2020,1,150280,Sanofi U.S. Services Inc.,5
2010,2,154499,American Electric Power Co. Inc.,6
2011,1,154499,American Electric Power Co. Inc.,5
2011,4,154499,American Electric Power Co. Inc.,6
2012,3,154499,American Electric Power Co. Inc.,4
2013,2,154499,American Electric Power Co. Inc.,4
2014,1,154499,American Electric Power Co. Inc.,3
2014,4,154499,American Electric Power Co. Inc.,3
2015,3,154499,American Electric Power Co. Inc.,3
2016,2,154499,American Electric Power Co. Inc.,3
2017,1,154499,American Electric Power Co. Inc.,3
2017,4,154499,American Electric Power Co. Inc.,3
2018,3,154499,American Electric Power Co. Inc.,3
2019,2,154499,American Electric Power Co. Inc.,3
2020,1,154499,American Electric Power Co. Inc.,3
2013,4,155802,Dow Chemical Co.,8
2014,3,155802,Dow Chemical Co.,9
2015,2,155802,Dow Chemical Co.,8
2016,1,155802,Dow Chemical Co.,9
2016,4,155802,Dow Chemical Co.,8
2017,3,155802,Dow Chemical Co.,7
2018,2,155802,Dow Chemical Co.,7
2019,1,155802,Dow Chemical Co.,7
2019,4,155802,Dow Chemical Co.,6
2020,3,155802,Dow Chemical Co.,6
2021,2,155802,Dow Chemical Co.,8
2022,1,155802,Dow Chemical Co.,8
2022,4,155802,Dow Chemical Co.,8
2023,3,155802,Dow Chemical Co.,7
2024,2,155802,Dow Chemical Co.,6
2010,2,159647,Meta Platforms Inc.,1
2011,1,159647,Meta Platforms Inc.,3
2011,4,159647,Meta Platforms Inc.,4
2012,3,159647,Meta Platforms Inc.,6
2013,2,159647,Meta Platforms Inc.,6
2014,1,159647,Meta Platforms Inc.,6
2014,4,159647,Meta Platforms Inc.,6
2015,3,159647,Meta Platforms Inc.,6
2016,2,159647,Meta Platforms Inc.,7
2017,1,159647,Meta Platforms Inc.,9
2017,4,159647,Meta Platforms Inc.,12
2018,3,159647,Meta Platforms Inc.,13
2019,2,159647,Meta Platforms Inc.,17
2020,1,159647,Meta Platforms Inc.,23
2023,4,159844,Occidental Petroleum Corp.,5
2024,3,159844,Occidental Petroleum Corp.,6
2024,4,162689,Koch Cos. Public Sector LLC,8
2024,4,163650,PMI Global Services Inc.,7
2016,4,168488,Pfizer Inc.,15
2017,3,168488,Pfizer Inc.,16
2018,2,168488,Pfizer Inc.,16
2019,1,168488,Pfizer Inc.,19
2019,4,168488,Pfizer Inc.,19
2020,3,168488,Pfizer Inc.,19
2021,2,168488,Pfizer Inc.,18
2024,3,49807,National Association of Realtors,6
2020,4,54262,ConocoPhillips Co.,4
2021,3,54262,ConocoPhillips Co.,5
2022,2,54262,ConocoPhillips Co.,5
2023,1,54262,ConocoPhillips Co.,5
2023,4,54262,ConocoPhillips Co.,4
2024,3,54262,ConocoPhillips Co.,4
2010,3,57099,Business Roundtable Inc.,13
2011,2,57099,Business Roundtable Inc.,12
2012,1,57099,Business Roundtable Inc.,15
2012,4,61524,American Fuel & Petrochemical Manufacturers,3
2013,3,61524,American Fuel & Petrochemical Manufacturers,4
2014,2,61524,American Fuel & Petrochemical Manufacturers,4
2015,1,61524,American Fuel & Petrochemical Manufacturers,3
2015,4,61524,American Fuel & Petrochemical Manufacturers,5
2016,3,61524,American Fuel & Petrochemical Manufacturers,5
2017,2,61524,American Fuel & Petrochemical Manufacturers,8
2018,1,61524,American Fuel & Petrochemical Manufacturers,8
2018,4,61524,American Fuel & Petrochemical Manufacturers,9
2019,3,61524,American Fuel & Petrochemical Manufacturers,9
2020,2,61524,American Fuel & Petrochemical Manufacturers,8
2021,1,61524,American Fuel & Petrochemical Manufacturers,8
2021,4,61524,American Fuel & Petrochemical Manufacturers,8
2022,3,61524,American Fuel & Petrochemical Manufacturers,8
2023,2,61524,American Fuel & Petrochemical Manufacturers,7
2024,1,61524,American Fuel & Petrochemical Manufacturers,7
2017,4,68834,CVS Health,7
2018,3,68834,CVS Health,8
2019,2,68834,CVS Health,14
2020,1,68834,CVS Health,12
2020,4,68834,CVS Health,11
2021,3,68834,CVS Health,12
2022,2,68834,CVS Health,11
2023,1,68834,CVS Health,9
2023,4,68834,CVS Health,7
2024,3,68834,CVS Health,6
2010,2,70834,American Hospital Association,8
2011,1,70834,American Hospital Association,8
2010,3,82003,Google LLC,7
2011,2,82003,Google LLC,19
2012,1,82003,Google LLC,24
2012,4,82003,Google LLC,22
2013,3,82003,Google LLC,21
2014,2,82003,Google LLC,20
2015,1,82003,Google LLC,21
2015,4,82003,Google LLC,22
2016,3,82003,Google LLC,22
2017,2,82003,Google LLC,24
2018,1,82003,Google LLC,24
2010,2,87012,American Association for Justice,6
2011,1,87012,American Association for Justice,6
2011,4,87012,American Association for Justice,6
2012,3,87012,American Association for Justice,5
2013,2,87012,American Association for Justice,5
2014,1,87012,American Association for Justice,6
2010,1,87025,MasterCard Worldwide Inc.,10
2016,4,94694,Association of American Railroads,10
2017,3,94694,Association of American Railroads,9
2018,2,94694,Association of American Railroads,8
2019,1,94694,Association of American Railroads,9
2019,4,94694,Association of American Railroads,9
2020,3,94694,Association of American Railroads,7
2021,2,94694,Association of American Railroads,7
2022,1,94694,Association of American Railroads,7
2022,4,94694,Association of American Railroads,7
2023,3,94694,Association of American Railroads,6
2024,2,94694,Association of American Railroads,7
2010,3,96686,National Association of Broadcasters,15
2011,2,96686,National Association of Broadcasters,15
2012,1,96686,National Association of Broadcasters,15
2012,4,96686,National Association of Broadcasters,14
2013,3,96686,National Association of Broadcasters,14
2014,2,96686,National Association of Broadcasters,16
2015,1,96686,National Association of Broadcasters,16
2022,1,96686,National Association of Broadcasters,10
2022,4,96686,National Association of Broadcasters,10
2023,3,96686,National Association of Broadcasters,10
2024,2,96686,National Association of Broadcasters,11
2023,4,144030,Altria Client Services LLC,26
2024,3,144030,Altria Client Services LLC,27
2010,3,148229,Recording Industry Association of America,10
2011,2,148229,Recording Industry Association of America,9
2012,1,148229,Recording Industry Association of America,8
2012,4,148229,Recording Industry Association of America,7
2013,3,148229,Recording Industry Association of America,8
2014,2,148229,Recording Industry Association of America,8
2015,1,148229,Recording Industry Association of America,6
2020,4,150280,Sanofi U.S. Services Inc.,5
2021,3,150280,Sanofi U.S. Services Inc.,5
2022,2,150280,Sanofi U.S. Services Inc.,5
2023,1,150280,Sanofi U.S. Services Inc.,5
2023,4,150280,Sanofi U.S. Services Inc.,5
2024,3,150280,Sanofi U.S. Services Inc.,5
2010,3,155802,Dow Chemical Co.,9
2011,2,155802,Dow Chemical Co.,8
2012,1,155802,Dow Chemical Co.,7
2012,4,155802,Dow Chemical Co.,9
2013,3,155802,Dow Chemical Co.,8
2014,2,155802,Dow Chemical Co.,9
2015,1,155802,Dow Chemical Co.,8
2015,4,155802,Dow Chemical Co.,8
2016,3,155802,Dow Chemical Co.,9
2017,2,155802,Dow Chemical Co.,8
2018,1,155802,Dow Chemical Co.,7
2018,4,155802,Dow Chemical Co.,7
2019,3,155802,Dow Chemical Co.,6
2020,2,155802,Dow Chemical Co.,6
2021,1,155802,Dow Chemical Co.,6
2010,3,159844,Occidental Petroleum Corp.,2
2011,2,159844,Occidental Petroleum Corp.,2
2012,1,159844,Occidental Petroleum Corp.,2
2012,4,159844,Occidental Petroleum Corp.,2
2013,3,159844,Occidental Petroleum Corp.,2
2014,2,159844,Occidental Petroleum Corp.,2
2015,1,159844,Occidental Petroleum Corp.,2
2010,2,162689,Koch Cos. Public Sector LLC,8
2011,1,162689,Koch Cos. Public Sector LLC,7
2020,4,163650,PMI Global Services Inc.,7
2021,3,163650,PMI Global Services Inc.,8
2022,2,163650,PMI Global Services Inc.,9
2023,1,163650,PMI Global Services Inc.,7
2023,4,163650,PMI Global Services Inc.,7
2024,3,163650,PMI Global Services Inc.,7
2017,4,169381,Securities Industry and Financial Markets Association,10
2018,3,169381,Securities Industry and Financial Markets Association,11
2019,2,169381,Securities Industry and Financial Markets Association,9
2020,1,169381,Securities Industry and Financial Markets Association,8
2020,4,169381,Securities Industry and Financial Markets Association,9
2021,3,169381,Securities Industry and Financial Markets Association,10
2022,2,169381,Securities Industry and Financial Markets Association,8
2023,1,169381,Securities Industry and Financial Markets Association,7
2023,4,169381,Securities Industry and Financial Markets Association,7
2024,3,169381,Securities Industry and Financial Markets Association,7
2010,3,171727,"Satterwhite, Johnny Sr.",1
2011,2,171727,"Satterwhite, Johnny Sr.",1
2024,4,175545,National Association of Manufacturers,1
2013,4,177674,Visa Inc.,9
2014,3,177674,Visa Inc.,9
2015,2,177674,Visa Inc.,7
2016,1,177674,Visa Inc.,7
2016,4,177674,Visa Inc.,6
2017,3,177674,Visa Inc.,6
2018,2,177674,Visa Inc.,6
2019,1,177674,Visa Inc.,7
2019,4,177674,Visa Inc.,8
2020,3,177674,Visa Inc.,9
2021,2,177674,Visa Inc.,9
2022,1,177674,Visa Inc.,10
2022,4,177674,Visa Inc.,10
2018,4,144030,Altria Client Services LLC,24
2019,3,144030,Altria Client Services LLC,24
2020,2,144030,Altria Client Services LLC,22
2021,1,144030,Altria Client Services LLC,22
2021,4,144030,Altria Client Services LLC,22
2022,3,144030,Altria Client Services LLC,23
2023,2,144030,Altria Client Services LLC,25
2024,1,144030,Altria Client Services LLC,26
2024,4,144030,Altria Client Services LLC,26
2011,4,148229,Recording Industry Association of America,8
2012,3,148229,Recording Industry Association of America,7
2013,2,148229,Recording Industry Association of America,8
2014,1,148229,Recording Industry Association of America,8
2014,4,148229,Recording Industry Association of America,4
2015,3,148229,Recording Industry Association of America,6
2016,2,148229,Recording Industry Association of America,6
2017,1,148229,Recording Industry Association of America,6
2017,4,148229,Recording Industry Association of America,6
2018,3,148229,Recording Industry Association of America,6
2019,2,148229,Recording Industry Association of America,6
2020,1,148229,Recording Industry Association of America,6
2020,4,148229,Recording Industry Association of America,6
2021,3,148229,Recording Industry Association of America,6
2022,2,148229,Recording Industry Association of America,6
2023,1,148229,Recording Industry Association of America,7
2010,2,149129,Walmart Inc.,13
2011,1,149129,Walmart Inc.,12
2011,4,149129,Walmart Inc.,13
2012,3,149129,Walmart Inc.,11
2013,2,149129,Walmart Inc.,13
2014,1,149129,Walmart Inc.,15
2014,4,149129,Walmart Inc.,14
2015,3,149129,Walmart Inc.,12
2016,2,149129,Walmart Inc.,13
2017,1,149129,Walmart Inc.,11
2010,2,150280,Sanofi U.S. Services Inc.,13
2011,1,150280,Sanofi U.S. Services Inc.,12
2020,4,154499,American Electric Power Co. Inc.,2
2021,3,154499,American Electric Power Co. Inc.,2
2022,2,154499,American Electric Power Co. Inc.,2
2023,1,154499,American Electric Power Co. Inc.,2
2023,4,154499,American Electric Power Co. Inc.,4
2024,3,154499,American Electric Power Co. Inc.,5
2010,1,155802,Dow Chemical Co.,8
2010,4,155802,Dow Chemical Co.,9
2011,3,155802,Dow Chemical Co.,8
2012,2,155802,Dow Chemical Co.,8
2013,1,155802,Dow Chemical Co.,8
2020,4,159647,Meta Platforms Inc.,24
2021,3,159647,Meta Platforms Inc.,25
2022,2,159647,Meta Platforms Inc.,26
2023,1,159647,Meta Platforms Inc.,23
2023,4,159647,Meta Platforms Inc.,22
2024,3,159647,Meta Platforms Inc.,20
2011,4,159844,Occidental Petroleum Corp.,2
2012,3,159844,Occidental Petroleum Corp.,2
2013,2,159844,Occidental Petroleum Corp.,2
2014,1,159844,Occidental Petroleum Corp.,2
2014,4,159844,Occidental Petroleum Corp.,2
2015,3,159844,Occidental Petroleum Corp.,2
2016,2,159844,Occidental Petroleum Corp.,4
2017,1,159844,Occidental Petroleum Corp.,3
2017,4,159844,Occidental Petroleum Corp.,4
2018,3,159844,Occidental Petroleum Corp.,4
2019,2,159844,Occidental Petroleum Corp.,4
2020,1,159844,Occidental Petroleum Corp.,3
2020,4,159844,Occidental Petroleum Corp.,3
2021,3,159844,Occidental Petroleum Corp.,4
2022,2,159844,Occidental Petroleum Corp.,4
2023,1,159844,Occidental Petroleum Corp.,5
2010,1,162689,Koch Cos. Public Sector LLC,8
2010,4,162689,Koch Cos. Public Sector LLC,6
2011,3,162689,Koch Cos. Public Sector LLC,8
2012,2,162689,Koch Cos. Public Sector LLC,8
2013,1,162689,Koch Cos. Public Sector LLC,8
2023,1,70834,American Hospital Association,7
2010,4,82003,Google LLC,6
2011,3,82003,Google LLC,22
2012,2,82003,Google LLC,23
2013,1,82003,Google LLC,21
2013,4,82003,Google LLC,21
2014,3,82003,Google LLC,20
2015,2,82003,Google LLC,21
2016,1,82003,Google LLC,22
2016,4,82003,Google LLC,21
2017,3,82003,Google LLC,24
2018,2,82003,Google LLC,25
2019,1,82003,Google LLC,25
2019,4,82003,Google LLC,17
2020,3,82003,Google LLC,10
2021,2,82003,Google LLC,5
2022,1,82003,Google LLC,4
2010,1,87012,American Association for Justice,6
2018,4,87025,MasterCard Worldwide Inc.,6
2019,3,87025,MasterCard Worldwide Inc.,7
2020,2,87025,MasterCard Worldwide Inc.,7
2021,1,87025,MasterCard Worldwide Inc.,8
2021,4,87025,MasterCard Worldwide Inc.,9
2022,3,87025,MasterCard Worldwide Inc.,9
2023,2,87025,MasterCard Worldwide Inc.,7
2024,1,87025,MasterCard Worldwide Inc.,7
2024,4,87025,MasterCard Worldwide Inc.,9
2022,4,91032,Bayer Corp.,8
2023,3,91032,Bayer Corp.,7
2024,2,91032,Bayer Corp.,6
2021,4,96686,National Association of Broadcasters,10
2022,3,96686,National Association of Broadcasters,10
2023,2,96686,National Association of Broadcasters,10
2024,1,96686,National Association of Broadcasters,10
2024,4,96686,National Association of Broadcasters,6
2010,2,144030,Altria Client Services LLC,21
2011,1,144030,Altria Client Services LLC,22
2018,4,149129,Walmart Inc.,13
2019,3,149129,Walmart Inc.,12
2020,2,149129,Walmart Inc.,12
2021,1,149129,Walmart Inc.,11
2021,4,149129,Walmart Inc.,11
2022,3,149129,Walmart Inc.,11
2023,2,149129,Walmart Inc.,12
2024,1,149129,Walmart Inc.,12
2024,4,149129,Walmart Inc.,13
2015,4,150280,Sanofi U.S. Services Inc.,4
2016,3,150280,Sanofi U.S. Services Inc.,5
2017,2,150280,Sanofi U.S. Services Inc.,5
2018,1,150280,Sanofi U.S. Services Inc.,6
2018,4,150280,Sanofi U.S. Services Inc.,4
2019,3,150280,Sanofi U.S. Services Inc.,5
2020,2,150280,Sanofi U.S. Services Inc.,5
2021,1,150280,Sanofi U.S. Services Inc.,5
2021,4,150280,Sanofi U.S. Services Inc.,5
2022,3,150280,Sanofi U.S. Services Inc.,5
2023,2,150280,Sanofi U.S. Services Inc.,5
2024,1,150280,Sanofi U.S. Services Inc.,5
2010,1,154499,American Electric Power Co. Inc.,6
2010,4,154499,American Electric Power Co. Inc.,6
2011,3,154499,American Electric Power Co. Inc.,6
2012,2,154499,American Electric Power Co. Inc.,4
2013,1,154499,American Electric Power Co. Inc.,4
2013,4,154499,American Electric Power Co. Inc.,4
2014,3,154499,American Electric Power Co. Inc.,3
2015,2,154499,American Electric Power Co. Inc.,3
2016,1,154499,American Electric Power Co. Inc.,3
2017,4,155802,Dow Chemical Co.,7
2018,3,155802,Dow Chemical Co.,7
2019,2,155802,Dow Chemical Co.,6
2020,1,155802,Dow Chemical Co.,6
2020,4,155802,Dow Chemical Co.,6
2021,3,155802,Dow Chemical Co.,8
2022,2,155802,Dow Chemical Co.,8
2023,1,155802,Dow Chemical Co.,7
2023,4,155802,Dow Chemical Co.,7
2024,3,155802,Dow Chemical Co.,6
2010,1,159647,Meta Platforms Inc.,1
2010,4,159647,Meta Platforms Inc.,1
2011,3,159647,Meta Platforms Inc.,4
2012,2,159647,Meta Platforms Inc.,5
2013,1,159647,Meta Platforms Inc.,6
2013,4,159647,Meta Platforms Inc.,6
2014,3,159647,Meta Platforms Inc.,6
2015,2,159647,Meta Platforms Inc.,6
2016,1,159647,Meta Platforms Inc.,7
2018,2,91032,Bayer Corp.,7
2019,1,91032,Bayer Corp.,10
2019,4,91032,Bayer Corp.,7
2020,3,91032,Bayer Corp.,7
2021,2,91032,Bayer Corp.,7
2022,1,91032,Bayer Corp.,7
2010,3,94694,Association of American Railroads,14
2011,2,94694,Association of American Railroads,13
2012,1,94694,Association of American Railroads,14
2010,3,144030,Altria Client Services LLC,21
2011,2,144030,Altria Client Services LLC,23
2012,1,144030,Altria Client Services LLC,23
2012,4,144030,Altria Client Services LLC,22
2013,3,144030,Altria Client Services LLC,21
2014,2,144030,Altria Client Services LLC,20
2015,1,144030,Altria Client Services LLC,20
2023,4,148229,Recording Industry Association of America,7
2024,3,148229,Recording Industry Association of America,7
2017,4,149129,Walmart Inc.,10
2018,3,149129,Walmart Inc.,12
2019,2,149129,Walmart Inc.,13
2020,1,149129,Walmart Inc.,12
2020,4,149129,Walmart Inc.,10
2021,3,149129,Walmart Inc.,11
2022,2,149129,Walmart Inc.,11
2023,1,149129,Walmart Inc.,11
2023,4,149129,Walmart Inc.,12
2024,3,149129,Walmart Inc.,11
2010,3,150280,Sanofi U.S. Services Inc.,12
2011,2,150280,Sanofi U.S. Services Inc.,10
2012,1,150280,Sanofi U.S. Services Inc.,9
2012,4,150280,Sanofi U.S. Services Inc.,8
2013,3,150280,Sanofi U.S. Services Inc.,7
2014,2,150280,Sanofi U.S. Services Inc.,7
2015,1,150280,Sanofi U.S. Services Inc.,4
2016,4,154499,American Electric Power Co. Inc.,3
2017,3,154499,American Electric Power Co. Inc.,3
2018,2,154499,American Electric Power Co. Inc.,3
2019,1,154499,American Electric Power Co. Inc.,3
2019,4,154499,American Electric Power Co. Inc.,3
2020,3,154499,American Electric Power Co. Inc.,2
2021,2,154499,American Electric Power Co. Inc.,2
2022,1,154499,American Electric Power Co. Inc.,2
2022,4,154499,American Electric Power Co. Inc.,2
2023,3,154499,American Electric Power Co. Inc.,4
2024,2,154499,American Electric Power Co. Inc.,4
2021,4,155802,Dow Chemical Co.,8
2022,3,155802,Dow Chemical Co.,8
2023,2,155802,Dow Chemical Co.,7
2024,1,155802,Dow Chemical Co.,6
2024,4,155802,Dow Chemical Co.,6
2016,4,159647,Meta Platforms Inc.,7
2017,3,159647,Meta Platforms Inc.,9
2018,2,159647,Meta Platforms Inc.,12
2019,1,159647,Meta Platforms Inc.,16
2019,4,159647,Meta Platforms Inc.,24
2020,3,159647,Meta Platforms Inc.,24
2021,2,159647,Meta Platforms Inc.,24
2022,1,159647,Meta Platforms Inc.,26
2022,4,159647,Meta Platforms Inc.,24
2023,3,159647,Meta Platforms Inc.,22
2024,2,159647,Meta Platforms Inc.,20
2015,4,159844,Occidental Petroleum Corp.,3
2016,3,159844,Occidental Petroleum Corp.,3
2017,2,159844,Occidental Petroleum Corp.,4
2018,1,159844,Occidental Petroleum Corp.,4
2018,4,159844,Occidental Petroleum Corp.,4
2019,3,159844,Occidental Petroleum Corp.,4
2020,2,159844,Occidental Petroleum Corp.,3
2021,1,159844,Occidental Petroleum Corp.,3
2021,4,159844,Occidental Petroleum Corp.,5
2022,3,159844,Occidental Petroleum Corp.,5
2023,2,159844,Occidental Petroleum Corp.,5
2024,1,159844,Occidental Petroleum Corp.,5
2024,4,159844,Occidental Petroleum Corp.,6
2016,4,162689,Koch Cos. Public Sector LLC,8
2017,3,162689,Koch Cos. Public Sector LLC,10
2018,2,162689,Koch Cos. Public Sector LLC,10
2019,1,162689,Koch Cos. Public Sector LLC,10
2019,4,162689,Koch Cos. Public Sector LLC,9
2020,3,162689,Koch Cos. Public Sector LLC,9
2018,4,159647,Meta Platforms Inc.,15
2019,3,159647,Meta Platforms Inc.,20
2020,2,159647,Meta Platforms Inc.,22
2021,1,159647,Meta Platforms Inc.,23
2021,4,159647,Meta Platforms Inc.,25
2022,3,159647,Meta Platforms Inc.,25
2023,2,159647,Meta Platforms Inc.,23
2024,1,159647,Meta Platforms Inc.,20
2019,4,159844,Occidental Petroleum Corp.,4
2020,3,159844,Occidental Petroleum Corp.,3
2021,2,159844,Occidental Petroleum Corp.,4
2022,1,159844,Occidental Petroleum Corp.,4
2022,4,159844,Occidental Petroleum Corp.,5
2023,3,159844,Occidental Petroleum Corp.,5
2024,2,159844,Occidental Petroleum Corp.,6
2015,4,162689,Koch Cos. Public Sector LLC,11
2016,3,162689,Koch Cos. Public Sector LLC,8
2017,2,162689,Koch Cos. Public Sector LLC,8
2018,1,162689,Koch Cos. Public Sector LLC,10
2018,4,162689,Koch Cos. Public Sector LLC,10
2019,3,162689,Koch Cos. Public Sector LLC,9
2020,2,162689,Koch Cos. Public Sector LLC,9
2021,1,162689,Koch Cos. Public Sector LLC,9
2021,4,162689,Koch Cos. Public Sector LLC,10
2022,3,162689,Koch Cos. Public Sector LLC,10
2023,2,162689,Koch Cos. Public Sector LLC,10
2024,1,162689,Koch Cos. Public Sector LLC,9
2010,1,163650,PMI Global Services Inc.,5
2010,4,163650,PMI Global Services Inc.,5
2011,3,163650,PMI Global Services Inc.,7
2012,2,163650,PMI Global Services Inc.,7
2013,1,163650,PMI Global Services Inc.,9
2013,4,163650,PMI Global Services Inc.,7
2014,3,163650,PMI Global Services Inc.,7
2015,2,163650,PMI Global Services Inc.,4
2016,1,163650,PMI Global Services Inc.,5
2012,4,168488,Pfizer Inc.,14
2013,3,168488,Pfizer Inc.,14
2014,2,168488,Pfizer Inc.,15
2015,1,168488,Pfizer Inc.,14
2015,4,168488,Pfizer Inc.,15
2016,3,168488,Pfizer Inc.,15
2017,2,168488,Pfizer Inc.,16
2018,1,168488,Pfizer Inc.,16
2018,4,168488,Pfizer Inc.,16
2019,3,168488,Pfizer Inc.,19
2020,2,168488,Pfizer Inc.,19
2021,1,168488,Pfizer Inc.,17
2021,4,168488,Pfizer Inc.,19
2022,3,168488,Pfizer Inc.,20
2023,2,168488,Pfizer Inc.,19
2024,1,168488,Pfizer Inc.,14
2013,4,169151,Toyota Motor North America Inc.,8
2014,3,169151,Toyota Motor North America Inc.,8
2015,2,169151,Toyota Motor North America Inc.,8
2016,1,169151,Toyota Motor North America Inc.,6
2016,4,169151,Toyota Motor North America Inc.,7
2017,3,169151,Toyota Motor North America Inc.,7
2018,2,169151,Toyota Motor North America Inc.,6
2019,1,169151,Toyota Motor North America Inc.,6
2019,4,169151,Toyota Motor North America Inc.,6
2020,3,169151,Toyota Motor North America Inc.,6
2021,2,169151,Toyota Motor North America Inc.,6
2022,1,169151,Toyota Motor North America Inc.,6
2022,4,169151,Toyota Motor North America Inc.,5
2023,3,169151,Toyota Motor North America Inc.,5
2024,2,169151,Toyota Motor North America Inc.,5
2010,1,169381,Securities Industry and Financial Markets Association,11
2010,4,169381,Securities Industry and Financial Markets Association,10
2011,3,169381,Securities Industry and Financial Markets Association,10
2012,2,169381,Securities Industry and Financial Markets Association,10
2013,1,169381,Securities Industry and Financial Markets Association,9
2011,4,175545,National Association of Manufacturers,1
2012,3,175545,National Association of Manufacturers,1
2013,2,175545,National Association of Manufacturers,2
2014,1,175545,National Association of Manufacturers,1
2013,2,94694,Association of American Railroads,11
2014,1,94694,Association of American Railroads,11
2014,4,94694,Association of American Railroads,11
2015,3,94694,Association of American Railroads,10
2016,2,94694,Association of American Railroads,10
2017,1,94694,Association of American Railroads,10
2017,4,94694,Association of American Railroads,9
2018,3,94694,Association of American Railroads,8
2019,2,94694,Association of American Railroads,9
2020,1,94694,Association of American Railroads,8
2010,1,96686,National Association of Broadcasters,14
2010,4,96686,National Association of Broadcasters,15
2011,3,96686,National Association of Broadcasters,15
2012,2,96686,National Association of Broadcasters,14
2013,1,96686,National Association of Broadcasters,14
2011,4,144030,Altria Client Services LLC,23
2012,3,144030,Altria Client Services LLC,23
2013,2,144030,Altria Client Services LLC,21
2014,1,144030,Altria Client Services LLC,20
2014,4,144030,Altria Client Services LLC,19
2015,3,144030,Altria Client Services LLC,20
2016,2,144030,Altria Client Services LLC,22
2017,1,144030,Altria Client Services LLC,21
2017,4,144030,Altria Client Services LLC,25
2018,3,144030,Altria Client Services LLC,24
2019,2,144030,Altria Client Services LLC,24
2020,1,144030,Altria Client Services LLC,23
2020,4,144030,Altria Client Services LLC,21
2021,3,144030,Altria Client Services LLC,22
2022,2,144030,Altria Client Services LLC,22
2023,1,144030,Altria Client Services LLC,25
2015,4,148229,Recording Industry Association of America,6
2016,3,148229,Recording Industry Association of America,6
2017,2,148229,Recording Industry Association of America,6
2018,1,148229,Recording Industry Association of America,6
2018,4,148229,Recording Industry Association of America,6
2019,3,148229,Recording Industry Association of America,6
2020,2,148229,Recording Industry Association of America,6
2021,1,148229,Recording Industry Association of America,6
2021,4,148229,Recording Industry Association of America,6
2022,3,148229,Recording Industry Association of America,6
2023,2,148229,Recording Industry Association of America,7
2024,1,148229,Recording Industry Association of America,7
2024,4,148229,Recording Industry Association of America,9
2010,3,149129,Walmart Inc.,13
2011,2,149129,Walmart Inc.,11
2012,1,149129,Walmart Inc.,11
2012,4,149129,Walmart Inc.,11
2013,3,149129,Walmart Inc.,13
2014,2,149129,Walmart Inc.,14
2015,1,149129,Walmart Inc.,13
2015,4,149129,Walmart Inc.,12
2016,3,149129,Walmart Inc.,13
2017,2,149129,Walmart Inc.,11
2018,1,149129,Walmart Inc.,11
2024,4,150280,Sanofi U.S. Services Inc.,5
2021,4,154499,American Electric Power Co. Inc.,2
2022,3,154499,American Electric Power Co. Inc.,2
2023,2,154499,American Electric Power Co. Inc.,4
2024,1,154499,American Electric Power Co. Inc.,4
2024,4,154499,American Electric Power Co. Inc.,5
2024,4,159647,Meta Platforms Inc.,20
2010,1,159844,Occidental Petroleum Corp.,2
2010,4,159844,Occidental Petroleum Corp.,2
2011,3,159844,Occidental Petroleum Corp.,2
2012,2,159844,Occidental Petroleum Corp.,2
2013,1,159844,Occidental Petroleum Corp.,2
2013,4,159844,Occidental Petroleum Corp.,2
2014,3,159844,Occidental Petroleum Corp.,2
2015,2,159844,Occidental Petroleum Corp.,2
2016,1,159844,Occidental Petroleum Corp.,4
2016,4,159844,Occidental Petroleum Corp.,3
2022,1,168488,Pfizer Inc.,19
2022,4,168488,Pfizer Inc.,20
2023,3,168488,Pfizer Inc.,20
2024,2,168488,Pfizer Inc.,13
2010,3,169151,Toyota Motor North America Inc.,11
2011,2,169151,Toyota Motor North America Inc.,9
2012,1,169151,Toyota Motor North America Inc.,9
2012,4,169151,Toyota Motor North America Inc.,6
2013,3,169151,Toyota Motor North America Inc.,8
2014,2,169151,Toyota Motor North America Inc.,8
2015,1,169151,Toyota Motor North America Inc.,8
2015,4,169151,Toyota Motor North America Inc.,7
2016,3,169151,Toyota Motor North America Inc.,6
2017,2,169151,Toyota Motor North America Inc.,7
2018,1,169151,Toyota Motor North America Inc.,5
2018,4,169151,Toyota Motor North America Inc.,6
2019,3,169151,Toyota Motor North America Inc.,6
2020,2,169151,Toyota Motor North America Inc.,6
2021,1,169151,Toyota Motor North America Inc.,6
2013,4,169381,Securities Industry and Financial Markets Association,8
2014,3,169381,Securities Industry and Financial Markets Association,9
2015,2,169381,Securities Industry and Financial Markets Association,8
2016,1,169381,Securities Industry and Financial Markets Association,9
2016,4,169381,Securities Industry and Financial Markets Association,10
2017,3,169381,Securities Industry and Financial Markets Association,11
2018,2,169381,Securities Industry and Financial Markets Association,11
2019,1,169381,Securities Industry and Financial Markets Association,8
2019,4,169381,Securities Industry and Financial Markets Association,8
2020,3,169381,Securities Industry and Financial Markets Association,9
2021,2,169381,Securities Industry and Financial Markets Association,9
2022,1,169381,Securities Industry and Financial Markets Association,9
2022,4,169381,Securities Industry and Financial Markets Association,7
2023,3,169381,Securities Industry and Financial Markets Association,7
2024,2,169381,Securities Industry and Financial Markets Association,7
2020,4,175545,National Association of Manufacturers,1
2021,3,175545,National Association of Manufacturers,2
2022,2,175545,National Association of Manufacturers,2
2023,1,175545,National Association of Manufacturers,1
2023,4,175545,National Association of Manufacturers,1
2024,3,175545,National Association of Manufacturers,1
2022,4,177673,Wells Fargo & Co.,9
2023,3,177673,Wells Fargo & Co.,9
2024,2,177673,Wells Fargo & Co.,9
2017,4,177674,Visa Inc.,7
2018,3,177674,Visa Inc.,7
2019,2,177674,Visa Inc.,8
2020,1,177674,Visa Inc.,9
2020,4,177674,Visa Inc.,9
2021,3,177674,Visa Inc.,10
2022,2,177674,Visa Inc.,10
2023,1,177674,Visa Inc.,10
2023,4,177674,Visa Inc.,11
2024,3,177674,Visa Inc.,12
2018,4,200189,Coca-Cola Co.,8
2019,3,200189,Coca-Cola Co.,8
2020,2,200189,Coca-Cola Co.,7
2021,1,200189,Coca-Cola Co.,7
2021,4,200189,Coca-Cola Co.,7
2022,3,200189,Coca-Cola Co.,8
2023,2,200189,Coca-Cola Co.,8
2024,1,200189,Coca-Cola Co.,8
2024,4,200189,Coca-Cola Co.,6
2015,4,200389,Investment Company Institute,17
2016,3,200389,Investment Company Institute,16
2017,2,200389,Investment Company Institute,15
2018,1,200389,Investment Company Institute,13
2018,4,200389,Investment Company Institute,13
2019,3,200389,Investment Company Institute,14
2020,2,200389,Investment Company Institute,14
2021,1,200389,Investment Company Institute,14
2021,4,200389,Investment Company Institute,15
2022,3,200389,Investment Company Institute,12
2015,4,96686,National Association of Broadcasters,19
2016,3,96686,National Association of Broadcasters,16
2017,2,96686,National Association of Broadcasters,16
2018,1,96686,National Association of Broadcasters,13
2018,4,96686,National Association of Broadcasters,12
2019,3,96686,National Association of Broadcasters,11
2020,2,96686,National Association of Broadcasters,9
2021,1,96686,National Association of Broadcasters,8
2019,4,144030,Altria Client Services LLC,23
2020,3,144030,Altria Client Services LLC,23
2021,2,144030,Altria Client Services LLC,22
2022,1,144030,Altria Client Services LLC,22
2022,4,144030,Altria Client Services LLC,23
2023,3,144030,Altria Client Services LLC,26
2024,2,144030,Altria Client Services LLC,26
2010,1,148229,Recording Industry Association of America,12
2010,4,148229,Recording Industry Association of America,10
2011,3,148229,Recording Industry Association of America,8
2012,2,148229,Recording Industry Association of America,8
2013,1,148229,Recording Industry Association of America,6
2013,4,148229,Recording Industry Association of America,8
2014,3,148229,Recording Industry Association of America,7
2015,2,148229,Recording Industry Association of America,6
2016,1,148229,Recording Industry Association of America,6
2016,4,148229,Recording Industry Association of America,6
2017,3,148229,Recording Industry Association of America,6
2018,2,148229,Recording Industry Association of America,6
2019,1,148229,Recording Industry Association of America,6
2010,1,149129,Walmart Inc.,12
2010,4,149129,Walmart Inc.,13
2011,3,149129,Walmart Inc.,13
2012,2,149129,Walmart Inc.,11
2013,1,149129,Walmart Inc.,11
2016,4,150280,Sanofi U.S. Services Inc.,5
2017,3,150280,Sanofi U.S. Services Inc.,4
2018,2,150280,Sanofi U.S. Services Inc.,6
2019,1,150280,Sanofi U.S. Services Inc.,5
2019,4,150280,Sanofi U.S. Services Inc.,5
2020,3,150280,Sanofi U.S. Services Inc.,5
2021,2,150280,Sanofi U.S. Services Inc.,5
2022,1,150280,Sanofi U.S. Services Inc.,5
2022,4,150280,Sanofi U.S. Services Inc.,5
2023,3,150280,Sanofi U.S. Services Inc.,5
2024,2,150280,Sanofi U.S. Services Inc.,5
2010,3,154499,American Electric Power Co. Inc.,6
2011,2,154499,American Electric Power Co. Inc.,6
2012,1,154499,American Electric Power Co. Inc.,4
2010,2,155802,Dow Chemical Co.,8
2011,1,155802,Dow Chemical Co.,8
2011,4,155802,Dow Chemical Co.,7
2012,3,155802,Dow Chemical Co.,9
2013,2,155802,Dow Chemical Co.,7
2014,1,155802,Dow Chemical Co.,8
2014,4,155802,Dow Chemical Co.,7
2015,3,155802,Dow Chemical Co.,8
2016,2,155802,Dow Chemical Co.,9
2017,1,155802,Dow Chemical Co.,8
2010,3,159647,Meta Platforms Inc.,1
2011,2,159647,Meta Platforms Inc.,4
2012,1,159647,Meta Platforms Inc.,6
2010,2,159844,Occidental Petroleum Corp.,2
2011,1,159844,Occidental Petroleum Corp.,2
2010,3,162689,Koch Cos. Public Sector LLC,7
2011,2,162689,Koch Cos. Public Sector LLC,7
2012,1,162689,Koch Cos. Public Sector LLC,8
2012,4,162689,Koch Cos. Public Sector LLC,8
2013,3,162689,Koch Cos. Public Sector LLC,9
2014,2,162689,Koch Cos. Public Sector LLC,12
2015,1,162689,Koch Cos. Public Sector LLC,11
2016,4,163650,PMI Global Services Inc.,6
2017,3,163650,PMI Global Services Inc.,6
2018,2,163650,PMI Global Services Inc.,7
2019,1,163650,PMI Global Services Inc.,9
2019,4,163650,PMI Global Services Inc.,9
2013,4,162689,Koch Cos. Public Sector LLC,9
2014,3,162689,Koch Cos. Public Sector LLC,12
2015,2,162689,Koch Cos. Public Sector LLC,11
2016,1,162689,Koch Cos. Public Sector LLC,10
2015,4,163650,PMI Global Services Inc.,5
2016,3,163650,PMI Global Services Inc.,6
2017,2,163650,PMI Global Services Inc.,6
2018,1,163650,PMI Global Services Inc.,6
2018,4,163650,PMI Global Services Inc.,8
2019,3,163650,PMI Global Services Inc.,8
2020,2,163650,PMI Global Services Inc.,9
2021,1,163650,PMI Global Services Inc.,8
2021,4,163650,PMI Global Services Inc.,7
2022,3,163650,PMI Global Services Inc.,9
2023,2,163650,PMI Global Services Inc.,7
2024,1,163650,PMI Global Services Inc.,6
2010,1,168488,Pfizer Inc.,17
2010,4,168488,Pfizer Inc.,14
2011,3,168488,Pfizer Inc.,15
2012,2,168488,Pfizer Inc.,13
2013,1,168488,Pfizer Inc.,14
2013,4,168488,Pfizer Inc.,14
2014,3,168488,Pfizer Inc.,15
2015,2,168488,Pfizer Inc.,14
2016,1,168488,Pfizer Inc.,17
2021,4,169151,Toyota Motor North America Inc.,6
2022,3,169151,Toyota Motor North America Inc.,5
2023,2,169151,Toyota Motor North America Inc.,5
2024,1,169151,Toyota Motor North America Inc.,5
2024,4,169151,Toyota Motor North America Inc.,5
2010,3,175545,National Association of Manufacturers,1
2011,2,175545,National Association of Manufacturers,1
2012,1,175545,National Association of Manufacturers,1
2010,2,177673,Wells Fargo & Co.,4
2011,1,177673,Wells Fargo & Co.,6
2011,4,177673,Wells Fargo & Co.,4
2012,3,177673,Wells Fargo & Co.,4
2013,2,177673,Wells Fargo & Co.,4
2014,1,177673,Wells Fargo & Co.,4
2010,2,177674,Visa Inc.,12
2011,1,177674,Visa Inc.,14
2011,4,177674,Visa Inc.,14
2012,3,177674,Visa Inc.,14
2013,2,177674,Visa Inc.,11
2014,1,177674,Visa Inc.,9
2014,4,177674,Visa Inc.,8
2015,3,177674,Visa Inc.,7
2016,2,177674,Visa Inc.,6
2017,1,177674,Visa Inc.,6
2010,1,200189,Coca-Cola Co.,8
2016,4,201566,American Bankers Association,10
2017,3,201566,American Bankers Association,11
2018,2,201566,American Bankers Association,12
2019,1,201566,American Bankers Association,11
2019,4,201566,American Bankers Association,10
2020,3,201566,American Bankers Association,14
2021,2,201566,American Bankers Association,10
2022,1,201566,American Bankers Association,10
2022,4,201566,American Bankers Association,10
2023,3,201566,American Bankers Association,11
2024,2,201566,American Bankers Association,10
2010,3,201568,NextEra Energy Inc.,9
2011,2,201568,NextEra Energy Inc.,9
2012,1,201568,NextEra Energy Inc.,10
2012,4,201568,NextEra Energy Inc.,10
2013,3,201568,NextEra Energy Inc.,9
2014,2,201568,NextEra Energy Inc.,8
2015,1,201568,NextEra Energy Inc.,10
2015,4,201568,NextEra Energy Inc.,7
2016,3,201568,NextEra Energy Inc.,12
2017,2,201568,NextEra Energy Inc.,12
2018,1,201568,NextEra Energy Inc.,8
2010,1,202983,Honeywell International Inc.,14
2010,4,202983,Honeywell International Inc.,15
2011,3,202983,Honeywell International Inc.,11
2012,2,202983,Honeywell International Inc.,11
2013,1,202983,Honeywell International Inc.,11
2013,4,202983,Honeywell International Inc.,11
2014,3,202983,Honeywell International Inc.,9
2015,2,202983,Honeywell International Inc.,9
2016,1,202983,Honeywell International Inc.,8
2016,4,202983,Honeywell International Inc.,8
2017,3,202983,Honeywell International Inc.,8
2021,2,162689,Koch Cos. Public Sector LLC,10
2022,1,162689,Koch Cos. Public Sector LLC,10
2022,4,162689,Koch Cos. Public Sector LLC,10
2023,3,162689,Koch Cos. Public Sector LLC,10
2024,2,162689,Koch Cos. Public Sector LLC,8
2010,3,163650,PMI Global Services Inc.,6
2011,2,163650,PMI Global Services Inc.,6
2012,1,163650,PMI Global Services Inc.,6
2012,4,163650,PMI Global Services Inc.,7
2013,3,163650,PMI Global Services Inc.,8
2014,2,163650,PMI Global Services Inc.,6
2015,1,163650,PMI Global Services Inc.,5
2010,2,168488,Pfizer Inc.,15
2011,1,168488,Pfizer Inc.,14
2011,4,168488,Pfizer Inc.,15
2012,3,168488,Pfizer Inc.,14
2013,2,168488,Pfizer Inc.,14
2014,1,168488,Pfizer Inc.,15
2014,4,168488,Pfizer Inc.,14
2015,3,168488,Pfizer Inc.,14
2016,2,168488,Pfizer Inc.,16
2017,1,168488,Pfizer Inc.,16
2017,4,168488,Pfizer Inc.,16
2018,3,168488,Pfizer Inc.,15
2019,2,168488,Pfizer Inc.,18
2020,1,168488,Pfizer Inc.,20
2017,4,169151,Toyota Motor North America Inc.,7
2018,3,169151,Toyota Motor North America Inc.,6
2019,2,169151,Toyota Motor North America Inc.,6
2020,1,169151,Toyota Motor North America Inc.,6
2020,4,169151,Toyota Motor North America Inc.,7
2021,3,169151,Toyota Motor North America Inc.,6
2022,2,169151,Toyota Motor North America Inc.,6
2023,1,169151,Toyota Motor North America Inc.,5
2023,4,169151,Toyota Motor North America Inc.,5
2024,3,169151,Toyota Motor North America Inc.,5
2010,2,169381,Securities Industry and Financial Markets Association,11
2011,1,169381,Securities Industry and Financial Markets Association,10
2011,4,169381,Securities Industry and Financial Markets Association,10
2012,3,169381,Securities Industry and Financial Markets Association,9
2013,2,169381,Securities Industry and Financial Markets Association,8
2014,1,169381,Securities Industry and Financial Markets Association,8
2014,4,169381,Securities Industry and Financial Markets Association,8
2015,3,169381,Securities Industry and Financial Markets Association,8
2016,2,169381,Securities Industry and Financial Markets Association,9
2017,1,169381,Securities Industry and Financial Markets Association,11
2012,4,175545,National Association of Manufacturers,1
2013,3,175545,National Association of Manufacturers,2
2014,2,175545,National Association of Manufacturers,3
2015,1,175545,National Association of Manufacturers,3
2015,4,175545,National Association of Manufacturers,4
2016,3,175545,National Association of Manufacturers,2
2017,2,175545,National Association of Manufacturers,2
2018,1,175545,National Association of Manufacturers,2
2018,4,175545,National Association of Manufacturers,2
2019,3,175545,National Association of Manufacturers,2
2020,2,175545,National Association of Manufacturers,1
2021,1,175545,National Association of Manufacturers,1
2021,4,175545,National Association of Manufacturers,2
2022,3,175545,National Association of Manufacturers,2
2023,2,175545,National Association of Manufacturers,1
2024,1,175545,National Association of Manufacturers,2
2014,4,177673,Wells Fargo & Co.,4
2015,3,177673,Wells Fargo & Co.,4
2016,2,177673,Wells Fargo & Co.,4
2017,1,177673,Wells Fargo & Co.,5
2017,4,177673,Wells Fargo & Co.,3
2018,3,177673,Wells Fargo & Co.,6
2019,2,177673,Wells Fargo & Co.,6
2020,1,177673,Wells Fargo & Co.,7
2020,4,177673,Wells Fargo & Co.,7
2020,4,162689,Koch Cos. Public Sector LLC,9
2021,3,162689,Koch Cos. Public Sector LLC,11
2022,2,162689,Koch Cos. Public Sector LLC,10
2023,1,162689,Koch Cos. Public Sector LLC,10
2023,4,162689,Koch Cos. Public Sector LLC,10
2024,3,162689,Koch Cos. Public Sector LLC,8
2010,2,163650,PMI Global Services Inc.,6
2011,1,163650,PMI Global Services Inc.,6
2020,4,168488,Pfizer Inc.,18
2021,3,168488,Pfizer Inc.,19
2022,2,168488,Pfizer Inc.,20
2023,1,168488,Pfizer Inc.,20
2023,4,168488,Pfizer Inc.,16
2024,3,168488,Pfizer Inc.,13
2010,2,169151,Toyota Motor North America Inc.,11
2011,1,169151,Toyota Motor North America Inc.,11
2011,4,169151,Toyota Motor North America Inc.,9
2012,3,169151,Toyota Motor North America Inc.,7
2013,2,169151,Toyota Motor North America Inc.,8
2014,1,169151,Toyota Motor North America Inc.,9
2014,4,169151,Toyota Motor North America Inc.,8
2015,3,169151,Toyota Motor North America Inc.,7
2016,2,169151,Toyota Motor North America Inc.,6
2017,1,169151,Toyota Motor North America Inc.,7
2010,3,169381,Securities Industry and Financial Markets Association,10
2011,2,169381,Securities Industry and Financial Markets Association,10
2012,1,169381,Securities Industry and Financial Markets Association,10
2012,4,169381,Securities Industry and Financial Markets Association,9
2013,3,169381,Securities Industry and Financial Markets Association,9
2014,2,169381,Securities Industry and Financial Markets Association,9
2015,1,169381,Securities Industry and Financial Markets Association,7
2015,4,169381,Securities Industry and Financial Markets Association,9
2016,3,169381,Securities Industry and Financial Markets Association,9
2017,2,169381,Securities Industry and Financial Markets Association,11
2018,1,169381,Securities Industry and Financial Markets Association,11
2018,4,169381,Securities Industry and Financial Markets Association,9
2019,3,169381,Securities Industry and Financial Markets Association,9
2020,2,169381,Securities Industry and Financial Markets Association,8
2021,1,169381,Securities Industry and Financial Markets Association,9
2016,4,175545,National Association of Manufacturers,2
2017,3,175545,National Association of Manufacturers,2
2018,2,175545,National Association of Manufacturers,2
2019,1,175545,National Association of Manufacturers,2
2019,4,175545,National Association of Manufacturers,2
2020,3,175545,National Association of Manufacturers,1
2021,2,175545,National Association of Manufacturers,1
2022,1,175545,National Association of Manufacturers,2
2022,4,175545,National Association of Manufacturers,1
2023,3,175545,National Association of Manufacturers,1
2024,2,175545,National Association of Manufacturers,1
2018,4,177673,Wells Fargo & Co.,5
2019,3,177673,Wells Fargo & Co.,7
2020,2,177673,Wells Fargo & Co.,7
2021,1,177673,Wells Fargo & Co.,8
2021,4,177673,Wells Fargo & Co.,9
2022,3,177673,Wells Fargo & Co.,9
2023,2,177673,Wells Fargo & Co.,9
2024,1,177673,Wells Fargo & Co.,9
2024,4,177673,Wells Fargo & Co.,9
2021,4,177674,Visa Inc.,10
2022,3,177674,Visa Inc.,10
2023,2,177674,Visa Inc.,10
2024,1,177674,Visa Inc.,11
2024,4,177674,Visa Inc.,11
2014,4,200189,Coca-Cola Co.,7
2015,3,200189,Coca-Cola Co.,9
2016,2,200189,Coca-Cola Co.,8
2017,1,200189,Coca-Cola Co.,10
2017,4,200189,Coca-Cola Co.,10
2018,3,200189,Coca-Cola Co.,8
2014,4,175545,National Association of Manufacturers,3
2015,3,175545,National Association of Manufacturers,3
2016,2,175545,National Association of Manufacturers,2
2017,1,175545,National Association of Manufacturers,2
2017,4,175545,National Association of Manufacturers,2
2018,3,175545,National Association of Manufacturers,2
2019,2,175545,National Association of Manufacturers,2
2020,1,175545,National Association of Manufacturers,1
2010,4,177673,Wells Fargo & Co.,3
2011,3,177673,Wells Fargo & Co.,4
2012,2,177673,Wells Fargo & Co.,4
2013,1,177673,Wells Fargo & Co.,4
2013,4,177673,Wells Fargo & Co.,4
2014,3,177673,Wells Fargo & Co.,4
2015,2,177673,Wells Fargo & Co.,4
2016,1,177673,Wells Fargo & Co.,4
2016,4,177673,Wells Fargo & Co.,4
2017,3,177673,Wells Fargo & Co.,5
2018,2,177673,Wells Fargo & Co.,6
2019,1,177673,Wells Fargo & Co.,6
2019,4,177673,Wells Fargo & Co.,7
2020,3,177673,Wells Fargo & Co.,7
2021,2,177673,Wells Fargo & Co.,8
2022,1,177673,Wells Fargo & Co.,9
2010,3,200189,Coca-Cola Co.,8
2011,2,200189,Coca-Cola Co.,7
2012,1,200189,Coca-Cola Co.,7
2012,4,200189,Coca-Cola Co.,7
2013,3,200189,Coca-Cola Co.,7
2014,2,200189,Coca-Cola Co.,9
2015,1,200189,Coca-Cola Co.,8
2015,4,200189,Coca-Cola Co.,8
2016,3,200189,Coca-Cola Co.,9
2017,2,200189,Coca-Cola Co.,10
2018,1,200189,Coca-Cola Co.,9
2010,3,200389,Investment Company Institute,15
2011,2,200389,Investment Company Institute,15
2012,1,200389,Investment Company Institute,15
2012,4,200389,Investment Company Institute,15
2013,3,200389,Investment Company Institute,16
2014,2,200389,Investment Company Institute,16
2015,1,200389,Investment Company Institute,17
2010,2,201566,American Bankers Association,8
2011,1,201566,American Bankers Association,10
2011,4,201566,American Bankers Association,11
2012,3,201566,American Bankers Association,12
2013,2,201566,American Bankers Association,10
2014,1,201566,American Bankers Association,9
2014,4,201566,American Bankers Association,9
2015,3,201566,American Bankers Association,11
2016,2,201566,American Bankers Association,11
2017,1,201566,American Bankers Association,10
2017,4,201566,American Bankers Association,11
2018,3,201566,American Bankers Association,11
2019,2,201566,American Bankers Association,11
2020,1,201566,American Bankers Association,11
2014,4,201568,NextEra Energy Inc.,8
2015,3,201568,NextEra Energy Inc.,9
2016,2,201568,NextEra Energy Inc.,11
2017,1,201568,NextEra Energy Inc.,13
2017,4,201568,NextEra Energy Inc.,10
2018,3,201568,NextEra Energy Inc.,8
2019,2,201568,NextEra Energy Inc.,8
2020,1,201568,NextEra Energy Inc.,11
2020,4,201568,NextEra Energy Inc.,10
2021,3,201568,NextEra Energy Inc.,13
2022,2,201568,NextEra Energy Inc.,14
2023,1,201568,NextEra Energy Inc.,14
2023,4,201568,NextEra Energy Inc.,14
2024,3,201568,NextEra Energy Inc.,14
2020,4,202255,American Chemistry Council Inc.,8
2021,3,202255,American Chemistry Council Inc.,8
2022,2,202255,American Chemistry Council Inc.,9
2023,1,202255,American Chemistry Council Inc.,8
2023,4,202255,American Chemistry Council Inc.,9
2024,3,202255,American Chemistry Council Inc.,9
2010,2,202983,Honeywell International Inc.,16
2011,1,202983,Honeywell International Inc.,13
2010,3,204348,CTIA - The Wireless Association,11
2011,2,204348,CTIA - The Wireless Association,10
2023,2,200389,Investment Company Institute,13
2024,1,200389,Investment Company Institute,13
2024,4,200389,Investment Company Institute,13
2018,4,201568,NextEra Energy Inc.,8
2019,3,201568,NextEra Energy Inc.,10
2020,2,201568,NextEra Energy Inc.,11
2021,1,201568,NextEra Energy Inc.,11
2021,4,201568,NextEra Energy Inc.,14
2022,3,201568,NextEra Energy Inc.,13
2023,2,201568,NextEra Energy Inc.,14
2024,1,201568,NextEra Energy Inc.,13
2024,4,201568,NextEra Energy Inc.,15
2016,4,202255,American Chemistry Council Inc.,11
2017,3,202255,American Chemistry Council Inc.,11
2018,2,202255,American Chemistry Council Inc.,14
2019,1,202255,American Chemistry Council Inc.,10
2019,4,202255,American Chemistry Council Inc.,9
2020,3,202255,American Chemistry Council Inc.,8
2021,2,202255,American Chemistry Council Inc.,6
2022,1,202255,American Chemistry Council Inc.,8
2022,4,202255,American Chemistry Council Inc.,9
2023,3,202255,American Chemistry Council Inc.,9
2024,2,202255,American Chemistry Council Inc.,9
2010,1,204348,CTIA - The Wireless Association,11
2010,4,204348,CTIA - The Wireless Association,10
2011,3,204348,CTIA - The Wireless Association,10
2012,2,204348,CTIA - The Wireless Association,10
2013,1,204348,CTIA - The Wireless Association,11
2013,4,204348,CTIA - The Wireless Association,10
2014,3,204348,CTIA - The Wireless Association,9
2015,2,204348,CTIA - The Wireless Association,10
2016,1,204348,CTIA - The Wireless Association,11
2020,4,204357,Oracle Corp.,8
2021,3,204357,Oracle Corp.,9
2022,2,204357,Oracle Corp.,12
2023,1,204357,Oracle Corp.,11
2023,4,204357,Oracle Corp.,11
2024,3,204357,Oracle Corp.,12
2010,2,204360,UnitedHealth Group Inc.,9
2011,1,204360,UnitedHealth Group Inc.,10
2011,4,204360,UnitedHealth Group Inc.,9
2012,3,204360,UnitedHealth Group Inc.,10
2013,2,204360,UnitedHealth Group Inc.,9
2014,1,204360,UnitedHealth Group Inc.,10
2014,4,204360,UnitedHealth Group Inc.,10
2015,3,204360,UnitedHealth Group Inc.,10
2016,2,204360,UnitedHealth Group Inc.,10
2017,1,204360,UnitedHealth Group Inc.,11
2011,4,204446,IBM Corp.,7
2012,3,204446,IBM Corp.,6
2013,2,204446,IBM Corp.,5
2014,1,204446,IBM Corp.,5
2014,4,204446,IBM Corp.,4
2015,3,204446,IBM Corp.,3
2016,2,204446,IBM Corp.,3
2017,1,204446,IBM Corp.,3
2017,4,204446,IBM Corp.,3
2018,3,204446,IBM Corp.,5
2019,2,204446,IBM Corp.,4
2020,1,204446,IBM Corp.,3
2020,4,204446,IBM Corp.,3
2021,3,204446,IBM Corp.,5
2022,2,204446,IBM Corp.,4
2023,1,204446,IBM Corp.,4
2021,4,206073,U.S. Chamber of Commerce,6
2022,3,206073,U.S. Chamber of Commerce,6
2023,2,206073,U.S. Chamber of Commerce,4
2024,1,206073,U.S. Chamber of Commerce,3
2024,4,206073,U.S. Chamber of Commerce,3
2010,4,206206,Northrop Grumman Corp.,21
2011,3,206206,Northrop Grumman Corp.,20
2012,2,206206,Northrop Grumman Corp.,13
2013,1,206206,Northrop Grumman Corp.,13
2013,4,206206,Northrop Grumman Corp.,11
2014,3,206206,Northrop Grumman Corp.,11
2015,2,206206,Northrop Grumman Corp.,13
2016,1,206206,Northrop Grumman Corp.,11
2016,4,206206,Northrop Grumman Corp.,10
2017,3,206206,Northrop Grumman Corp.,10
2018,2,206206,Northrop Grumman Corp.,9
2019,1,206206,Northrop Grumman Corp.,9
2019,4,206206,Northrop Grumman Corp.,8
2020,3,206206,Northrop Grumman Corp.,7
2021,2,206206,Northrop Grumman Corp.,5
2020,3,163650,PMI Global Services Inc.,9
2021,2,163650,PMI Global Services Inc.,8
2022,1,163650,PMI Global Services Inc.,8
2022,4,163650,PMI Global Services Inc.,6
2023,3,163650,PMI Global Services Inc.,7
2024,2,163650,PMI Global Services Inc.,7
2024,4,168488,Pfizer Inc.,12
2010,1,169151,Toyota Motor North America Inc.,11
2010,4,169151,Toyota Motor North America Inc.,11
2011,3,169151,Toyota Motor North America Inc.,9
2012,2,169151,Toyota Motor North America Inc.,6
2013,1,169151,Toyota Motor North America Inc.,7
2021,4,169381,Securities Industry and Financial Markets Association,9
2022,3,169381,Securities Industry and Financial Markets Association,7
2023,2,169381,Securities Industry and Financial Markets Association,7
2024,1,169381,Securities Industry and Financial Markets Association,8
2024,4,169381,Securities Industry and Financial Markets Association,7
2010,4,171727,"Satterwhite, Johnny Sr.",1
2011,3,171727,"Satterwhite, Johnny Sr.",1
2010,2,175545,National Association of Manufacturers,1
2011,1,175545,National Association of Manufacturers,1
2010,1,177673,Wells Fargo & Co.,3
2010,3,177674,Visa Inc.,12
2011,2,177674,Visa Inc.,14
2012,1,177674,Visa Inc.,15
2012,4,177674,Visa Inc.,14
2013,3,177674,Visa Inc.,10
2014,2,177674,Visa Inc.,8
2015,1,177674,Visa Inc.,7
2015,4,177674,Visa Inc.,7
2016,3,177674,Visa Inc.,6
2017,2,177674,Visa Inc.,6
2018,1,177674,Visa Inc.,6
2018,4,177674,Visa Inc.,7
2019,3,177674,Visa Inc.,8
2020,2,177674,Visa Inc.,9
2021,1,177674,Visa Inc.,8
2023,4,200389,Investment Company Institute,13
2024,3,200389,Investment Company Institute,13
2020,4,201566,American Bankers Association,14
2021,3,201566,American Bankers Association,10
2022,2,201566,American Bankers Association,10
2023,1,201566,American Bankers Association,10
2023,4,201566,American Bankers Association,11
2024,3,201566,American Bankers Association,11
2010,2,202255,American Chemistry Council Inc.,14
2011,1,202255,American Chemistry Council Inc.,16
2011,4,202255,American Chemistry Council Inc.,17
2012,3,202255,American Chemistry Council Inc.,17
2013,2,202255,American Chemistry Council Inc.,13
2014,1,202255,American Chemistry Council Inc.,12
2014,4,202255,American Chemistry Council Inc.,11
2015,3,202255,American Chemistry Council Inc.,12
2016,2,202255,American Chemistry Council Inc.,9
2017,1,202255,American Chemistry Council Inc.,13
2017,4,202255,American Chemistry Council Inc.,11
2018,3,202255,American Chemistry Council Inc.,13
2019,2,202255,American Chemistry Council Inc.,9
2020,1,202255,American Chemistry Council Inc.,8
2019,4,202983,Honeywell International Inc.,8
2020,3,202983,Honeywell International Inc.,6
2021,2,202983,Honeywell International Inc.,7
2022,1,202983,Honeywell International Inc.,8
2022,4,202983,Honeywell International Inc.,6
2023,3,202983,Honeywell International Inc.,9
2024,2,202983,Honeywell International Inc.,9
2012,4,204348,CTIA - The Wireless Association,11
2013,3,204348,CTIA - The Wireless Association,11
2014,2,204348,CTIA - The Wireless Association,10
2015,1,204348,CTIA - The Wireless Association,10
2015,4,204348,CTIA - The Wireless Association,12
2016,3,204348,CTIA - The Wireless Association,12
2017,2,204348,CTIA - The Wireless Association,12
2018,1,204348,CTIA - The Wireless Association,13
2018,4,204348,CTIA - The Wireless Association,14
2023,3,177674,Visa Inc.,11
2024,2,177674,Visa Inc.,12
2022,4,200189,Coca-Cola Co.,8
2023,3,200189,Coca-Cola Co.,8
2024,2,200189,Coca-Cola Co.,8
2019,4,200389,Investment Company Institute,13
2020,3,200389,Investment Company Institute,14
2021,2,200389,Investment Company Institute,14
2022,1,200389,Investment Company Institute,14
2022,4,200389,Investment Company Institute,12
2023,3,200389,Investment Company Institute,13
2024,2,200389,Investment Company Institute,13
2024,4,201566,American Bankers Association,12
2010,1,201568,NextEra Energy Inc.,8
2010,1,202255,American Chemistry Council Inc.,13
2010,4,202255,American Chemistry Council Inc.,15
2011,3,202255,American Chemistry Council Inc.,18
2012,2,202255,American Chemistry Council Inc.,17
2013,1,202255,American Chemistry Council Inc.,15
2013,4,202255,American Chemistry Council Inc.,11
2014,3,202255,American Chemistry Council Inc.,11
2015,2,202255,American Chemistry Council Inc.,12
2016,1,202255,American Chemistry Council Inc.,10
2015,4,202983,Honeywell International Inc.,8
2016,3,202983,Honeywell International Inc.,8
2017,2,202983,Honeywell International Inc.,8
2018,1,202983,Honeywell International Inc.,10
2018,4,202983,Honeywell International Inc.,11
2019,3,202983,Honeywell International Inc.,8
2020,2,202983,Honeywell International Inc.,7
2021,1,202983,Honeywell International Inc.,8
2021,4,202983,Honeywell International Inc.,7
2022,3,202983,Honeywell International Inc.,6
2023,2,202983,Honeywell International Inc.,8
2024,1,202983,Honeywell International Inc.,9
2024,4,202983,Honeywell International Inc.,9
2016,4,204348,CTIA - The Wireless Association,11
2017,3,204348,CTIA - The Wireless Association,11
2018,2,204348,CTIA - The Wireless Association,14
2019,1,204348,CTIA - The Wireless Association,16
2019,4,204348,CTIA - The Wireless Association,17
2020,3,204348,CTIA - The Wireless Association,15
2021,2,204348,CTIA - The Wireless Association,15
2022,1,204348,CTIA - The Wireless Association,17
2022,4,204348,CTIA - The Wireless Association,20
2023,3,204348,CTIA - The Wireless Association,23
2024,2,204348,CTIA - The Wireless Association,23
2024,4,204357,Oracle Corp.,11
2017,4,204360,UnitedHealth Group Inc.,10
2018,3,204360,UnitedHealth Group Inc.,10
2019,2,204360,UnitedHealth Group Inc.,10
2020,1,204360,UnitedHealth Group Inc.,10
2020,4,204360,UnitedHealth Group Inc.,10
2021,3,204360,UnitedHealth Group Inc.,11
2022,2,204360,UnitedHealth Group Inc.,9
2023,1,204360,UnitedHealth Group Inc.,9
2023,4,204360,UnitedHealth Group Inc.,9
2024,3,204360,UnitedHealth Group Inc.,9
2010,1,204446,IBM Corp.,5
2010,4,204446,IBM Corp.,5
2011,3,204446,IBM Corp.,7
2012,2,204446,IBM Corp.,7
2013,1,204446,IBM Corp.,5
2013,4,204446,IBM Corp.,5
2014,3,204446,IBM Corp.,4
2015,2,204446,IBM Corp.,3
2016,1,204446,IBM Corp.,3
2016,4,204446,IBM Corp.,3
2017,3,204446,IBM Corp.,3
2018,2,204446,IBM Corp.,5
2019,1,204446,IBM Corp.,4
2024,4,205878,Duke Energy Corp.,6
2010,3,206206,Northrop Grumman Corp.,16
2011,2,206206,Northrop Grumman Corp.,20
2012,1,206206,Northrop Grumman Corp.,13
2012,4,206206,Northrop Grumman Corp.,13
2013,3,206206,Northrop Grumman Corp.,10
2014,2,206206,Northrop Grumman Corp.,12
2015,1,206206,Northrop Grumman Corp.,13
2015,4,206206,Northrop Grumman Corp.,12
2018,2,202983,Honeywell International Inc.,10
2019,1,202983,Honeywell International Inc.,11
2021,4,204348,CTIA - The Wireless Association,17
2022,3,204348,CTIA - The Wireless Association,17
2023,2,204348,CTIA - The Wireless Association,22
2024,1,204348,CTIA - The Wireless Association,23
2024,4,204348,CTIA - The Wireless Association,21
2010,3,204357,Oracle Corp.,10
2011,2,204357,Oracle Corp.,7
2012,1,204357,Oracle Corp.,8
2010,2,204446,IBM Corp.,5
2011,1,204446,IBM Corp.,7
2016,4,205878,Duke Energy Corp.,5
2017,3,205878,Duke Energy Corp.,5
2018,2,205878,Duke Energy Corp.,4
2019,1,205878,Duke Energy Corp.,4
2019,4,205878,Duke Energy Corp.,5
2020,3,205878,Duke Energy Corp.,5
2021,2,205878,Duke Energy Corp.,5
2022,1,205878,Duke Energy Corp.,5
2022,4,205878,Duke Energy Corp.,5
2023,3,205878,Duke Energy Corp.,6
2024,2,205878,Duke Energy Corp.,6
2010,1,206073,U.S. Chamber of Commerce,15
2010,4,206073,U.S. Chamber of Commerce,13
2011,3,206073,U.S. Chamber of Commerce,18
2012,2,206073,U.S. Chamber of Commerce,18
2013,1,206073,U.S. Chamber of Commerce,17
2010,1,206206,Northrop Grumman Corp.,16
2013,1,207009,AbbVie Inc.,6
2010,3,207383,United Technologies Corp.,12
2011,2,207383,United Technologies Corp.,12
2012,1,207383,United Technologies Corp.,14
2012,4,207383,United Technologies Corp.,13
2013,3,207383,United Technologies Corp.,14
2014,2,207383,United Technologies Corp.,14
2015,1,207383,United Technologies Corp.,15
2019,4,207650,Anheuser-Busch Cos. LLC,10
2020,3,207650,Anheuser-Busch Cos. LLC,12
2021,2,207650,Anheuser-Busch Cos. LLC,9
2022,1,207650,Anheuser-Busch Cos. LLC,10
2022,4,207650,Anheuser-Busch Cos. LLC,11
2023,3,207650,Anheuser-Busch Cos. LLC,11
2024,2,207650,Anheuser-Busch Cos. LLC,12
2022,4,207668,Lockheed Martin Corp.,16
2023,3,207668,Lockheed Martin Corp.,16
2024,2,207668,Lockheed Martin Corp.,13
2010,2,210798,Verizon Communications Inc.,41
2011,1,210798,Verizon Communications Inc.,34
2011,4,210798,Verizon Communications Inc.,29
2012,3,210798,Verizon Communications Inc.,30
2013,2,210798,Verizon Communications Inc.,29
2014,1,210798,Verizon Communications Inc.,32
2014,4,210798,Verizon Communications Inc.,27
2015,3,210798,Verizon Communications Inc.,26
2016,2,210798,Verizon Communications Inc.,25
2017,1,210798,Verizon Communications Inc.,25
2016,4,213047,Fresenius Medical Care Holdings Inc.,4
2017,3,213047,Fresenius Medical Care Holdings Inc.,7
2018,2,213047,Fresenius Medical Care Holdings Inc.,8
2019,1,213047,Fresenius Medical Care Holdings Inc.,8
2019,4,213047,Fresenius Medical Care Holdings Inc.,9
2020,3,213047,Fresenius Medical Care Holdings Inc.,8
2021,2,213047,Fresenius Medical Care Holdings Inc.,11
2022,1,213047,Fresenius Medical Care Holdings Inc.,11
2022,4,213047,Fresenius Medical Care Holdings Inc.,11
2023,3,213047,Fresenius Medical Care Holdings Inc.,11
2024,2,213047,Fresenius Medical Care Holdings Inc.,9
2013,4,213715,Chevron USA Inc.,3
2014,3,213715,Chevron USA Inc.,4
2015,2,213715,Chevron USA Inc.,4
2016,1,213715,Chevron USA Inc.,3
2016,4,213715,Chevron USA Inc.,4
2017,3,213715,Chevron USA Inc.,4
2018,2,213715,Chevron USA Inc.,4
2019,1,213715,Chevron USA Inc.,4
2019,4,213715,Chevron USA Inc.,5
2020,3,213715,Chevron USA Inc.,5
2021,2,213715,Chevron USA Inc.,4
2022,1,213715,Chevron USA Inc.,4
2021,3,177673,Wells Fargo & Co.,9
2022,2,177673,Wells Fargo & Co.,9
2023,1,177673,Wells Fargo & Co.,9
2023,4,177673,Wells Fargo & Co.,9
2024,3,177673,Wells Fargo & Co.,9
2010,4,200189,Coca-Cola Co.,8
2011,3,200189,Coca-Cola Co.,7
2012,2,200189,Coca-Cola Co.,7
2013,1,200189,Coca-Cola Co.,7
2013,4,200189,Coca-Cola Co.,7
2014,3,200189,Coca-Cola Co.,8
2015,2,200189,Coca-Cola Co.,9
2016,1,200189,Coca-Cola Co.,8
2016,4,200189,Coca-Cola Co.,9
2017,3,200189,Coca-Cola Co.,10
2018,2,200189,Coca-Cola Co.,9
2019,1,200189,Coca-Cola Co.,8
2019,4,200189,Coca-Cola Co.,6
2020,3,200189,Coca-Cola Co.,7
2021,2,200189,Coca-Cola Co.,7
2022,1,200189,Coca-Cola Co.,7
2010,1,200389,Investment Company Institute,14
2010,4,200389,Investment Company Institute,15
2011,3,200389,Investment Company Institute,15
2012,2,200389,Investment Company Institute,16
2013,1,200389,Investment Company Institute,16
2013,4,200389,Investment Company Institute,15
2014,3,200389,Investment Company Institute,17
2015,2,200389,Investment Company Institute,17
2016,1,200389,Investment Company Institute,17
2016,4,200389,Investment Company Institute,16
2017,3,200389,Investment Company Institute,15
2018,2,200389,Investment Company Institute,13
2019,1,200389,Investment Company Institute,13
2010,1,201566,American Bankers Association,8
2010,4,201566,American Bankers Association,7
2011,3,201566,American Bankers Association,12
2012,2,201566,American Bankers Association,13
2013,1,201566,American Bankers Association,10
2013,4,201566,American Bankers Association,9
2014,3,201566,American Bankers Association,9
2015,2,201566,American Bankers Association,12
2016,1,201566,American Bankers Association,11
2010,4,201568,NextEra Energy Inc.,9
2011,3,201568,NextEra Energy Inc.,8
2012,2,201568,NextEra Energy Inc.,10
2013,1,201568,NextEra Energy Inc.,9
2013,4,201568,NextEra Energy Inc.,9
2014,3,201568,NextEra Energy Inc.,8
2015,2,201568,NextEra Energy Inc.,9
2016,1,201568,NextEra Energy Inc.,9
2016,4,201568,NextEra Energy Inc.,14
2017,3,201568,NextEra Energy Inc.,12
2018,2,201568,NextEra Energy Inc.,8
2019,1,201568,NextEra Energy Inc.,8
2019,4,201568,NextEra Energy Inc.,9
2020,3,201568,NextEra Energy Inc.,10
2021,2,201568,NextEra Energy Inc.,13
2022,1,201568,NextEra Energy Inc.,14
2024,4,202255,American Chemistry Council Inc.,9
2010,3,202983,Honeywell International Inc.,15
2011,2,202983,Honeywell International Inc.,12
2012,1,202983,Honeywell International Inc.,11
2012,4,202983,Honeywell International Inc.,11
2013,3,202983,Honeywell International Inc.,11
2014,2,202983,Honeywell International Inc.,9
2015,1,202983,Honeywell International Inc.,9
2012,4,204357,Oracle Corp.,9
2013,3,204357,Oracle Corp.,8
2014,2,204357,Oracle Corp.,9
2015,1,204357,Oracle Corp.,11
2015,4,204357,Oracle Corp.,14
2016,3,204357,Oracle Corp.,14
2017,2,204357,Oracle Corp.,13
2018,1,204357,Oracle Corp.,11
2018,4,204357,Oracle Corp.,10
2019,3,204357,Oracle Corp.,10
2020,2,204357,Oracle Corp.,10
2021,1,204357,Oracle Corp.,9
2021,4,204357,Oracle Corp.,10
2022,3,204357,Oracle Corp.,12
2023,2,204357,Oracle Corp.,11
2024,1,204357,Oracle Corp.,11
2019,4,204446,IBM Corp.,4
2020,3,204446,IBM Corp.,3
2021,2,204446,IBM Corp.,5
2022,1,204446,IBM Corp.,4
2022,4,204446,IBM Corp.,4
2019,2,200189,Coca-Cola Co.,8
2020,1,200189,Coca-Cola Co.,6
2020,4,200189,Coca-Cola Co.,7
2021,3,200189,Coca-Cola Co.,8
2022,2,200189,Coca-Cola Co.,7
2023,1,200189,Coca-Cola Co.,8
2023,4,200189,Coca-Cola Co.,8
2024,3,200189,Coca-Cola Co.,7
2011,4,200389,Investment Company Institute,15
2012,3,200389,Investment Company Institute,16
2013,2,200389,Investment Company Institute,16
2014,1,200389,Investment Company Institute,16
2014,4,200389,Investment Company Institute,16
2015,3,200389,Investment Company Institute,17
2016,2,200389,Investment Company Institute,16
2017,1,200389,Investment Company Institute,15
2017,4,200389,Investment Company Institute,13
2018,3,200389,Investment Company Institute,13
2019,2,200389,Investment Company Institute,15
2020,1,200389,Investment Company Institute,14
2020,4,200389,Investment Company Institute,14
2021,3,200389,Investment Company Institute,14
2022,2,200389,Investment Company Institute,14
2023,1,200389,Investment Company Institute,13
2010,3,201566,American Bankers Association,9
2011,2,201566,American Bankers Association,13
2012,1,201566,American Bankers Association,13
2022,4,201568,NextEra Energy Inc.,13
2023,3,201568,NextEra Energy Inc.,14
2024,2,201568,NextEra Energy Inc.,14
2012,4,202255,American Chemistry Council Inc.,17
2013,3,202255,American Chemistry Council Inc.,13
2014,2,202255,American Chemistry Council Inc.,12
2015,1,202255,American Chemistry Council Inc.,12
2015,4,202255,American Chemistry Council Inc.,12
2016,3,202255,American Chemistry Council Inc.,9
2017,2,202255,American Chemistry Council Inc.,12
2018,1,202255,American Chemistry Council Inc.,14
2018,4,202255,American Chemistry Council Inc.,12
2019,3,202255,American Chemistry Council Inc.,10
2020,2,202255,American Chemistry Council Inc.,8
2021,1,202255,American Chemistry Council Inc.,6
2021,4,202255,American Chemistry Council Inc.,8
2022,3,202255,American Chemistry Council Inc.,9
2023,2,202255,American Chemistry Council Inc.,9
2024,1,202255,American Chemistry Council Inc.,9
2023,4,202983,Honeywell International Inc.,9
2024,3,202983,Honeywell International Inc.,9
2010,2,204348,CTIA - The Wireless Association,11
2011,1,204348,CTIA - The Wireless Association,10
2011,4,204348,CTIA - The Wireless Association,10
2012,3,204348,CTIA - The Wireless Association,11
2013,2,204348,CTIA - The Wireless Association,9
2014,1,204348,CTIA - The Wireless Association,10
2014,4,204348,CTIA - The Wireless Association,8
2015,3,204348,CTIA - The Wireless Association,11
2016,2,204348,CTIA - The Wireless Association,11
2017,1,204348,CTIA - The Wireless Association,13
2016,4,204357,Oracle Corp.,14
2017,3,204357,Oracle Corp.,13
2018,2,204357,Oracle Corp.,11
2019,1,204357,Oracle Corp.,10
2019,4,204357,Oracle Corp.,10
2020,3,204357,Oracle Corp.,9
2021,2,204357,Oracle Corp.,9
2022,1,204357,Oracle Corp.,12
2022,4,204357,Oracle Corp.,12
2023,3,204357,Oracle Corp.,11
2024,2,204357,Oracle Corp.,11
2010,3,204360,UnitedHealth Group Inc.,9
2011,2,204360,UnitedHealth Group Inc.,10
2012,1,204360,UnitedHealth Group Inc.,9
2012,4,204360,UnitedHealth Group Inc.,10
2013,3,204360,UnitedHealth Group Inc.,10
2014,2,204360,UnitedHealth Group Inc.,10
2015,1,204360,UnitedHealth Group Inc.,11
2015,4,204360,UnitedHealth Group Inc.,9
2016,3,204360,UnitedHealth Group Inc.,10
2012,1,204348,CTIA - The Wireless Association,10
2010,2,204357,Oracle Corp.,12
2011,1,204357,Oracle Corp.,8
2011,4,204357,Oracle Corp.,7
2012,3,204357,Oracle Corp.,9
2013,2,204357,Oracle Corp.,7
2014,1,204357,Oracle Corp.,8
2014,4,204357,Oracle Corp.,8
2015,3,204357,Oracle Corp.,14
2016,2,204357,Oracle Corp.,14
2017,1,204357,Oracle Corp.,14
2017,4,204357,Oracle Corp.,13
2018,3,204357,Oracle Corp.,11
2019,2,204357,Oracle Corp.,10
2020,1,204357,Oracle Corp.,10
2010,1,204360,UnitedHealth Group Inc.,9
2010,4,204360,UnitedHealth Group Inc.,8
2011,3,204360,UnitedHealth Group Inc.,10
2012,2,204360,UnitedHealth Group Inc.,9
2013,1,204360,UnitedHealth Group Inc.,11
2023,4,204446,IBM Corp.,3
2024,3,204446,IBM Corp.,5
2010,2,205878,Duke Energy Corp.,14
2011,1,205878,Duke Energy Corp.,13
2011,4,205878,Duke Energy Corp.,12
2012,3,205878,Duke Energy Corp.,11
2013,2,205878,Duke Energy Corp.,9
2014,1,205878,Duke Energy Corp.,9
2014,4,205878,Duke Energy Corp.,9
2015,3,205878,Duke Energy Corp.,7
2016,2,205878,Duke Energy Corp.,5
2017,1,205878,Duke Energy Corp.,4
2017,4,205878,Duke Energy Corp.,4
2018,3,205878,Duke Energy Corp.,4
2019,2,205878,Duke Energy Corp.,5
2020,1,205878,Duke Energy Corp.,5
2010,3,206073,U.S. Chamber of Commerce,15
2011,2,206073,U.S. Chamber of Commerce,20
2012,1,206073,U.S. Chamber of Commerce,18
2012,4,206073,U.S. Chamber of Commerce,16
2013,3,206073,U.S. Chamber of Commerce,17
2014,2,206073,U.S. Chamber of Commerce,15
2015,1,206073,U.S. Chamber of Commerce,12
2015,4,206073,U.S. Chamber of Commerce,9
2016,3,206073,U.S. Chamber of Commerce,9
2017,2,206073,U.S. Chamber of Commerce,10
2018,1,206073,U.S. Chamber of Commerce,10
2018,4,206073,U.S. Chamber of Commerce,10
2019,3,206073,U.S. Chamber of Commerce,10
2020,2,206073,U.S. Chamber of Commerce,5
2021,1,206073,U.S. Chamber of Commerce,5
2022,4,206206,Northrop Grumman Corp.,5
2023,3,206206,Northrop Grumman Corp.,5
2024,2,206206,Northrop Grumman Corp.,4
2013,3,207009,AbbVie Inc.,7
2014,2,207009,AbbVie Inc.,8
2015,1,207009,AbbVie Inc.,8
2015,4,207009,AbbVie Inc.,7
2016,3,207009,AbbVie Inc.,6
2017,2,207009,AbbVie Inc.,6
2018,1,207009,AbbVie Inc.,7
2018,4,207009,AbbVie Inc.,7
2019,3,207009,AbbVie Inc.,8
2020,2,207009,AbbVie Inc.,7
2021,1,207009,AbbVie Inc.,7
2011,4,207650,Anheuser-Busch Cos. LLC,15
2012,3,207650,Anheuser-Busch Cos. LLC,16
2013,2,207650,Anheuser-Busch Cos. LLC,16
2014,1,207650,Anheuser-Busch Cos. LLC,17
2014,4,207650,Anheuser-Busch Cos. LLC,17
2015,3,207650,Anheuser-Busch Cos. LLC,16
2016,2,207650,Anheuser-Busch Cos. LLC,19
2017,1,207650,Anheuser-Busch Cos. LLC,16
2017,4,207650,Anheuser-Busch Cos. LLC,14
2018,3,207650,Anheuser-Busch Cos. LLC,12
2019,2,207650,Anheuser-Busch Cos. LLC,11
2020,1,207650,Anheuser-Busch Cos. LLC,10
2020,4,207650,Anheuser-Busch Cos. LLC,12
2021,3,207650,Anheuser-Busch Cos. LLC,10
2022,2,207650,Anheuser-Busch Cos. LLC,10
2023,1,207650,Anheuser-Busch Cos. LLC,11
2010,1,207668,Lockheed Martin Corp.,30
2010,2,213047,Fresenius Medical Care Holdings Inc.,5
2011,1,213047,Fresenius Medical Care Holdings Inc.,6
2011,4,213047,Fresenius Medical Care Holdings Inc.,6
2012,3,213047,Fresenius Medical Care Holdings Inc.,5
2013,2,213047,Fresenius Medical Care Holdings Inc.,3
2022,1,206206,Northrop Grumman Corp.,5
2021,4,207009,AbbVie Inc.,9
2022,3,207009,AbbVie Inc.,9
2023,2,207009,AbbVie Inc.,8
2024,1,207009,AbbVie Inc.,9
2024,4,207009,AbbVie Inc.,9
2010,2,207650,Anheuser-Busch Cos. LLC,14
2011,1,207650,Anheuser-Busch Cos. LLC,15
2010,2,207668,Lockheed Martin Corp.,31
2011,1,207668,Lockheed Martin Corp.,29
2011,4,207668,Lockheed Martin Corp.,26
2012,3,207668,Lockheed Martin Corp.,29
2013,2,207668,Lockheed Martin Corp.,28
2014,1,207668,Lockheed Martin Corp.,28
2017,4,210798,Verizon Communications Inc.,26
2018,3,210798,Verizon Communications Inc.,26
2019,2,210798,Verizon Communications Inc.,25
2020,1,210798,Verizon Communications Inc.,24
2020,4,210798,Verizon Communications Inc.,23
2021,3,210798,Verizon Communications Inc.,24
2022,2,210798,Verizon Communications Inc.,25
2023,1,210798,Verizon Communications Inc.,24
2023,4,210798,Verizon Communications Inc.,23
2024,3,210798,Verizon Communications Inc.,24
2010,1,213047,Fresenius Medical Care Holdings Inc.,6
2010,4,213047,Fresenius Medical Care Holdings Inc.,7
2011,3,213047,Fresenius Medical Care Holdings Inc.,6
2012,2,213047,Fresenius Medical Care Holdings Inc.,5
2013,1,213047,Fresenius Medical Care Holdings Inc.,3
2013,4,213047,Fresenius Medical Care Holdings Inc.,3
2014,3,213047,Fresenius Medical Care Holdings Inc.,3
2015,2,213047,Fresenius Medical Care Holdings Inc.,3
2016,1,213047,Fresenius Medical Care Holdings Inc.,4
2010,1,213715,Chevron USA Inc.,3
2010,4,213715,Chevron USA Inc.,3
2011,3,213715,Chevron USA Inc.,3
2012,2,213715,Chevron USA Inc.,4
2013,1,213715,Chevron USA Inc.,4
2013,4,214730,Exxon Mobil Corp.,14
2014,3,214730,Exxon Mobil Corp.,15
2015,2,214730,Exxon Mobil Corp.,16
2016,1,214730,Exxon Mobil Corp.,13
2016,4,214730,Exxon Mobil Corp.,12
2017,3,214730,Exxon Mobil Corp.,13
2018,2,214730,Exxon Mobil Corp.,14
2019,1,214730,Exxon Mobil Corp.,12
2019,4,214730,Exxon Mobil Corp.,12
2020,3,214730,Exxon Mobil Corp.,11
2021,2,214730,Exxon Mobil Corp.,11
2022,1,214730,Exxon Mobil Corp.,12
2022,4,214730,Exxon Mobil Corp.,12
2023,3,214730,Exxon Mobil Corp.,10
2024,2,214730,Exxon Mobil Corp.,10
2010,4,221146,AARP Inc.,5
2011,3,221146,AARP Inc.,6
2012,2,221146,AARP Inc.,7
2013,1,221146,AARP Inc.,6
2013,4,221146,AARP Inc.,5
2014,3,221146,AARP Inc.,6
2015,2,221146,AARP Inc.,8
2016,1,221146,AARP Inc.,8
2016,4,221146,AARP Inc.,8
2017,3,221146,AARP Inc.,8
2018,2,221146,AARP Inc.,6
2019,1,221146,AARP Inc.,6
2014,4,230368,Genentech Inc.,21
2015,3,230368,Genentech Inc.,21
2016,2,230368,Genentech Inc.,19
2017,1,230368,Genentech Inc.,19
2017,4,230368,Genentech Inc.,18
2018,3,230368,Genentech Inc.,19
2019,2,230368,Genentech Inc.,19
2020,1,230368,Genentech Inc.,18
2020,4,230368,Genentech Inc.,18
2021,3,230368,Genentech Inc.,17
2022,2,230368,Genentech Inc.,18
2023,1,230368,Genentech Inc.,16
2023,4,230368,Genentech Inc.,16
2024,3,230368,Genentech Inc.,16
2015,4,231959,Aflac Inc.,6
2016,3,231959,Aflac Inc.,7
2017,2,231959,Aflac Inc.,8
2018,1,231959,Aflac Inc.,8
2018,4,231959,Aflac Inc.,9
2019,3,231959,Aflac Inc.,10
2020,2,231959,Aflac Inc.,10
2021,1,231959,Aflac Inc.,8
2021,4,231959,Aflac Inc.,8
2022,3,231959,Aflac Inc.,7
2023,2,231959,Aflac Inc.,7
2024,1,231959,Aflac Inc.,8
2022,4,213715,Chevron USA Inc.,4
2023,3,213715,Chevron USA Inc.,4
2024,2,213715,Chevron USA Inc.,4
2010,1,214730,Exxon Mobil Corp.,10
2010,4,214730,Exxon Mobil Corp.,12
2011,3,214730,Exxon Mobil Corp.,13
2012,2,214730,Exxon Mobil Corp.,13
2013,1,214730,Exxon Mobil Corp.,14
2017,4,219008,American Council of Life Insurers,6
2018,3,219008,American Council of Life Insurers,4
2019,2,219008,American Council of Life Insurers,4
2020,1,219008,American Council of Life Insurers,4
2020,4,219008,American Council of Life Insurers,4
2021,3,219008,American Council of Life Insurers,4
2022,2,219008,American Council of Life Insurers,4
2023,1,219008,American Council of Life Insurers,4
2023,4,219008,American Council of Life Insurers,4
2024,3,219008,American Council of Life Insurers,7
2010,1,221146,AARP Inc.,4
2010,2,230368,Genentech Inc.,21
2011,1,230368,Genentech Inc.,23
2011,4,230368,Genentech Inc.,22
2012,3,230368,Genentech Inc.,22
2013,2,230368,Genentech Inc.,22
2014,1,230368,Genentech Inc.,24
2010,1,231959,Aflac Inc.,8
2010,1,231960,Microsoft Corp.,24
2020,4,231962,General Dynamics Corp.,17
2021,3,231962,General Dynamics Corp.,18
2022,2,231962,General Dynamics Corp.,18
2023,1,231962,General Dynamics Corp.,18
2023,4,231962,General Dynamics Corp.,20
2024,3,231962,General Dynamics Corp.,20
2015,4,232055,Edison Electric Institute,20
2016,3,232055,Edison Electric Institute,17
2017,2,232055,Edison Electric Institute,15
2018,1,232055,Edison Electric Institute,13
2018,4,232055,Edison Electric Institute,10
2019,3,232055,Edison Electric Institute,12
2020,2,232055,Edison Electric Institute,12
2021,1,232055,Edison Electric Institute,13
2021,4,232055,Edison Electric Institute,12
2022,3,232055,Edison Electric Institute,10
2023,2,232055,Edison Electric Institute,10
2024,1,232055,Edison Electric Institute,11
2024,4,232055,Edison Electric Institute,10
2010,2,232057,Southern Co.,11
2011,1,232057,Southern Co.,11
2011,4,232057,Southern Co.,11
2012,3,232057,Southern Co.,10
2013,2,232057,Southern Co.,10
2014,1,232057,Southern Co.,11
2014,4,232057,Southern Co.,10
2015,3,232057,Southern Co.,10
2016,2,232057,Southern Co.,11
2017,1,232057,Southern Co.,11
2017,4,232061,Entertainment Software Association,8
2018,3,232061,Entertainment Software Association,7
2019,2,232061,Entertainment Software Association,6
2020,1,232061,Entertainment Software Association,6
2020,4,232061,Entertainment Software Association,3
2021,3,232061,Entertainment Software Association,5
2022,2,232061,Entertainment Software Association,5
2023,1,232061,Entertainment Software Association,6
2023,4,232061,Entertainment Software Association,6
2024,3,232061,Entertainment Software Association,5
2010,1,232646,Intel Corp.,9
2010,4,232646,Intel Corp.,9
2011,3,232646,Intel Corp.,11
2012,2,232646,Intel Corp.,10
2013,1,232646,Intel Corp.,10
2010,2,232657,Shell USA Inc.,7
2011,1,232657,Shell USA Inc.,9
2011,4,232657,Shell USA Inc.,9
2012,3,232657,Shell USA Inc.,7
2013,2,232657,Shell USA Inc.,6
2014,1,232657,Shell USA Inc.,7
2013,4,234639,NCTA - The Internet & Television Association,26
2014,3,234639,NCTA - The Internet & Television Association,25
2015,2,234639,NCTA - The Internet & Television Association,22
2016,1,234639,NCTA - The Internet & Television Association,22
2016,4,234639,NCTA - The Internet & Television Association,22
2023,3,204446,IBM Corp.,4
2024,2,204446,IBM Corp.,4
2010,1,205878,Duke Energy Corp.,13
2010,4,205878,Duke Energy Corp.,14
2011,3,205878,Duke Energy Corp.,14
2012,2,205878,Duke Energy Corp.,11
2013,1,205878,Duke Energy Corp.,9
2013,4,205878,Duke Energy Corp.,10
2014,3,205878,Duke Energy Corp.,9
2015,2,205878,Duke Energy Corp.,7
2016,1,205878,Duke Energy Corp.,5
2013,4,206073,U.S. Chamber of Commerce,15
2014,3,206073,U.S. Chamber of Commerce,14
2015,2,206073,U.S. Chamber of Commerce,13
2016,1,206073,U.S. Chamber of Commerce,9
2016,4,206073,U.S. Chamber of Commerce,9
2017,3,206073,U.S. Chamber of Commerce,10
2018,2,206073,U.S. Chamber of Commerce,10
2019,1,206073,U.S. Chamber of Commerce,10
2019,4,206073,U.S. Chamber of Commerce,10
2020,3,206073,U.S. Chamber of Commerce,5
2021,2,206073,U.S. Chamber of Commerce,6
2022,1,206073,U.S. Chamber of Commerce,6
2022,4,206073,U.S. Chamber of Commerce,6
2023,3,206073,U.S. Chamber of Commerce,4
2024,2,206073,U.S. Chamber of Commerce,3
2018,4,206206,Northrop Grumman Corp.,9
2019,3,206206,Northrop Grumman Corp.,9
2020,2,206206,Northrop Grumman Corp.,7
2021,1,206206,Northrop Grumman Corp.,7
2021,4,206206,Northrop Grumman Corp.,5
2022,3,206206,Northrop Grumman Corp.,5
2023,2,206206,Northrop Grumman Corp.,5
2024,1,206206,Northrop Grumman Corp.,4
2024,4,206206,Northrop Grumman Corp.,4
2013,4,207009,AbbVie Inc.,7
2014,3,207009,AbbVie Inc.,10
2015,2,207009,AbbVie Inc.,6
2016,1,207009,AbbVie Inc.,7
2016,4,207009,AbbVie Inc.,6
2017,3,207009,AbbVie Inc.,6
2018,2,207009,AbbVie Inc.,7
2019,1,207009,AbbVie Inc.,8
2019,4,207009,AbbVie Inc.,7
2020,3,207009,AbbVie Inc.,7
2021,2,207009,AbbVie Inc.,9
2022,1,207009,AbbVie Inc.,9
2022,4,207009,AbbVie Inc.,8
2023,3,207009,AbbVie Inc.,9
2024,2,207009,AbbVie Inc.,9
2010,2,207383,United Technologies Corp.,10
2011,1,207383,United Technologies Corp.,12
2010,1,207650,Anheuser-Busch Cos. LLC,13
2010,4,207650,Anheuser-Busch Cos. LLC,14
2011,3,207650,Anheuser-Busch Cos. LLC,15
2012,2,207650,Anheuser-Busch Cos. LLC,15
2013,1,207650,Anheuser-Busch Cos. LLC,15
2013,4,207650,Anheuser-Busch Cos. LLC,16
2014,3,207650,Anheuser-Busch Cos. LLC,17
2015,2,207650,Anheuser-Busch Cos. LLC,16
2016,1,207650,Anheuser-Busch Cos. LLC,19
2016,4,207650,Anheuser-Busch Cos. LLC,16
2017,3,207650,Anheuser-Busch Cos. LLC,14
2018,2,207650,Anheuser-Busch Cos. LLC,12
2019,1,207650,Anheuser-Busch Cos. LLC,11
2022,4,210798,Verizon Communications Inc.,25
2023,3,210798,Verizon Communications Inc.,24
2024,2,210798,Verizon Communications Inc.,23
2012,4,213047,Fresenius Medical Care Holdings Inc.,3
2013,3,213047,Fresenius Medical Care Holdings Inc.,3
2014,2,213047,Fresenius Medical Care Holdings Inc.,3
2015,1,213047,Fresenius Medical Care Holdings Inc.,3
2015,4,213047,Fresenius Medical Care Holdings Inc.,3
2016,3,213047,Fresenius Medical Care Holdings Inc.,4
2017,2,213047,Fresenius Medical Care Holdings Inc.,5
2018,1,213047,Fresenius Medical Care Holdings Inc.,8
2018,4,213047,Fresenius Medical Care Holdings Inc.,7
2019,3,213047,Fresenius Medical Care Holdings Inc.,9
2020,2,213047,Fresenius Medical Care Holdings Inc.,8
2021,1,213047,Fresenius Medical Care Holdings Inc.,10
2021,4,213047,Fresenius Medical Care Holdings Inc.,11
2022,3,213047,Fresenius Medical Care Holdings Inc.,11
2019,3,204348,CTIA - The Wireless Association,17
2020,2,204348,CTIA - The Wireless Association,17
2021,1,204348,CTIA - The Wireless Association,16
2013,4,204360,UnitedHealth Group Inc.,10
2014,3,204360,UnitedHealth Group Inc.,10
2015,2,204360,UnitedHealth Group Inc.,10
2016,1,204360,UnitedHealth Group Inc.,10
2016,4,204360,UnitedHealth Group Inc.,8
2017,3,204360,UnitedHealth Group Inc.,11
2018,2,204360,UnitedHealth Group Inc.,10
2019,1,204360,UnitedHealth Group Inc.,10
2019,4,204360,UnitedHealth Group Inc.,10
2020,3,204360,UnitedHealth Group Inc.,9
2021,2,204360,UnitedHealth Group Inc.,10
2022,1,204360,UnitedHealth Group Inc.,10
2022,4,204360,UnitedHealth Group Inc.,9
2023,3,204360,UnitedHealth Group Inc.,9
2024,2,204360,UnitedHealth Group Inc.,9
2010,3,204446,IBM Corp.,5
2011,2,204446,IBM Corp.,6
2012,1,204446,IBM Corp.,7
2012,4,204446,IBM Corp.,6
2013,3,204446,IBM Corp.,5
2014,2,204446,IBM Corp.,4
2015,1,204446,IBM Corp.,3
2020,4,205878,Duke Energy Corp.,5
2021,3,205878,Duke Energy Corp.,5
2022,2,205878,Duke Energy Corp.,5
2023,1,205878,Duke Energy Corp.,5
2023,4,205878,Duke Energy Corp.,6
2024,3,205878,Duke Energy Corp.,6
2010,2,206206,Northrop Grumman Corp.,16
2011,1,206206,Northrop Grumman Corp.,20
2011,4,206206,Northrop Grumman Corp.,14
2012,3,206206,Northrop Grumman Corp.,13
2013,2,206206,Northrop Grumman Corp.,11
2014,1,206206,Northrop Grumman Corp.,12
2015,4,207383,United Technologies Corp.,13
2016,3,207383,United Technologies Corp.,13
2017,2,207383,United Technologies Corp.,13
2018,1,207383,United Technologies Corp.,14
2018,4,207383,United Technologies Corp.,9
2019,3,207383,United Technologies Corp.,12
2023,4,207650,Anheuser-Busch Cos. LLC,13
2024,3,207650,Anheuser-Busch Cos. LLC,12
2010,4,207668,Lockheed Martin Corp.,29
2011,3,207668,Lockheed Martin Corp.,26
2012,2,207668,Lockheed Martin Corp.,29
2013,1,207668,Lockheed Martin Corp.,29
2013,4,207668,Lockheed Martin Corp.,29
2014,3,207668,Lockheed Martin Corp.,28
2015,2,207668,Lockheed Martin Corp.,26
2016,1,207668,Lockheed Martin Corp.,26
2016,4,207668,Lockheed Martin Corp.,22
2017,3,207668,Lockheed Martin Corp.,18
2018,2,207668,Lockheed Martin Corp.,17
2019,1,207668,Lockheed Martin Corp.,17
2019,4,207668,Lockheed Martin Corp.,19
2020,3,207668,Lockheed Martin Corp.,15
2021,2,207668,Lockheed Martin Corp.,17
2022,1,207668,Lockheed Martin Corp.,17
2010,3,210798,Verizon Communications Inc.,41
2011,2,210798,Verizon Communications Inc.,33
2012,1,210798,Verizon Communications Inc.,28
2012,4,210798,Verizon Communications Inc.,30
2013,3,210798,Verizon Communications Inc.,31
2014,2,210798,Verizon Communications Inc.,31
2015,1,210798,Verizon Communications Inc.,26
2015,4,210798,Verizon Communications Inc.,27
2016,3,210798,Verizon Communications Inc.,26
2017,2,210798,Verizon Communications Inc.,25
2018,1,210798,Verizon Communications Inc.,27
2010,2,214730,Exxon Mobil Corp.,11
2011,1,214730,Exxon Mobil Corp.,12
2011,4,214730,Exxon Mobil Corp.,12
2012,3,214730,Exxon Mobil Corp.,13
2013,2,214730,Exxon Mobil Corp.,14
2014,1,214730,Exxon Mobil Corp.,16
2014,4,214730,Exxon Mobil Corp.,16
2015,3,214730,Exxon Mobil Corp.,14
2016,2,214730,Exxon Mobil Corp.,12
2017,1,214730,Exxon Mobil Corp.,12
2010,2,219008,American Council of Life Insurers,9
2017,2,204360,UnitedHealth Group Inc.,11
2018,1,204360,UnitedHealth Group Inc.,10
2018,4,204360,UnitedHealth Group Inc.,10
2019,3,204360,UnitedHealth Group Inc.,10
2020,2,204360,UnitedHealth Group Inc.,10
2021,1,204360,UnitedHealth Group Inc.,10
2015,4,204446,IBM Corp.,3
2016,3,204446,IBM Corp.,3
2017,2,204446,IBM Corp.,3
2018,1,204446,IBM Corp.,5
2018,4,204446,IBM Corp.,4
2019,3,204446,IBM Corp.,4
2020,2,204446,IBM Corp.,3
2021,1,204446,IBM Corp.,5
2021,4,204446,IBM Corp.,5
2022,3,204446,IBM Corp.,4
2023,2,204446,IBM Corp.,4
2024,1,204446,IBM Corp.,4
2024,4,204446,IBM Corp.,6
2010,3,205878,Duke Energy Corp.,14
2011,2,205878,Duke Energy Corp.,13
2012,1,205878,Duke Energy Corp.,12
2017,4,206073,U.S. Chamber of Commerce,10
2018,3,206073,U.S. Chamber of Commerce,10
2019,2,206073,U.S. Chamber of Commerce,10
2020,1,206073,U.S. Chamber of Commerce,6
2020,4,206073,U.S. Chamber of Commerce,5
2021,3,206073,U.S. Chamber of Commerce,6
2022,2,206073,U.S. Chamber of Commerce,6
2023,1,206073,U.S. Chamber of Commerce,4
2023,4,206073,U.S. Chamber of Commerce,4
2024,3,206073,U.S. Chamber of Commerce,3
2014,4,206206,Northrop Grumman Corp.,11
2015,3,206206,Northrop Grumman Corp.,12
2016,2,206206,Northrop Grumman Corp.,11
2017,1,206206,Northrop Grumman Corp.,10
2017,4,206206,Northrop Grumman Corp.,10
2018,3,206206,Northrop Grumman Corp.,10
2019,2,206206,Northrop Grumman Corp.,9
2020,1,206206,Northrop Grumman Corp.,8
2020,4,206206,Northrop Grumman Corp.,7
2021,3,206206,Northrop Grumman Corp.,5
2022,2,206206,Northrop Grumman Corp.,5
2023,1,206206,Northrop Grumman Corp.,5
2023,4,206206,Northrop Grumman Corp.,4
2024,3,206206,Northrop Grumman Corp.,4
2017,4,207009,AbbVie Inc.,5
2018,3,207009,AbbVie Inc.,7
2019,2,207009,AbbVie Inc.,8
2020,1,207009,AbbVie Inc.,7
2020,4,207009,AbbVie Inc.,7
2021,3,207009,AbbVie Inc.,9
2022,2,207009,AbbVie Inc.,9
2023,1,207009,AbbVie Inc.,8
2023,4,207009,AbbVie Inc.,9
2024,3,207009,AbbVie Inc.,9
2019,4,207383,United Technologies Corp.,12
2010,3,207650,Anheuser-Busch Cos. LLC,14
2011,2,207650,Anheuser-Busch Cos. LLC,15
2012,1,207650,Anheuser-Busch Cos. LLC,15
2012,4,207650,Anheuser-Busch Cos. LLC,16
2013,3,207650,Anheuser-Busch Cos. LLC,16
2014,2,207650,Anheuser-Busch Cos. LLC,17
2015,1,207650,Anheuser-Busch Cos. LLC,17
2010,3,207668,Lockheed Martin Corp.,30
2011,2,207668,Lockheed Martin Corp.,28
2012,1,207668,Lockheed Martin Corp.,27
2012,4,207668,Lockheed Martin Corp.,29
2013,3,207668,Lockheed Martin Corp.,29
2014,2,207668,Lockheed Martin Corp.,30
2015,1,207668,Lockheed Martin Corp.,28
2015,4,207668,Lockheed Martin Corp.,26
2016,3,207668,Lockheed Martin Corp.,24
2017,2,207668,Lockheed Martin Corp.,21
2018,1,207668,Lockheed Martin Corp.,17
2018,4,210798,Verizon Communications Inc.,22
2019,3,210798,Verizon Communications Inc.,25
2020,2,210798,Verizon Communications Inc.,23
2021,1,210798,Verizon Communications Inc.,24
2021,4,210798,Verizon Communications Inc.,25
2022,3,210798,Verizon Communications Inc.,25
2023,2,210798,Verizon Communications Inc.,24
2024,1,210798,Verizon Communications Inc.,24
2024,4,210798,Verizon Communications Inc.,22
2010,3,213047,Fresenius Medical Care Holdings Inc.,5
2011,2,213047,Fresenius Medical Care Holdings Inc.,6
2016,3,206206,Northrop Grumman Corp.,11
2017,2,206206,Northrop Grumman Corp.,10
2018,1,206206,Northrop Grumman Corp.,10
2011,4,207383,United Technologies Corp.,12
2012,3,207383,United Technologies Corp.,13
2013,2,207383,United Technologies Corp.,14
2014,1,207383,United Technologies Corp.,14
2014,4,207383,United Technologies Corp.,14
2015,3,207383,United Technologies Corp.,15
2016,2,207383,United Technologies Corp.,13
2017,1,207383,United Technologies Corp.,13
2017,4,207383,United Technologies Corp.,13
2018,3,207383,United Technologies Corp.,11
2019,2,207383,United Technologies Corp.,11
2020,1,207383,United Technologies Corp.,5
2014,4,207668,Lockheed Martin Corp.,28
2015,3,207668,Lockheed Martin Corp.,26
2016,2,207668,Lockheed Martin Corp.,27
2017,1,207668,Lockheed Martin Corp.,21
2017,4,207668,Lockheed Martin Corp.,17
2018,3,207668,Lockheed Martin Corp.,17
2019,2,207668,Lockheed Martin Corp.,19
2020,1,207668,Lockheed Martin Corp.,18
2020,4,207668,Lockheed Martin Corp.,16
2021,3,207668,Lockheed Martin Corp.,18
2022,2,207668,Lockheed Martin Corp.,17
2023,1,207668,Lockheed Martin Corp.,16
2023,4,207668,Lockheed Martin Corp.,13
2024,3,207668,Lockheed Martin Corp.,12
2013,4,210798,Verizon Communications Inc.,31
2014,3,210798,Verizon Communications Inc.,30
2015,2,210798,Verizon Communications Inc.,26
2016,1,210798,Verizon Communications Inc.,26
2016,4,210798,Verizon Communications Inc.,24
2017,3,210798,Verizon Communications Inc.,25
2018,2,210798,Verizon Communications Inc.,27
2019,1,210798,Verizon Communications Inc.,23
2019,4,210798,Verizon Communications Inc.,24
2020,3,210798,Verizon Communications Inc.,23
2021,2,210798,Verizon Communications Inc.,24
2022,1,210798,Verizon Communications Inc.,26
2024,4,213047,Fresenius Medical Care Holdings Inc.,9
2021,4,213715,Chevron USA Inc.,4
2022,3,213715,Chevron USA Inc.,4
2023,2,213715,Chevron USA Inc.,4
2024,1,213715,Chevron USA Inc.,4
2024,4,213715,Chevron USA Inc.,4
2010,3,214730,Exxon Mobil Corp.,11
2011,2,214730,Exxon Mobil Corp.,13
2012,1,214730,Exxon Mobil Corp.,12
2012,4,214730,Exxon Mobil Corp.,13
2013,3,214730,Exxon Mobil Corp.,14
2014,2,214730,Exxon Mobil Corp.,16
2015,1,214730,Exxon Mobil Corp.,16
2015,4,214730,Exxon Mobil Corp.,14
2016,3,214730,Exxon Mobil Corp.,12
2017,2,214730,Exxon Mobil Corp.,13
2018,1,214730,Exxon Mobil Corp.,14
2018,4,214730,Exxon Mobil Corp.,13
2019,3,214730,Exxon Mobil Corp.,12
2020,2,214730,Exxon Mobil Corp.,11
2021,1,214730,Exxon Mobil Corp.,10
2010,3,219008,American Council of Life Insurers,9
2011,2,219008,American Council of Life Insurers,7
2012,1,219008,American Council of Life Insurers,6
2012,4,219008,American Council of Life Insurers,7
2013,3,219008,American Council of Life Insurers,9
2014,2,219008,American Council of Life Insurers,4
2015,1,219008,American Council of Life Insurers,5
2015,4,219008,American Council of Life Insurers,5
2016,3,219008,American Council of Life Insurers,5
2017,2,219008,American Council of Life Insurers,6
2018,1,219008,American Council of Life Insurers,6
2010,3,221146,AARP Inc.,4
2011,2,221146,AARP Inc.,4
2012,1,221146,AARP Inc.,6
2012,4,221146,AARP Inc.,7
2013,3,221146,AARP Inc.,5
2014,2,221146,AARP Inc.,6
2015,1,221146,AARP Inc.,8
2010,3,231959,Aflac Inc.,8
2017,3,159844,Occidental Petroleum Corp.,4
2018,2,159844,Occidental Petroleum Corp.,4
2019,1,159844,Occidental Petroleum Corp.,4
2011,4,162689,Koch Cos. Public Sector LLC,8
2012,3,162689,Koch Cos. Public Sector LLC,8
2013,2,162689,Koch Cos. Public Sector LLC,8
2014,1,162689,Koch Cos. Public Sector LLC,10
2014,4,162689,Koch Cos. Public Sector LLC,11
2015,3,162689,Koch Cos. Public Sector LLC,11
2016,2,162689,Koch Cos. Public Sector LLC,8
2017,1,162689,Koch Cos. Public Sector LLC,8
2017,4,162689,Koch Cos. Public Sector LLC,10
2018,3,162689,Koch Cos. Public Sector LLC,10
2019,2,162689,Koch Cos. Public Sector LLC,8
2020,1,162689,Koch Cos. Public Sector LLC,9
2011,4,163650,PMI Global Services Inc.,7
2012,3,163650,PMI Global Services Inc.,7
2013,2,163650,PMI Global Services Inc.,9
2014,1,163650,PMI Global Services Inc.,8
2014,4,163650,PMI Global Services Inc.,7
2015,3,163650,PMI Global Services Inc.,4
2016,2,163650,PMI Global Services Inc.,5
2017,1,163650,PMI Global Services Inc.,6
2017,4,163650,PMI Global Services Inc.,6
2018,3,163650,PMI Global Services Inc.,9
2019,2,163650,PMI Global Services Inc.,8
2020,1,163650,PMI Global Services Inc.,9
2010,3,168488,Pfizer Inc.,15
2011,2,168488,Pfizer Inc.,14
2012,1,168488,Pfizer Inc.,14
2010,2,171727,"Satterwhite, Johnny Sr.",1
2011,1,171727,"Satterwhite, Johnny Sr.",1
2010,1,175545,National Association of Manufacturers,1
2010,4,175545,National Association of Manufacturers,1
2011,3,175545,National Association of Manufacturers,1
2012,2,175545,National Association of Manufacturers,1
2013,1,175545,National Association of Manufacturers,2
2013,4,175545,National Association of Manufacturers,2
2014,3,175545,National Association of Manufacturers,3
2015,2,175545,National Association of Manufacturers,3
2016,1,175545,National Association of Manufacturers,3
2010,3,177673,Wells Fargo & Co.,4
2011,2,177673,Wells Fargo & Co.,5
2012,1,177673,Wells Fargo & Co.,4
2012,4,177673,Wells Fargo & Co.,4
2013,3,177673,Wells Fargo & Co.,4
2014,2,177673,Wells Fargo & Co.,4
2015,1,177673,Wells Fargo & Co.,4
2015,4,177673,Wells Fargo & Co.,4
2016,3,177673,Wells Fargo & Co.,4
2017,2,177673,Wells Fargo & Co.,5
2018,1,177673,Wells Fargo & Co.,4
2010,1,177674,Visa Inc.,11
2010,4,177674,Visa Inc.,12
2011,3,177674,Visa Inc.,13
2012,2,177674,Visa Inc.,15
2013,1,177674,Visa Inc.,12
2010,2,200189,Coca-Cola Co.,9
2011,1,200189,Coca-Cola Co.,8
2011,4,200189,Coca-Cola Co.,7
2012,3,200189,Coca-Cola Co.,7
2013,2,200189,Coca-Cola Co.,7
2014,1,200189,Coca-Cola Co.,8
2010,2,200389,Investment Company Institute,15
2011,1,200389,Investment Company Institute,15
2012,4,201566,American Bankers Association,10
2013,3,201566,American Bankers Association,10
2014,2,201566,American Bankers Association,9
2015,1,201566,American Bankers Association,13
2015,4,201566,American Bankers Association,12
2016,3,201566,American Bankers Association,11
2017,2,201566,American Bankers Association,10
2018,1,201566,American Bankers Association,11
2018,4,201566,American Bankers Association,11
2019,3,201566,American Bankers Association,10
2020,2,201566,American Bankers Association,11
2021,1,201566,American Bankers Association,11
2021,4,201566,American Bankers Association,10
2022,3,201566,American Bankers Association,10
2014,1,213047,Fresenius Medical Care Holdings Inc.,3
2014,4,213047,Fresenius Medical Care Holdings Inc.,2
2015,3,213047,Fresenius Medical Care Holdings Inc.,3
2016,2,213047,Fresenius Medical Care Holdings Inc.,4
2017,1,213047,Fresenius Medical Care Holdings Inc.,4
2017,4,213047,Fresenius Medical Care Holdings Inc.,7
2018,3,213047,Fresenius Medical Care Holdings Inc.,8
2019,2,213047,Fresenius Medical Care Holdings Inc.,8
2020,1,213047,Fresenius Medical Care Holdings Inc.,8
2010,2,213715,Chevron USA Inc.,4
2011,1,213715,Chevron USA Inc.,3
2011,4,213715,Chevron USA Inc.,3
2012,3,213715,Chevron USA Inc.,4
2013,2,213715,Chevron USA Inc.,4
2014,1,213715,Chevron USA Inc.,4
2014,4,213715,Chevron USA Inc.,4
2015,3,213715,Chevron USA Inc.,4
2016,2,213715,Chevron USA Inc.,3
2017,1,213715,Chevron USA Inc.,4
2022,4,219008,American Council of Life Insurers,4
2023,3,219008,American Council of Life Insurers,5
2024,2,219008,American Council of Life Insurers,5
2019,4,221146,AARP Inc.,5
2020,3,221146,AARP Inc.,6
2021,2,221146,AARP Inc.,7
2022,1,221146,AARP Inc.,9
2022,4,221146,AARP Inc.,9
2023,3,221146,AARP Inc.,12
2024,2,221146,AARP Inc.,10
2010,4,230368,Genentech Inc.,19
2011,3,230368,Genentech Inc.,23
2012,2,230368,Genentech Inc.,21
2013,1,230368,Genentech Inc.,24
2013,4,230368,Genentech Inc.,23
2014,3,230368,Genentech Inc.,22
2015,2,230368,Genentech Inc.,21
2016,1,230368,Genentech Inc.,20
2016,4,230368,Genentech Inc.,20
2017,3,230368,Genentech Inc.,18
2018,2,230368,Genentech Inc.,19
2019,1,230368,Genentech Inc.,19
2019,4,230368,Genentech Inc.,20
2020,3,230368,Genentech Inc.,18
2021,2,230368,Genentech Inc.,17
2022,1,230368,Genentech Inc.,18
2019,4,231959,Aflac Inc.,10
2020,3,231959,Aflac Inc.,10
2021,2,231959,Aflac Inc.,8
2022,1,231959,Aflac Inc.,7
2022,4,231959,Aflac Inc.,7
2023,3,231959,Aflac Inc.,7
2024,2,231959,Aflac Inc.,8
2010,3,231960,Microsoft Corp.,23
2011,2,231960,Microsoft Corp.,21
2012,1,231960,Microsoft Corp.,22
2012,4,231960,Microsoft Corp.,23
2013,3,231960,Microsoft Corp.,24
2014,2,231960,Microsoft Corp.,23
2015,1,231960,Microsoft Corp.,24
2015,4,231960,Microsoft Corp.,23
2016,3,231960,Microsoft Corp.,26
2017,2,231960,Microsoft Corp.,24
2018,1,231960,Microsoft Corp.,24
2012,4,231962,General Dynamics Corp.,27
2013,3,231962,General Dynamics Corp.,23
2014,2,231962,General Dynamics Corp.,20
2015,1,231962,General Dynamics Corp.,21
2015,4,231962,General Dynamics Corp.,20
2016,3,231962,General Dynamics Corp.,23
2017,2,231962,General Dynamics Corp.,24
2018,1,231962,General Dynamics Corp.,21
2018,4,231962,General Dynamics Corp.,19
2019,3,231962,General Dynamics Corp.,19
2020,2,231962,General Dynamics Corp.,19
2021,1,231962,General Dynamics Corp.,18
2021,4,231962,General Dynamics Corp.,18
2022,3,231962,General Dynamics Corp.,18
2023,2,231962,General Dynamics Corp.,20
2024,1,231962,General Dynamics Corp.,20
2010,4,232055,Edison Electric Institute,19
2011,3,232055,Edison Electric Institute,18
2012,2,232055,Edison Electric Institute,19
2013,1,232055,Edison Electric Institute,18
2013,4,232055,Edison Electric Institute,17
2014,3,232055,Edison Electric Institute,18
2015,2,232055,Edison Electric Institute,19
2016,1,232055,Edison Electric Institute,19
2016,4,232055,Edison Electric Institute,15
2024,4,231959,Aflac Inc.,8
2010,4,231960,Microsoft Corp.,20
2011,3,231960,Microsoft Corp.,20
2012,2,231960,Microsoft Corp.,21
2013,1,231960,Microsoft Corp.,24
2013,4,231960,Microsoft Corp.,24
2014,3,231960,Microsoft Corp.,23
2015,2,231960,Microsoft Corp.,23
2016,1,231960,Microsoft Corp.,24
2016,4,231960,Microsoft Corp.,23
2017,3,231960,Microsoft Corp.,24
2018,2,231960,Microsoft Corp.,23
2019,1,231960,Microsoft Corp.,24
2019,4,231960,Microsoft Corp.,25
2020,3,231960,Microsoft Corp.,27
2021,2,231960,Microsoft Corp.,25
2022,1,231960,Microsoft Corp.,23
2010,3,231962,General Dynamics Corp.,29
2011,2,231962,General Dynamics Corp.,31
2012,1,231962,General Dynamics Corp.,30
2010,3,232055,Edison Electric Institute,20
2011,2,232055,Edison Electric Institute,19
2012,1,232055,Edison Electric Institute,19
2012,4,232055,Edison Electric Institute,19
2013,3,232055,Edison Electric Institute,18
2014,2,232055,Edison Electric Institute,18
2015,1,232055,Edison Electric Institute,17
2010,2,232061,Entertainment Software Association,6
2011,1,232061,Entertainment Software Association,6
2011,4,232061,Entertainment Software Association,7
2012,3,232061,Entertainment Software Association,7
2013,2,232061,Entertainment Software Association,8
2014,1,232061,Entertainment Software Association,7
2014,4,232061,Entertainment Software Association,7
2015,3,232061,Entertainment Software Association,7
2016,2,232061,Entertainment Software Association,7
2017,1,232061,Entertainment Software Association,9
2013,4,232646,Intel Corp.,13
2014,3,232646,Intel Corp.,12
2015,2,232646,Intel Corp.,12
2016,1,232646,Intel Corp.,15
2016,4,232646,Intel Corp.,16
2017,3,232646,Intel Corp.,18
2018,2,232646,Intel Corp.,15
2019,1,232646,Intel Corp.,15
2019,4,232646,Intel Corp.,14
2020,3,232646,Intel Corp.,14
2021,2,232646,Intel Corp.,12
2022,1,232646,Intel Corp.,16
2022,4,232646,Intel Corp.,12
2023,3,232646,Intel Corp.,11
2024,2,232646,Intel Corp.,10
2022,4,232657,Shell USA Inc.,5
2023,3,232657,Shell USA Inc.,5
2024,2,232657,Shell USA Inc.,6
2010,1,234639,NCTA - The Internet & Television Association,30
2010,4,234639,NCTA - The Internet & Television Association,29
2011,3,234639,NCTA - The Internet & Television Association,28
2012,2,234639,NCTA - The Internet & Television Association,27
2013,1,234639,NCTA - The Internet & Television Association,26
2010,1,236879,BP America Inc.,8
2010,4,236879,BP America Inc.,7
2011,3,236879,BP America Inc.,9
2012,2,236879,BP America Inc.,9
2013,1,236879,BP America Inc.,8
2013,4,236879,BP America Inc.,8
2014,3,236879,BP America Inc.,9
2015,2,236879,BP America Inc.,7
2016,1,236879,BP America Inc.,7
2010,2,237941,American Petroleum Institute,10
2011,1,237941,American Petroleum Institute,9
2018,4,243759,Pacific Gas and Electric Co.,7
2019,3,243759,Pacific Gas and Electric Co.,6
2020,2,243759,Pacific Gas and Electric Co.,6
2021,1,243759,Pacific Gas and Electric Co.,6
2021,4,243759,Pacific Gas and Electric Co.,7
2022,3,243759,Pacific Gas and Electric Co.,7
2023,2,243759,Pacific Gas and Electric Co.,4
2024,1,243759,Pacific Gas and Electric Co.,4
2024,4,243759,Pacific Gas and Electric Co.,3
2010,1,252337,U.S. Chamber of Commerce Institute for Legal Reform,14
2010,4,252337,U.S. Chamber of Commerce Institute for Legal Reform,14
2011,2,231959,Aflac Inc.,8
2012,1,231959,Aflac Inc.,8
2012,4,231959,Aflac Inc.,7
2013,3,231959,Aflac Inc.,6
2014,2,231959,Aflac Inc.,7
2015,1,231959,Aflac Inc.,7
2022,4,231960,Microsoft Corp.,21
2023,3,231960,Microsoft Corp.,21
2024,2,231960,Microsoft Corp.,22
2023,4,232055,Edison Electric Institute,10
2024,3,232055,Edison Electric Institute,9
2010,3,232061,Entertainment Software Association,6
2011,2,232061,Entertainment Software Association,7
2012,1,232061,Entertainment Software Association,7
2012,4,232061,Entertainment Software Association,7
2013,3,232061,Entertainment Software Association,8
2014,2,232061,Entertainment Software Association,7
2015,1,232061,Entertainment Software Association,7
2015,4,232061,Entertainment Software Association,7
2016,3,232061,Entertainment Software Association,7
2017,2,232061,Entertainment Software Association,8
2018,1,232061,Entertainment Software Association,7
2018,4,232061,Entertainment Software Association,7
2019,3,232061,Entertainment Software Association,6
2020,2,232061,Entertainment Software Association,3
2021,1,232061,Entertainment Software Association,3
2010,3,232646,Intel Corp.,9
2011,2,232646,Intel Corp.,11
2012,1,232646,Intel Corp.,11
2012,4,232646,Intel Corp.,10
2013,3,232646,Intel Corp.,13
2014,2,232646,Intel Corp.,12
2015,1,232646,Intel Corp.,11
2015,4,232646,Intel Corp.,16
2016,3,232646,Intel Corp.,17
2017,2,232646,Intel Corp.,17
2018,1,232646,Intel Corp.,15
2018,4,232646,Intel Corp.,16
2019,3,232646,Intel Corp.,15
2020,2,232646,Intel Corp.,14
2021,1,232646,Intel Corp.,14
2021,4,234639,NCTA - The Internet & Television Association,27
2022,3,234639,NCTA - The Internet & Television Association,27
2023,2,234639,NCTA - The Internet & Television Association,27
2024,1,234639,NCTA - The Internet & Television Association,27
2024,4,234639,NCTA - The Internet & Television Association,23
2024,4,236879,BP America Inc.,7
2010,3,237941,American Petroleum Institute,11
2011,2,237941,American Petroleum Institute,8
2012,1,237941,American Petroleum Institute,7
2010,3,240949,Comcast Corp.,30
2011,2,240949,Comcast Corp.,32
2012,1,240949,Comcast Corp.,34
2010,3,243759,Pacific Gas and Electric Co.,2
2011,2,243759,Pacific Gas and Electric Co.,2
2012,1,243759,Pacific Gas and Electric Co.,3
2012,4,243759,Pacific Gas and Electric Co.,3
2013,3,243759,Pacific Gas and Electric Co.,4
2014,2,243759,Pacific Gas and Electric Co.,4
2015,1,243759,Pacific Gas and Electric Co.,4
2015,4,243759,Pacific Gas and Electric Co.,5
2016,3,243759,Pacific Gas and Electric Co.,5
2017,2,243759,Pacific Gas and Electric Co.,6
2018,1,243759,Pacific Gas and Electric Co.,8
2010,2,252337,U.S. Chamber of Commerce Institute for Legal Reform,14
2011,1,252337,U.S. Chamber of Commerce Institute for Legal Reform,16
2011,4,252337,U.S. Chamber of Commerce Institute for Legal Reform,15
2012,3,252337,U.S. Chamber of Commerce Institute for Legal Reform,15
2013,2,252337,U.S. Chamber of Commerce Institute for Legal Reform,14
2014,1,252337,U.S. Chamber of Commerce Institute for Legal Reform,16
2014,4,252337,U.S. Chamber of Commerce Institute for Legal Reform,17
2015,3,252337,U.S. Chamber of Commerce Institute for Legal Reform,20
2016,2,252337,U.S. Chamber of Commerce Institute for Legal Reform,19
2017,1,252337,U.S. Chamber of Commerce Institute for Legal Reform,16
2011,1,219008,American Council of Life Insurers,7
2011,4,219008,American Council of Life Insurers,6
2012,3,219008,American Council of Life Insurers,6
2013,2,219008,American Council of Life Insurers,9
2014,1,219008,American Council of Life Insurers,4
2014,4,219008,American Council of Life Insurers,6
2015,3,219008,American Council of Life Insurers,5
2016,2,219008,American Council of Life Insurers,5
2017,1,219008,American Council of Life Insurers,6
2010,2,221146,AARP Inc.,4
2011,1,221146,AARP Inc.,4
2022,4,230368,Genentech Inc.,16
2023,3,230368,Genentech Inc.,16
2024,2,230368,Genentech Inc.,16
2010,4,231959,Aflac Inc.,8
2011,3,231959,Aflac Inc.,8
2012,2,231959,Aflac Inc.,7
2013,1,231959,Aflac Inc.,7
2013,4,231959,Aflac Inc.,6
2014,3,231959,Aflac Inc.,7
2015,2,231959,Aflac Inc.,6
2016,1,231959,Aflac Inc.,7
2016,4,231959,Aflac Inc.,7
2017,3,231959,Aflac Inc.,7
2018,2,231959,Aflac Inc.,8
2019,1,231959,Aflac Inc.,9
2018,4,231960,Microsoft Corp.,23
2019,3,231960,Microsoft Corp.,24
2020,2,231960,Microsoft Corp.,26
2021,1,231960,Microsoft Corp.,26
2021,4,231960,Microsoft Corp.,25
2022,3,231960,Microsoft Corp.,21
2023,2,231960,Microsoft Corp.,21
2024,1,231960,Microsoft Corp.,22
2024,4,231960,Microsoft Corp.,18
2024,4,231962,General Dynamics Corp.,20
2010,1,232055,Edison Electric Institute,20
2010,1,232057,Southern Co.,10
2010,4,232057,Southern Co.,10
2011,3,232057,Southern Co.,11
2012,2,232057,Southern Co.,10
2013,1,232057,Southern Co.,10
2013,4,232061,Entertainment Software Association,7
2014,3,232061,Entertainment Software Association,7
2015,2,232061,Entertainment Software Association,7
2016,1,232061,Entertainment Software Association,7
2016,4,232061,Entertainment Software Association,6
2017,3,232061,Entertainment Software Association,8
2018,2,232061,Entertainment Software Association,7
2019,1,232061,Entertainment Software Association,7
2019,4,232061,Entertainment Software Association,6
2020,3,232061,Entertainment Software Association,3
2021,2,232061,Entertainment Software Association,4
2022,1,232061,Entertainment Software Association,5
2022,4,232061,Entertainment Software Association,5
2023,3,232061,Entertainment Software Association,6
2024,2,232061,Entertainment Software Association,6
2010,2,232646,Intel Corp.,9
2011,1,232646,Intel Corp.,11
2011,4,232646,Intel Corp.,11
2012,3,232646,Intel Corp.,10
2013,2,232646,Intel Corp.,12
2014,1,232646,Intel Corp.,13
2014,4,232646,Intel Corp.,12
2015,3,232646,Intel Corp.,12
2016,2,232646,Intel Corp.,15
2017,1,232646,Intel Corp.,17
2010,1,232657,Shell USA Inc.,8
2010,1,237941,American Petroleum Institute,10
2010,4,237941,American Petroleum Institute,9
2011,3,237941,American Petroleum Institute,8
2012,2,237941,American Petroleum Institute,8
2013,1,237941,American Petroleum Institute,8
2013,4,237941,American Petroleum Institute,7
2014,3,237941,American Petroleum Institute,7
2015,2,237941,American Petroleum Institute,6
2016,1,237941,American Petroleum Institute,6
2010,1,240949,Comcast Corp.,31
2010,4,240949,Comcast Corp.,30
2011,3,240949,Comcast Corp.,35
2012,2,240949,Comcast Corp.,35
2013,1,240949,Comcast Corp.,34
2013,4,240949,Comcast Corp.,32
2014,3,240949,Comcast Corp.,42
2015,2,240949,Comcast Corp.,40
2016,1,240949,Comcast Corp.,37
2017,3,234639,NCTA - The Internet & Television Association,23
2018,2,234639,NCTA - The Internet & Television Association,24
2019,1,234639,NCTA - The Internet & Television Association,24
2019,4,234639,NCTA - The Internet & Television Association,25
2020,3,234639,NCTA - The Internet & Television Association,26
2021,2,234639,NCTA - The Internet & Television Association,27
2022,1,234639,NCTA - The Internet & Television Association,27
2022,4,234639,NCTA - The Internet & Television Association,28
2023,3,234639,NCTA - The Internet & Television Association,27
2024,2,234639,NCTA - The Internet & Television Association,27
2016,4,236879,BP America Inc.,7
2017,3,236879,BP America Inc.,9
2018,2,236879,BP America Inc.,7
2019,1,236879,BP America Inc.,8
2019,4,236879,BP America Inc.,8
2020,3,236879,BP America Inc.,9
2021,2,236879,BP America Inc.,8
2022,1,236879,BP America Inc.,9
2022,4,236879,BP America Inc.,9
2023,3,236879,BP America Inc.,9
2024,2,236879,BP America Inc.,8
2011,4,237941,American Petroleum Institute,8
2012,3,237941,American Petroleum Institute,8
2013,2,237941,American Petroleum Institute,8
2014,1,237941,American Petroleum Institute,7
2014,4,237941,American Petroleum Institute,6
2015,3,237941,American Petroleum Institute,6
2016,2,237941,American Petroleum Institute,6
2017,1,237941,American Petroleum Institute,6
2017,4,237941,American Petroleum Institute,5
2018,3,237941,American Petroleum Institute,5
2019,2,237941,American Petroleum Institute,4
2020,1,237941,American Petroleum Institute,6
2010,2,240949,Comcast Corp.,30
2011,1,240949,Comcast Corp.,30
2011,4,240949,Comcast Corp.,35
2012,3,240949,Comcast Corp.,34
2013,2,240949,Comcast Corp.,32
2014,1,240949,Comcast Corp.,39
2014,4,240949,Comcast Corp.,40
2015,3,240949,Comcast Corp.,38
2016,2,240949,Comcast Corp.,38
2017,1,240949,Comcast Corp.,40
2017,4,240949,Comcast Corp.,40
2018,3,240949,Comcast Corp.,41
2019,2,240949,Comcast Corp.,40
2020,1,240949,Comcast Corp.,44
2010,1,243759,Pacific Gas and Electric Co.,2
2013,4,252337,U.S. Chamber of Commerce Institute for Legal Reform,16
2014,3,252337,U.S. Chamber of Commerce Institute for Legal Reform,17
2015,2,252337,U.S. Chamber of Commerce Institute for Legal Reform,20
2016,1,252337,U.S. Chamber of Commerce Institute for Legal Reform,19
2016,4,252337,U.S. Chamber of Commerce Institute for Legal Reform,17
2017,3,252337,U.S. Chamber of Commerce Institute for Legal Reform,17
2018,2,252337,U.S. Chamber of Commerce Institute for Legal Reform,16
2019,1,252337,U.S. Chamber of Commerce Institute for Legal Reform,16
2019,4,252337,U.S. Chamber of Commerce Institute for Legal Reform,13
2020,3,252337,U.S. Chamber of Commerce Institute for Legal Reform,10
2021,2,252337,U.S. Chamber of Commerce Institute for Legal Reform,9
2022,1,252337,U.S. Chamber of Commerce Institute for Legal Reform,9
2022,4,252337,U.S. Chamber of Commerce Institute for Legal Reform,9
2023,3,252337,U.S. Chamber of Commerce Institute for Legal Reform,10
2024,2,252337,U.S. Chamber of Commerce Institute for Legal Reform,11
2010,1,278637,FedEx Corp.,16
2010,1,298843,T-Mobile USA Inc.,10
2010,1,300447,Novartis Corp.,10
2010,2,306043,Pharmaceutical Research and Manufacturers of America,37
2011,1,306043,Pharmaceutical Research and Manufacturers of America,33
2011,4,306043,Pharmaceutical Research and Manufacturers of America,36
2023,2,213047,Fresenius Medical Care Holdings Inc.,11
2024,1,213047,Fresenius Medical Care Holdings Inc.,9
2010,3,213715,Chevron USA Inc.,3
2011,2,213715,Chevron USA Inc.,3
2012,1,213715,Chevron USA Inc.,3
2012,4,213715,Chevron USA Inc.,4
2013,3,213715,Chevron USA Inc.,4
2014,2,213715,Chevron USA Inc.,4
2015,1,213715,Chevron USA Inc.,4
2015,4,213715,Chevron USA Inc.,3
2016,3,213715,Chevron USA Inc.,4
2017,2,213715,Chevron USA Inc.,4
2018,1,213715,Chevron USA Inc.,4
2018,4,213715,Chevron USA Inc.,4
2019,3,213715,Chevron USA Inc.,4
2020,2,213715,Chevron USA Inc.,5
2021,1,213715,Chevron USA Inc.,5
2021,4,214730,Exxon Mobil Corp.,11
2022,3,214730,Exxon Mobil Corp.,12
2023,2,214730,Exxon Mobil Corp.,9
2024,1,214730,Exxon Mobil Corp.,9
2024,4,214730,Exxon Mobil Corp.,8
2018,4,219008,American Council of Life Insurers,6
2019,3,219008,American Council of Life Insurers,4
2020,2,219008,American Council of Life Insurers,4
2021,1,219008,American Council of Life Insurers,4
2021,4,219008,American Council of Life Insurers,4
2022,3,219008,American Council of Life Insurers,4
2023,2,219008,American Council of Life Insurers,5
2024,1,219008,American Council of Life Insurers,4
2024,4,219008,American Council of Life Insurers,8
2015,4,221146,AARP Inc.,8
2016,3,221146,AARP Inc.,8
2017,2,221146,AARP Inc.,8
2018,1,221146,AARP Inc.,8
2018,4,221146,AARP Inc.,6
2019,3,221146,AARP Inc.,7
2020,2,221146,AARP Inc.,6
2021,1,221146,AARP Inc.,7
2021,4,221146,AARP Inc.,8
2022,3,221146,AARP Inc.,10
2023,2,221146,AARP Inc.,12
2024,1,221146,AARP Inc.,11
2024,4,221146,AARP Inc.,10
2010,3,230368,Genentech Inc.,21
2011,2,230368,Genentech Inc.,23
2012,1,230368,Genentech Inc.,23
2012,4,230368,Genentech Inc.,24
2013,3,230368,Genentech Inc.,24
2014,2,230368,Genentech Inc.,24
2015,1,230368,Genentech Inc.,21
2015,4,230368,Genentech Inc.,18
2016,3,230368,Genentech Inc.,20
2017,2,230368,Genentech Inc.,17
2018,1,230368,Genentech Inc.,18
2023,4,231959,Aflac Inc.,7
2024,3,231959,Aflac Inc.,8
2010,2,231960,Microsoft Corp.,23
2011,1,231960,Microsoft Corp.,22
2011,4,231960,Microsoft Corp.,20
2012,3,231960,Microsoft Corp.,21
2013,2,231960,Microsoft Corp.,24
2014,1,231960,Microsoft Corp.,23
2010,2,231962,General Dynamics Corp.,28
2011,1,231962,General Dynamics Corp.,30
2011,4,231962,General Dynamics Corp.,31
2012,3,231962,General Dynamics Corp.,29
2013,2,231962,General Dynamics Corp.,24
2014,1,231962,General Dynamics Corp.,21
2014,4,231962,General Dynamics Corp.,21
2015,3,231962,General Dynamics Corp.,21
2016,2,231962,General Dynamics Corp.,23
2017,1,231962,General Dynamics Corp.,25
2017,4,231962,General Dynamics Corp.,22
2018,3,231962,General Dynamics Corp.,21
2019,2,231962,General Dynamics Corp.,20
2020,1,231962,General Dynamics Corp.,20
2011,4,232055,Edison Electric Institute,19
2012,3,232055,Edison Electric Institute,19
2013,2,232055,Edison Electric Institute,18
2014,1,232055,Edison Electric Institute,17
2014,4,232055,Edison Electric Institute,18
2015,3,232055,Edison Electric Institute,19
2016,2,232055,Edison Electric Institute,21
2017,1,232055,Edison Electric Institute,15
2017,4,232055,Edison Electric Institute,15
2018,3,232055,Edison Electric Institute,11
2019,2,232055,Edison Electric Institute,12
2023,2,201566,American Bankers Association,11
2024,1,201566,American Bankers Association,11
2010,2,201568,NextEra Energy Inc.,9
2011,1,201568,NextEra Energy Inc.,9
2011,4,201568,NextEra Energy Inc.,9
2012,3,201568,NextEra Energy Inc.,10
2013,2,201568,NextEra Energy Inc.,9
2014,1,201568,NextEra Energy Inc.,9
2010,3,202255,American Chemistry Council Inc.,15
2011,2,202255,American Chemistry Council Inc.,18
2012,1,202255,American Chemistry Council Inc.,16
2011,4,202983,Honeywell International Inc.,11
2012,3,202983,Honeywell International Inc.,11
2013,2,202983,Honeywell International Inc.,11
2014,1,202983,Honeywell International Inc.,10
2014,4,202983,Honeywell International Inc.,9
2015,3,202983,Honeywell International Inc.,8
2016,2,202983,Honeywell International Inc.,8
2017,1,202983,Honeywell International Inc.,8
2017,4,202983,Honeywell International Inc.,9
2018,3,202983,Honeywell International Inc.,10
2019,2,202983,Honeywell International Inc.,11
2020,1,202983,Honeywell International Inc.,7
2020,4,202983,Honeywell International Inc.,7
2021,3,202983,Honeywell International Inc.,7
2022,2,202983,Honeywell International Inc.,7
2023,1,202983,Honeywell International Inc.,8
2017,4,204348,CTIA - The Wireless Association,11
2018,3,204348,CTIA - The Wireless Association,14
2019,2,204348,CTIA - The Wireless Association,17
2020,1,204348,CTIA - The Wireless Association,16
2020,4,204348,CTIA - The Wireless Association,16
2021,3,204348,CTIA - The Wireless Association,17
2022,2,204348,CTIA - The Wireless Association,17
2023,1,204348,CTIA - The Wireless Association,23
2023,4,204348,CTIA - The Wireless Association,22
2024,3,204348,CTIA - The Wireless Association,23
2010,1,204357,Oracle Corp.,12
2010,4,204357,Oracle Corp.,8
2011,3,204357,Oracle Corp.,7
2012,2,204357,Oracle Corp.,8
2013,1,204357,Oracle Corp.,9
2013,4,204357,Oracle Corp.,8
2014,3,204357,Oracle Corp.,10
2015,2,204357,Oracle Corp.,12
2016,1,204357,Oracle Corp.,14
2021,4,204360,UnitedHealth Group Inc.,11
2022,3,204360,UnitedHealth Group Inc.,9
2023,2,204360,UnitedHealth Group Inc.,9
2024,1,204360,UnitedHealth Group Inc.,9
2024,4,204360,UnitedHealth Group Inc.,9
2012,4,205878,Duke Energy Corp.,11
2013,3,205878,Duke Energy Corp.,10
2014,2,205878,Duke Energy Corp.,9
2015,1,205878,Duke Energy Corp.,9
2015,4,205878,Duke Energy Corp.,5
2016,3,205878,Duke Energy Corp.,5
2017,2,205878,Duke Energy Corp.,4
2018,1,205878,Duke Energy Corp.,4
2018,4,205878,Duke Energy Corp.,4
2019,3,205878,Duke Energy Corp.,5
2020,2,205878,Duke Energy Corp.,5
2021,1,205878,Duke Energy Corp.,5
2021,4,205878,Duke Energy Corp.,5
2022,3,205878,Duke Energy Corp.,5
2023,2,205878,Duke Energy Corp.,5
2024,1,205878,Duke Energy Corp.,6
2010,2,206073,U.S. Chamber of Commerce,15
2011,1,206073,U.S. Chamber of Commerce,19
2011,4,206073,U.S. Chamber of Commerce,18
2012,3,206073,U.S. Chamber of Commerce,15
2013,2,206073,U.S. Chamber of Commerce,16
2014,1,206073,U.S. Chamber of Commerce,15
2014,4,206073,U.S. Chamber of Commerce,12
2015,3,206073,U.S. Chamber of Commerce,11
2016,2,206073,U.S. Chamber of Commerce,9
2017,1,206073,U.S. Chamber of Commerce,10
2013,2,207009,AbbVie Inc.,6
2014,1,207009,AbbVie Inc.,7
2014,4,207009,AbbVie Inc.,9
2015,3,207009,AbbVie Inc.,6
2016,2,207009,AbbVie Inc.,6
2017,3,232055,Edison Electric Institute,16
2018,2,232055,Edison Electric Institute,11
2019,1,232055,Edison Electric Institute,12
2013,4,232057,Southern Co.,10
2014,3,232057,Southern Co.,11
2015,2,232057,Southern Co.,10
2016,1,232057,Southern Co.,10
2016,4,232057,Southern Co.,9
2017,3,232057,Southern Co.,11
2018,2,232057,Southern Co.,10
2019,1,232057,Southern Co.,9
2019,4,232057,Southern Co.,9
2020,3,232057,Southern Co.,9
2021,2,232057,Southern Co.,9
2022,1,232057,Southern Co.,9
2022,4,232057,Southern Co.,10
2023,3,232057,Southern Co.,10
2024,2,232057,Southern Co.,9
2010,4,232657,Shell USA Inc.,8
2011,3,232657,Shell USA Inc.,9
2012,2,232657,Shell USA Inc.,7
2013,1,232657,Shell USA Inc.,6
2013,4,232657,Shell USA Inc.,7
2014,3,232657,Shell USA Inc.,7
2015,2,232657,Shell USA Inc.,9
2016,1,232657,Shell USA Inc.,9
2016,4,232657,Shell USA Inc.,5
2017,3,232657,Shell USA Inc.,7
2018,2,232657,Shell USA Inc.,8
2019,1,232657,Shell USA Inc.,5
2019,4,232657,Shell USA Inc.,6
2020,3,232657,Shell USA Inc.,5
2021,2,232657,Shell USA Inc.,5
2022,1,232657,Shell USA Inc.,5
2010,2,234639,NCTA - The Internet & Television Association,29
2011,1,234639,NCTA - The Internet & Television Association,28
2011,4,234639,NCTA - The Internet & Television Association,28
2012,3,234639,NCTA - The Internet & Television Association,27
2013,2,234639,NCTA - The Internet & Television Association,25
2014,1,234639,NCTA - The Internet & Television Association,25
2014,4,234639,NCTA - The Internet & Television Association,20
2015,3,234639,NCTA - The Internet & Television Association,22
2016,2,234639,NCTA - The Internet & Television Association,22
2017,1,234639,NCTA - The Internet & Television Association,22
2010,2,236879,BP America Inc.,8
2011,1,236879,BP America Inc.,8
2011,4,236879,BP America Inc.,9
2012,3,236879,BP America Inc.,9
2013,2,236879,BP America Inc.,8
2014,1,236879,BP America Inc.,8
2014,4,236879,BP America Inc.,8
2015,3,236879,BP America Inc.,7
2016,2,236879,BP America Inc.,7
2017,1,236879,BP America Inc.,7
2017,4,236879,BP America Inc.,7
2018,3,236879,BP America Inc.,8
2019,2,236879,BP America Inc.,8
2020,1,236879,BP America Inc.,8
2016,4,237941,American Petroleum Institute,6
2017,3,237941,American Petroleum Institute,6
2018,2,237941,American Petroleum Institute,4
2019,1,237941,American Petroleum Institute,4
2019,4,237941,American Petroleum Institute,5
2020,3,237941,American Petroleum Institute,7
2021,2,237941,American Petroleum Institute,7
2022,1,237941,American Petroleum Institute,6
2022,4,237941,American Petroleum Institute,6
2023,3,237941,American Petroleum Institute,5
2024,2,237941,American Petroleum Institute,5
2016,4,240949,Comcast Corp.,38
2017,3,240949,Comcast Corp.,41
2018,2,240949,Comcast Corp.,41
2019,1,240949,Comcast Corp.,40
2019,4,240949,Comcast Corp.,43
2020,3,240949,Comcast Corp.,36
2021,2,240949,Comcast Corp.,38
2022,1,240949,Comcast Corp.,40
2022,4,240949,Comcast Corp.,37
2023,3,240949,Comcast Corp.,36
2024,2,240949,Comcast Corp.,37
2022,4,243759,Pacific Gas and Electric Co.,6
2023,3,243759,Pacific Gas and Electric Co.,4
2024,2,243759,Pacific Gas and Electric Co.,3
2021,4,252337,U.S. Chamber of Commerce Institute for Legal Reform,9
2022,3,252337,U.S. Chamber of Commerce Institute for Legal Reform,9
2012,1,213047,Fresenius Medical Care Holdings Inc.,6
2017,4,214730,Exxon Mobil Corp.,13
2018,3,214730,Exxon Mobil Corp.,13
2019,2,214730,Exxon Mobil Corp.,13
2020,1,214730,Exxon Mobil Corp.,12
2020,4,214730,Exxon Mobil Corp.,10
2021,3,214730,Exxon Mobil Corp.,11
2022,2,214730,Exxon Mobil Corp.,12
2023,1,214730,Exxon Mobil Corp.,11
2023,4,214730,Exxon Mobil Corp.,10
2024,3,214730,Exxon Mobil Corp.,9
2010,1,219008,American Council of Life Insurers,10
2010,4,219008,American Council of Life Insurers,9
2011,3,219008,American Council of Life Insurers,7
2012,2,219008,American Council of Life Insurers,6
2013,1,219008,American Council of Life Insurers,10
2011,4,221146,AARP Inc.,6
2012,3,221146,AARP Inc.,7
2013,2,221146,AARP Inc.,6
2014,1,221146,AARP Inc.,5
2014,4,221146,AARP Inc.,5
2015,3,221146,AARP Inc.,8
2016,2,221146,AARP Inc.,8
2017,1,221146,AARP Inc.,8
2017,4,221146,AARP Inc.,10
2018,3,221146,AARP Inc.,6
2019,2,221146,AARP Inc.,7
2020,1,221146,AARP Inc.,6
2020,4,221146,AARP Inc.,6
2021,3,221146,AARP Inc.,7
2022,2,221146,AARP Inc.,9
2023,1,221146,AARP Inc.,10
2018,4,230368,Genentech Inc.,19
2019,3,230368,Genentech Inc.,19
2020,2,230368,Genentech Inc.,18
2021,1,230368,Genentech Inc.,17
2021,4,230368,Genentech Inc.,18
2022,3,230368,Genentech Inc.,18
2023,2,230368,Genentech Inc.,16
2024,1,230368,Genentech Inc.,16
2024,4,230368,Genentech Inc.,16
2014,4,231959,Aflac Inc.,6
2015,3,231959,Aflac Inc.,6
2016,2,231959,Aflac Inc.,7
2017,1,231959,Aflac Inc.,8
2017,4,231959,Aflac Inc.,8
2018,3,231959,Aflac Inc.,8
2019,2,231959,Aflac Inc.,11
2020,1,231959,Aflac Inc.,11
2020,4,231959,Aflac Inc.,8
2021,3,231959,Aflac Inc.,8
2022,2,231959,Aflac Inc.,7
2023,1,231959,Aflac Inc.,7
2014,4,231960,Microsoft Corp.,22
2015,3,231960,Microsoft Corp.,23
2016,2,231960,Microsoft Corp.,25
2017,1,231960,Microsoft Corp.,23
2017,4,231960,Microsoft Corp.,23
2018,3,231960,Microsoft Corp.,23
2019,2,231960,Microsoft Corp.,25
2020,1,231960,Microsoft Corp.,25
2020,4,231960,Microsoft Corp.,24
2021,3,231960,Microsoft Corp.,26
2022,2,231960,Microsoft Corp.,22
2023,1,231960,Microsoft Corp.,21
2023,4,231960,Microsoft Corp.,22
2024,3,231960,Microsoft Corp.,21
2010,1,231962,General Dynamics Corp.,26
2010,4,231962,General Dynamics Corp.,29
2011,3,231962,General Dynamics Corp.,30
2012,2,231962,General Dynamics Corp.,29
2013,1,231962,General Dynamics Corp.,23
2013,4,231962,General Dynamics Corp.,20
2014,3,231962,General Dynamics Corp.,21
2015,2,231962,General Dynamics Corp.,21
2016,1,231962,General Dynamics Corp.,23
2010,2,232055,Edison Electric Institute,20
2011,1,232055,Edison Electric Institute,19
2021,4,232057,Southern Co.,9
2022,3,232057,Southern Co.,10
2023,2,232057,Southern Co.,10
2024,1,232057,Southern Co.,9
2024,4,232057,Southern Co.,9
2010,1,232061,Entertainment Software Association,5
2010,4,232061,Entertainment Software Association,6
2011,3,232061,Entertainment Software Association,7
2012,2,232061,Entertainment Software Association,7
2013,1,232061,Entertainment Software Association,8
2017,4,232646,Intel Corp.,16
2018,3,232646,Intel Corp.,15
2019,2,232646,Intel Corp.,15
2020,1,232646,Intel Corp.,13
2020,4,232646,Intel Corp.,14
2021,3,232646,Intel Corp.,13
2011,3,252337,U.S. Chamber of Commerce Institute for Legal Reform,15
2012,2,252337,U.S. Chamber of Commerce Institute for Legal Reform,15
2013,1,252337,U.S. Chamber of Commerce Institute for Legal Reform,14
2013,4,260497,Qualcomm Inc.,6
2014,3,260497,Qualcomm Inc.,8
2015,2,260497,Qualcomm Inc.,8
2016,1,260497,Qualcomm Inc.,7
2016,4,260497,Qualcomm Inc.,7
2017,3,260497,Qualcomm Inc.,8
2018,2,260497,Qualcomm Inc.,8
2019,1,260497,Qualcomm Inc.,9
2019,4,260497,Qualcomm Inc.,8
2020,3,260497,Qualcomm Inc.,8
2021,2,260497,Qualcomm Inc.,10
2022,1,260497,Qualcomm Inc.,8
2022,4,260497,Qualcomm Inc.,8
2023,3,260497,Qualcomm Inc.,9
2024,2,260497,Qualcomm Inc.,9
2010,2,268804,General Motors Co.,14
2011,1,268804,General Motors Co.,17
2011,4,268804,General Motors Co.,14
2012,3,268804,General Motors Co.,13
2013,2,268804,General Motors Co.,10
2014,1,268804,General Motors Co.,9
2014,4,268804,General Motors Co.,10
2015,3,268804,General Motors Co.,10
2016,2,268804,General Motors Co.,9
2017,1,268804,General Motors Co.,8
2017,4,268804,General Motors Co.,8
2018,3,268804,General Motors Co.,11
2019,2,268804,General Motors Co.,10
2020,1,268804,General Motors Co.,13
2018,4,278637,FedEx Corp.,17
2019,3,278637,FedEx Corp.,17
2020,2,278637,FedEx Corp.,17
2021,1,278637,FedEx Corp.,17
2021,4,278637,FedEx Corp.,15
2022,3,278637,FedEx Corp.,15
2023,2,278637,FedEx Corp.,16
2024,1,278637,FedEx Corp.,15
2024,4,278637,FedEx Corp.,16
2017,4,285913,Eli Lilly & Co.,9
2018,3,285913,Eli Lilly & Co.,9
2019,2,285913,Eli Lilly & Co.,9
2020,1,285913,Eli Lilly & Co.,9
2020,4,285913,Eli Lilly & Co.,9
2021,3,285913,Eli Lilly & Co.,10
2022,2,285913,Eli Lilly & Co.,10
2023,1,285913,Eli Lilly & Co.,11
2023,4,285913,Eli Lilly & Co.,10
2024,3,285913,Eli Lilly & Co.,12
2018,4,298843,T-Mobile USA Inc.,30
2019,3,298843,T-Mobile USA Inc.,30
2020,2,298843,T-Mobile USA Inc.,33
2021,1,298843,T-Mobile USA Inc.,35
2021,4,298843,T-Mobile USA Inc.,34
2022,3,298843,T-Mobile USA Inc.,35
2023,2,298843,T-Mobile USA Inc.,35
2024,1,298843,T-Mobile USA Inc.,35
2024,4,298843,T-Mobile USA Inc.,33
2018,4,300447,Novartis Corp.,10
2019,3,300447,Novartis Corp.,11
2020,2,300447,Novartis Corp.,8
2021,1,300447,Novartis Corp.,9
2021,4,300447,Novartis Corp.,8
2022,3,300447,Novartis Corp.,8
2023,2,300447,Novartis Corp.,5
2024,1,300447,Novartis Corp.,6
2024,4,300447,Novartis Corp.,6
2017,4,302107,Merck & Co. Inc.,9
2018,3,302107,Merck & Co. Inc.,12
2019,2,302107,Merck & Co. Inc.,14
2020,1,302107,Merck & Co. Inc.,14
2020,4,302107,Merck & Co. Inc.,13
2021,3,302107,Merck & Co. Inc.,13
2022,2,302107,Merck & Co. Inc.,9
2023,1,302107,Merck & Co. Inc.,9
2023,4,302107,Merck & Co. Inc.,10
2024,3,302107,Merck & Co. Inc.,9
2010,1,309100,Amgen Inc.,26
2020,4,315136,Biotechnology Innovation Organization,14
2021,3,315136,Biotechnology Innovation Organization,15
2022,2,315136,Biotechnology Innovation Organization,17
2023,1,315136,Biotechnology Innovation Organization,17
2023,4,315136,Biotechnology Innovation Organization,15
2024,3,315136,Biotechnology Innovation Organization,15
2010,2,316850,AHIP,8
2011,1,316850,AHIP,7
2011,4,316850,AHIP,7
2012,3,316850,AHIP,8
2013,2,316850,AHIP,8
2014,1,316850,AHIP,8
2012,3,306043,Pharmaceutical Research and Manufacturers of America,36
2013,2,306043,Pharmaceutical Research and Manufacturers of America,32
2014,1,306043,Pharmaceutical Research and Manufacturers of America,35
2014,4,306043,Pharmaceutical Research and Manufacturers of America,32
2015,3,306043,Pharmaceutical Research and Manufacturers of America,33
2016,2,306043,Pharmaceutical Research and Manufacturers of America,35
2017,1,306043,Pharmaceutical Research and Manufacturers of America,38
2018,4,309100,Amgen Inc.,26
2019,3,309100,Amgen Inc.,25
2020,2,309100,Amgen Inc.,26
2021,1,309100,Amgen Inc.,24
2021,4,309100,Amgen Inc.,23
2022,3,309100,Amgen Inc.,23
2023,2,309100,Amgen Inc.,23
2024,1,309100,Amgen Inc.,26
2024,4,309100,Amgen Inc.,25
2011,4,315136,Biotechnology Innovation Organization,20
2012,3,315136,Biotechnology Innovation Organization,20
2013,2,315136,Biotechnology Innovation Organization,18
2014,1,315136,Biotechnology Innovation Organization,18
2014,4,315136,Biotechnology Innovation Organization,16
2015,3,315136,Biotechnology Innovation Organization,17
2016,2,315136,Biotechnology Innovation Organization,17
2017,1,315136,Biotechnology Innovation Organization,17
2017,4,315136,Biotechnology Innovation Organization,18
2018,3,315136,Biotechnology Innovation Organization,19
2019,2,315136,Biotechnology Innovation Organization,18
2020,1,315136,Biotechnology Innovation Organization,18
2019,4,316850,AHIP,7
2020,3,316850,AHIP,8
2021,2,316850,AHIP,8
2022,1,316850,AHIP,9
2022,4,316850,AHIP,9
2023,3,316850,AHIP,9
2024,2,316850,AHIP,9
2015,4,320046,Pharmaceutical Care Management Association,5
2016,3,320046,Pharmaceutical Care Management Association,3
2017,2,320046,Pharmaceutical Care Management Association,4
2018,1,320046,Pharmaceutical Care Management Association,4
2018,4,320046,Pharmaceutical Care Management Association,4
2019,3,320046,Pharmaceutical Care Management Association,4
2020,2,320046,Pharmaceutical Care Management Association,3
2021,1,320046,Pharmaceutical Care Management Association,3
2021,4,320046,Pharmaceutical Care Management Association,3
2022,3,320046,Pharmaceutical Care Management Association,4
2023,2,320046,Pharmaceutical Care Management Association,5
2024,1,320046,Pharmaceutical Care Management Association,7
2024,4,320046,Pharmaceutical Care Management Association,5
2010,1,321840,United Parcel Service of America Inc.,12
2010,4,321840,United Parcel Service of America Inc.,11
2011,3,321840,United Parcel Service of America Inc.,10
2012,2,321840,United Parcel Service of America Inc.,8
2013,1,321840,United Parcel Service of America Inc.,9
2010,1,325634,Amazon Corporate LLC,2
2010,4,325634,Amazon Corporate LLC,2
2011,3,325634,Amazon Corporate LLC,2
2012,2,325634,Amazon Corporate LLC,3
2013,1,325634,Amazon Corporate LLC,3
2024,4,330896,AT&T Services Inc.,15
2010,3,334449,General Electric Co.,21
2011,2,334449,General Electric Co.,19
2012,1,334449,General Electric Co.,16
2012,4,334449,General Electric Co.,15
2013,3,334449,General Electric Co.,16
2014,2,334449,General Electric Co.,16
2015,1,334449,General Electric Co.,11
2015,4,334449,General Electric Co.,9
2016,3,334449,General Electric Co.,7
2017,2,334449,General Electric Co.,7
2018,1,334449,General Electric Co.,7
2019,4,335116,Apple Inc.,8
2020,3,335116,Apple Inc.,9
2021,2,335116,Apple Inc.,11
2022,1,335116,Apple Inc.,9
2010,4,243759,Pacific Gas and Electric Co.,2
2011,3,243759,Pacific Gas and Electric Co.,3
2012,2,243759,Pacific Gas and Electric Co.,3
2013,1,243759,Pacific Gas and Electric Co.,4
2013,4,243759,Pacific Gas and Electric Co.,4
2014,3,243759,Pacific Gas and Electric Co.,4
2015,2,243759,Pacific Gas and Electric Co.,4
2016,1,243759,Pacific Gas and Electric Co.,5
2016,4,243759,Pacific Gas and Electric Co.,5
2017,3,243759,Pacific Gas and Electric Co.,6
2018,2,243759,Pacific Gas and Electric Co.,8
2019,1,243759,Pacific Gas and Electric Co.,6
2019,4,243759,Pacific Gas and Electric Co.,6
2020,3,243759,Pacific Gas and Electric Co.,6
2021,2,243759,Pacific Gas and Electric Co.,6
2022,1,243759,Pacific Gas and Electric Co.,7
2010,3,252337,U.S. Chamber of Commerce Institute for Legal Reform,14
2011,2,252337,U.S. Chamber of Commerce Institute for Legal Reform,16
2012,1,252337,U.S. Chamber of Commerce Institute for Legal Reform,15
2012,4,252337,U.S. Chamber of Commerce Institute for Legal Reform,14
2013,3,252337,U.S. Chamber of Commerce Institute for Legal Reform,16
2014,2,252337,U.S. Chamber of Commerce Institute for Legal Reform,17
2015,1,252337,U.S. Chamber of Commerce Institute for Legal Reform,17
2015,4,252337,U.S. Chamber of Commerce Institute for Legal Reform,20
2016,3,252337,U.S. Chamber of Commerce Institute for Legal Reform,19
2017,2,252337,U.S. Chamber of Commerce Institute for Legal Reform,16
2018,1,252337,U.S. Chamber of Commerce Institute for Legal Reform,16
2018,4,252337,U.S. Chamber of Commerce Institute for Legal Reform,15
2019,3,252337,U.S. Chamber of Commerce Institute for Legal Reform,15
2020,2,252337,U.S. Chamber of Commerce Institute for Legal Reform,11
2021,1,252337,U.S. Chamber of Commerce Institute for Legal Reform,9
2021,4,260497,Qualcomm Inc.,8
2022,3,260497,Qualcomm Inc.,8
2023,2,260497,Qualcomm Inc.,8
2024,1,260497,Qualcomm Inc.,9
2024,4,260497,Qualcomm Inc.,9
2016,4,268804,General Motors Co.,7
2017,3,268804,General Motors Co.,8
2018,2,268804,General Motors Co.,11
2019,1,268804,General Motors Co.,10
2019,4,268804,General Motors Co.,12
2020,3,268804,General Motors Co.,15
2021,2,268804,General Motors Co.,20
2022,1,268804,General Motors Co.,19
2022,4,268804,General Motors Co.,16
2023,3,268804,General Motors Co.,15
2024,2,268804,General Motors Co.,15
2023,4,278637,FedEx Corp.,15
2024,3,278637,FedEx Corp.,16
2010,4,298843,T-Mobile USA Inc.,13
2011,3,298843,T-Mobile USA Inc.,14
2012,2,298843,T-Mobile USA Inc.,11
2013,1,298843,T-Mobile USA Inc.,14
2013,4,298843,T-Mobile USA Inc.,14
2014,3,298843,T-Mobile USA Inc.,17
2015,2,298843,T-Mobile USA Inc.,20
2016,1,298843,T-Mobile USA Inc.,20
2016,4,298843,T-Mobile USA Inc.,22
2017,3,298843,T-Mobile USA Inc.,25
2018,2,298843,T-Mobile USA Inc.,30
2019,1,298843,T-Mobile USA Inc.,30
2019,4,298843,T-Mobile USA Inc.,30
2020,3,298843,T-Mobile USA Inc.,34
2021,2,298843,T-Mobile USA Inc.,35
2022,1,298843,T-Mobile USA Inc.,35
2010,4,300447,Novartis Corp.,8
2011,3,300447,Novartis Corp.,11
2012,2,300447,Novartis Corp.,11
2013,1,300447,Novartis Corp.,13
2013,4,300447,Novartis Corp.,12
2014,3,300447,Novartis Corp.,12
2015,2,300447,Novartis Corp.,10
2016,1,300447,Novartis Corp.,10
2016,4,300447,Novartis Corp.,10
2017,3,300447,Novartis Corp.,12
2018,2,300447,Novartis Corp.,12
2019,1,300447,Novartis Corp.,10
2023,2,252337,U.S. Chamber of Commerce Institute for Legal Reform,10
2024,1,252337,U.S. Chamber of Commerce Institute for Legal Reform,11
2024,4,252337,U.S. Chamber of Commerce Institute for Legal Reform,11
2010,1,260497,Qualcomm Inc.,7
2010,4,260497,Qualcomm Inc.,7
2011,3,260497,Qualcomm Inc.,7
2012,2,260497,Qualcomm Inc.,7
2013,1,260497,Qualcomm Inc.,7
2010,1,268804,General Motors Co.,13
2010,4,268804,General Motors Co.,14
2011,3,268804,General Motors Co.,17
2012,2,268804,General Motors Co.,14
2013,1,268804,General Motors Co.,11
2013,4,268804,General Motors Co.,8
2014,3,268804,General Motors Co.,10
2015,2,268804,General Motors Co.,10
2016,1,268804,General Motors Co.,5
2010,3,278637,FedEx Corp.,15
2011,2,278637,FedEx Corp.,15
2012,1,278637,FedEx Corp.,14
2012,4,278637,FedEx Corp.,15
2013,3,278637,FedEx Corp.,15
2014,2,278637,FedEx Corp.,14
2015,1,278637,FedEx Corp.,15
2015,4,278637,FedEx Corp.,15
2016,3,278637,FedEx Corp.,15
2017,2,278637,FedEx Corp.,18
2018,1,278637,FedEx Corp.,17
2010,2,285913,Eli Lilly & Co.,14
2011,1,285913,Eli Lilly & Co.,12
2011,4,285913,Eli Lilly & Co.,12
2012,3,285913,Eli Lilly & Co.,12
2013,2,285913,Eli Lilly & Co.,14
2014,1,285913,Eli Lilly & Co.,9
2014,4,285913,Eli Lilly & Co.,7
2015,3,285913,Eli Lilly & Co.,9
2016,2,285913,Eli Lilly & Co.,10
2017,1,285913,Eli Lilly & Co.,10
2022,4,298843,T-Mobile USA Inc.,35
2023,3,298843,T-Mobile USA Inc.,35
2024,2,298843,T-Mobile USA Inc.,35
2022,4,300447,Novartis Corp.,7
2023,3,300447,Novartis Corp.,6
2024,2,300447,Novartis Corp.,6
2021,4,302107,Merck & Co. Inc.,9
2022,3,302107,Merck & Co. Inc.,9
2023,2,302107,Merck & Co. Inc.,10
2024,1,302107,Merck & Co. Inc.,9
2024,4,302107,Merck & Co. Inc.,9
2019,4,315136,Biotechnology Innovation Organization,18
2020,3,315136,Biotechnology Innovation Organization,18
2021,2,315136,Biotechnology Innovation Organization,15
2022,1,315136,Biotechnology Innovation Organization,17
2022,4,315136,Biotechnology Innovation Organization,17
2023,3,315136,Biotechnology Innovation Organization,17
2024,2,315136,Biotechnology Innovation Organization,15
2014,4,316850,AHIP,9
2015,3,316850,AHIP,8
2016,2,316850,AHIP,9
2017,1,316850,AHIP,8
2017,4,316850,AHIP,8
2018,3,316850,AHIP,8
2019,2,316850,AHIP,8
2020,1,316850,AHIP,8
2020,4,316850,AHIP,8
2021,3,316850,AHIP,8
2022,2,316850,AHIP,8
2023,1,316850,AHIP,9
2010,1,320046,Pharmaceutical Care Management Association,4
2010,4,320046,Pharmaceutical Care Management Association,2
2011,3,320046,Pharmaceutical Care Management Association,3
2012,2,320046,Pharmaceutical Care Management Association,3
2013,1,320046,Pharmaceutical Care Management Association,3
2013,4,320046,Pharmaceutical Care Management Association,3
2014,3,320046,Pharmaceutical Care Management Association,3
2015,2,320046,Pharmaceutical Care Management Association,3
2016,1,320046,Pharmaceutical Care Management Association,3
2016,4,320046,Pharmaceutical Care Management Association,3
2017,3,320046,Pharmaceutical Care Management Association,4
2018,2,320046,Pharmaceutical Care Management Association,4
2019,1,320046,Pharmaceutical Care Management Association,4
2010,3,321840,United Parcel Service of America Inc.,11
2011,2,321840,United Parcel Service of America Inc.,11
2012,1,321840,United Parcel Service of America Inc.,11
2022,2,232646,Intel Corp.,17
2023,1,232646,Intel Corp.,12
2023,4,232646,Intel Corp.,10
2024,3,232646,Intel Corp.,10
2018,4,232657,Shell USA Inc.,8
2019,3,232657,Shell USA Inc.,6
2020,2,232657,Shell USA Inc.,5
2021,1,232657,Shell USA Inc.,5
2021,4,232657,Shell USA Inc.,5
2022,3,232657,Shell USA Inc.,5
2023,2,232657,Shell USA Inc.,5
2024,1,232657,Shell USA Inc.,6
2024,4,232657,Shell USA Inc.,5
2010,3,236879,BP America Inc.,8
2011,2,236879,BP America Inc.,8
2012,1,236879,BP America Inc.,9
2024,4,237941,American Petroleum Institute,5
2024,4,240949,Comcast Corp.,33
2014,4,243759,Pacific Gas and Electric Co.,4
2015,3,243759,Pacific Gas and Electric Co.,4
2016,2,243759,Pacific Gas and Electric Co.,5
2017,1,243759,Pacific Gas and Electric Co.,6
2017,4,243759,Pacific Gas and Electric Co.,8
2018,3,243759,Pacific Gas and Electric Co.,7
2019,2,243759,Pacific Gas and Electric Co.,6
2020,1,243759,Pacific Gas and Electric Co.,6
2020,4,243759,Pacific Gas and Electric Co.,6
2021,3,243759,Pacific Gas and Electric Co.,6
2022,2,243759,Pacific Gas and Electric Co.,7
2023,1,243759,Pacific Gas and Electric Co.,5
2023,4,243759,Pacific Gas and Electric Co.,4
2024,3,243759,Pacific Gas and Electric Co.,3
2010,3,260497,Qualcomm Inc.,7
2011,2,260497,Qualcomm Inc.,7
2012,1,260497,Qualcomm Inc.,7
2012,4,260497,Qualcomm Inc.,7
2013,3,260497,Qualcomm Inc.,7
2014,2,260497,Qualcomm Inc.,8
2015,1,260497,Qualcomm Inc.,8
2015,4,260497,Qualcomm Inc.,6
2016,3,260497,Qualcomm Inc.,7
2017,2,260497,Qualcomm Inc.,8
2018,1,260497,Qualcomm Inc.,9
2018,4,260497,Qualcomm Inc.,8
2019,3,260497,Qualcomm Inc.,8
2020,2,260497,Qualcomm Inc.,8
2021,1,260497,Qualcomm Inc.,8
2012,4,268804,General Motors Co.,13
2013,3,268804,General Motors Co.,8
2014,2,268804,General Motors Co.,11
2015,1,268804,General Motors Co.,10
2015,4,268804,General Motors Co.,6
2016,3,268804,General Motors Co.,9
2017,2,268804,General Motors Co.,8
2018,1,268804,General Motors Co.,10
2018,4,268804,General Motors Co.,11
2019,3,268804,General Motors Co.,12
2020,2,268804,General Motors Co.,15
2021,1,268804,General Motors Co.,20
2021,4,268804,General Motors Co.,19
2022,3,268804,General Motors Co.,18
2023,2,268804,General Motors Co.,15
2024,1,268804,General Motors Co.,15
2014,4,278637,FedEx Corp.,14
2015,3,278637,FedEx Corp.,14
2016,2,278637,FedEx Corp.,15
2017,1,278637,FedEx Corp.,16
2017,4,278637,FedEx Corp.,17
2018,3,278637,FedEx Corp.,17
2019,2,278637,FedEx Corp.,18
2020,1,278637,FedEx Corp.,17
2020,4,278637,FedEx Corp.,17
2021,3,278637,FedEx Corp.,15
2022,2,278637,FedEx Corp.,15
2023,1,278637,FedEx Corp.,16
2013,4,285913,Eli Lilly & Co.,9
2014,3,285913,Eli Lilly & Co.,10
2015,2,285913,Eli Lilly & Co.,8
2016,1,285913,Eli Lilly & Co.,10
2016,4,285913,Eli Lilly & Co.,9
2017,3,285913,Eli Lilly & Co.,11
2018,2,285913,Eli Lilly & Co.,9
2019,1,285913,Eli Lilly & Co.,9
2019,4,285913,Eli Lilly & Co.,8
2020,3,285913,Eli Lilly & Co.,9
2021,2,285913,Eli Lilly & Co.,10
2022,1,285913,Eli Lilly & Co.,10
2022,4,285913,Eli Lilly & Co.,10
2023,3,285913,Eli Lilly & Co.,11
2024,2,285913,Eli Lilly & Co.,11
2014,4,298843,T-Mobile USA Inc.,16
2015,3,298843,T-Mobile USA Inc.,20
2016,2,298843,T-Mobile USA Inc.,21
2020,1,232055,Edison Electric Institute,12
2020,4,232055,Edison Electric Institute,13
2021,3,232055,Edison Electric Institute,12
2022,2,232055,Edison Electric Institute,11
2023,1,232055,Edison Electric Institute,11
2017,4,232057,Southern Co.,10
2018,3,232057,Southern Co.,11
2019,2,232057,Southern Co.,9
2020,1,232057,Southern Co.,9
2020,4,232057,Southern Co.,9
2021,3,232057,Southern Co.,9
2022,2,232057,Southern Co.,10
2023,1,232057,Southern Co.,10
2023,4,232057,Southern Co.,10
2024,3,232057,Southern Co.,9
2021,4,232646,Intel Corp.,13
2022,3,232646,Intel Corp.,16
2023,2,232646,Intel Corp.,12
2024,1,232646,Intel Corp.,10
2024,4,232646,Intel Corp.,9
2014,4,232657,Shell USA Inc.,8
2015,3,232657,Shell USA Inc.,9
2016,2,232657,Shell USA Inc.,8
2017,1,232657,Shell USA Inc.,7
2017,4,232657,Shell USA Inc.,8
2018,3,232657,Shell USA Inc.,8
2019,2,232657,Shell USA Inc.,6
2020,1,232657,Shell USA Inc.,5
2020,4,232657,Shell USA Inc.,5
2021,3,232657,Shell USA Inc.,5
2022,2,232657,Shell USA Inc.,5
2023,1,232657,Shell USA Inc.,5
2023,4,232657,Shell USA Inc.,6
2024,3,232657,Shell USA Inc.,6
2010,3,234639,NCTA - The Internet & Television Association,29
2011,2,234639,NCTA - The Internet & Television Association,28
2012,1,234639,NCTA - The Internet & Television Association,27
2012,4,234639,NCTA - The Internet & Television Association,26
2013,3,234639,NCTA - The Internet & Television Association,26
2014,2,234639,NCTA - The Internet & Television Association,25
2015,1,234639,NCTA - The Internet & Television Association,22
2015,4,234639,NCTA - The Internet & Television Association,18
2016,3,234639,NCTA - The Internet & Television Association,22
2017,2,234639,NCTA - The Internet & Television Association,23
2018,1,234639,NCTA - The Internet & Television Association,23
2018,4,234639,NCTA - The Internet & Television Association,25
2019,3,234639,NCTA - The Internet & Television Association,24
2020,2,234639,NCTA - The Internet & Television Association,25
2021,1,234639,NCTA - The Internet & Television Association,26
2012,4,236879,BP America Inc.,8
2013,3,236879,BP America Inc.,8
2014,2,236879,BP America Inc.,8
2015,1,236879,BP America Inc.,8
2015,4,236879,BP America Inc.,7
2016,3,236879,BP America Inc.,7
2017,2,236879,BP America Inc.,9
2018,1,236879,BP America Inc.,6
2018,4,236879,BP America Inc.,7
2019,3,236879,BP America Inc.,8
2020,2,236879,BP America Inc.,9
2021,1,236879,BP America Inc.,9
2021,4,236879,BP America Inc.,8
2022,3,236879,BP America Inc.,9
2023,2,236879,BP America Inc.,9
2024,1,236879,BP America Inc.,8
2020,4,237941,American Petroleum Institute,7
2021,3,237941,American Petroleum Institute,8
2022,2,237941,American Petroleum Institute,6
2023,1,237941,American Petroleum Institute,6
2023,4,237941,American Petroleum Institute,5
2024,3,237941,American Petroleum Institute,5
2020,4,240949,Comcast Corp.,37
2021,3,240949,Comcast Corp.,38
2022,2,240949,Comcast Corp.,40
2023,1,240949,Comcast Corp.,35
2023,4,240949,Comcast Corp.,35
2024,3,240949,Comcast Corp.,35
2010,2,260497,Qualcomm Inc.,7
2011,1,260497,Qualcomm Inc.,7
2011,4,260497,Qualcomm Inc.,7
2012,3,260497,Qualcomm Inc.,7
2013,2,260497,Qualcomm Inc.,7
2014,1,260497,Qualcomm Inc.,8
2014,4,260497,Qualcomm Inc.,8
2015,3,260497,Qualcomm Inc.,8
2013,4,321840,United Parcel Service of America Inc.,9
2014,3,321840,United Parcel Service of America Inc.,9
2015,2,321840,United Parcel Service of America Inc.,11
2016,1,321840,United Parcel Service of America Inc.,9
2016,4,321840,United Parcel Service of America Inc.,9
2017,3,321840,United Parcel Service of America Inc.,9
2018,2,321840,United Parcel Service of America Inc.,8
2019,1,321840,United Parcel Service of America Inc.,9
2019,4,321840,United Parcel Service of America Inc.,10
2020,3,321840,United Parcel Service of America Inc.,10
2021,2,321840,United Parcel Service of America Inc.,7
2022,1,321840,United Parcel Service of America Inc.,9
2022,4,321840,United Parcel Service of America Inc.,10
2023,3,321840,United Parcel Service of America Inc.,7
2024,2,321840,United Parcel Service of America Inc.,6
2013,4,325634,Amazon Corporate LLC,3
2014,3,325634,Amazon Corporate LLC,2
2015,2,325634,Amazon Corporate LLC,1
2016,1,325634,Amazon Corporate LLC,1
2016,4,325634,Amazon Corporate LLC,1
2017,3,325634,Amazon Corporate LLC,1
2018,2,325634,Amazon Corporate LLC,6
2019,1,325634,Amazon Corporate LLC,7
2019,4,325634,Amazon Corporate LLC,6
2020,3,325634,Amazon Corporate LLC,6
2021,2,325634,Amazon Corporate LLC,7
2022,1,325634,Amazon Corporate LLC,6
2022,4,325634,Amazon Corporate LLC,7
2023,3,325634,Amazon Corporate LLC,7
2024,2,325634,Amazon Corporate LLC,6
2010,1,330896,AT&T Services Inc.,16
2010,4,330896,AT&T Services Inc.,14
2011,3,330896,AT&T Services Inc.,18
2012,2,330896,AT&T Services Inc.,16
2013,1,330896,AT&T Services Inc.,15
2013,4,330896,AT&T Services Inc.,13
2014,3,330896,AT&T Services Inc.,15
2015,2,330896,AT&T Services Inc.,16
2016,1,330896,AT&T Services Inc.,17
2016,4,330896,AT&T Services Inc.,18
2017,3,330896,AT&T Services Inc.,20
2018,2,330896,AT&T Services Inc.,20
2019,1,330896,AT&T Services Inc.,19
2010,2,335116,Apple Inc.,4
2011,1,335116,Apple Inc.,4
2010,1,342385,Johnson & Johnson Services Inc.,4
2010,4,342385,Johnson & Johnson Services Inc.,5
2011,3,342385,Johnson & Johnson Services Inc.,6
2012,2,342385,Johnson & Johnson Services Inc.,6
2013,1,342385,Johnson & Johnson Services Inc.,6
2013,4,342385,Johnson & Johnson Services Inc.,6
2014,3,342385,Johnson & Johnson Services Inc.,5
2015,2,342385,Johnson & Johnson Services Inc.,5
2016,1,342385,Johnson & Johnson Services Inc.,5
2021,4,344185,Charter Communications Inc.,13
2022,3,344185,Charter Communications Inc.,14
2023,2,344185,Charter Communications Inc.,15
2024,1,344185,Charter Communications Inc.,17
2024,4,344185,Charter Communications Inc.,14
2010,2,344469,iHeartMedia Inc.,8
2011,1,344469,iHeartMedia Inc.,9
2011,4,344469,iHeartMedia Inc.,9
2012,3,344469,iHeartMedia Inc.,10
2013,2,344469,iHeartMedia Inc.,10
2014,1,344469,iHeartMedia Inc.,10
2014,4,344469,iHeartMedia Inc.,10
2015,3,344469,iHeartMedia Inc.,10
2016,2,344469,iHeartMedia Inc.,9
2017,1,344469,iHeartMedia Inc.,10
2010,3,345199,Boeing Co.,18
2011,2,345199,Boeing Co.,14
2012,1,345199,Boeing Co.,14
2012,4,345199,Boeing Co.,15
2013,3,345199,Boeing Co.,16
2014,2,345199,Boeing Co.,16
2015,1,345199,Boeing Co.,16
2015,4,345199,Boeing Co.,17
2016,3,345199,Boeing Co.,17
2017,2,345199,Boeing Co.,18
2018,1,345199,Boeing Co.,17
2017,4,260497,Qualcomm Inc.,9
2018,3,260497,Qualcomm Inc.,8
2019,2,260497,Qualcomm Inc.,8
2020,1,260497,Qualcomm Inc.,8
2020,4,260497,Qualcomm Inc.,8
2021,3,260497,Qualcomm Inc.,9
2022,2,260497,Qualcomm Inc.,8
2023,1,260497,Qualcomm Inc.,8
2023,4,260497,Qualcomm Inc.,9
2024,3,260497,Qualcomm Inc.,9
2020,4,268804,General Motors Co.,15
2021,3,268804,General Motors Co.,20
2022,2,268804,General Motors Co.,19
2023,1,268804,General Motors Co.,15
2023,4,268804,General Motors Co.,15
2024,3,268804,General Motors Co.,15
2019,4,278637,FedEx Corp.,18
2020,3,278637,FedEx Corp.,17
2021,2,278637,FedEx Corp.,17
2022,1,278637,FedEx Corp.,15
2022,4,278637,FedEx Corp.,15
2023,3,278637,FedEx Corp.,16
2024,2,278637,FedEx Corp.,16
2021,4,285913,Eli Lilly & Co.,10
2022,3,285913,Eli Lilly & Co.,10
2023,2,285913,Eli Lilly & Co.,11
2024,1,285913,Eli Lilly & Co.,10
2024,4,285913,Eli Lilly & Co.,11
2010,3,298843,T-Mobile USA Inc.,13
2011,2,298843,T-Mobile USA Inc.,16
2012,1,298843,T-Mobile USA Inc.,12
2012,4,298843,T-Mobile USA Inc.,14
2013,3,298843,T-Mobile USA Inc.,14
2014,2,298843,T-Mobile USA Inc.,15
2015,1,298843,T-Mobile USA Inc.,17
2015,4,298843,T-Mobile USA Inc.,21
2016,3,298843,T-Mobile USA Inc.,22
2017,2,298843,T-Mobile USA Inc.,25
2018,1,298843,T-Mobile USA Inc.,27
2010,3,300447,Novartis Corp.,9
2011,2,300447,Novartis Corp.,9
2012,1,300447,Novartis Corp.,11
2012,4,300447,Novartis Corp.,13
2013,3,300447,Novartis Corp.,13
2014,2,300447,Novartis Corp.,13
2015,1,300447,Novartis Corp.,11
2015,4,300447,Novartis Corp.,10
2016,3,300447,Novartis Corp.,10
2017,2,300447,Novartis Corp.,13
2018,1,300447,Novartis Corp.,12
2010,2,302107,Merck & Co. Inc.,12
2011,1,302107,Merck & Co. Inc.,11
2011,4,302107,Merck & Co. Inc.,9
2012,3,302107,Merck & Co. Inc.,10
2013,2,302107,Merck & Co. Inc.,8
2014,1,302107,Merck & Co. Inc.,7
2014,4,302107,Merck & Co. Inc.,9
2015,3,302107,Merck & Co. Inc.,11
2016,2,302107,Merck & Co. Inc.,10
2017,1,302107,Merck & Co. Inc.,10
2013,4,306043,Pharmaceutical Research and Manufacturers of America,34
2014,3,306043,Pharmaceutical Research and Manufacturers of America,33
2015,2,306043,Pharmaceutical Research and Manufacturers of America,33
2016,1,306043,Pharmaceutical Research and Manufacturers of America,35
2016,4,306043,Pharmaceutical Research and Manufacturers of America,38
2017,3,306043,Pharmaceutical Research and Manufacturers of America,40
2018,2,306043,Pharmaceutical Research and Manufacturers of America,44
2019,1,306043,Pharmaceutical Research and Manufacturers of America,45
2019,4,306043,Pharmaceutical Research and Manufacturers of America,44
2020,3,306043,Pharmaceutical Research and Manufacturers of America,45
2021,2,306043,Pharmaceutical Research and Manufacturers of America,49
2022,1,306043,Pharmaceutical Research and Manufacturers of America,47
2022,4,306043,Pharmaceutical Research and Manufacturers of America,48
2023,3,306043,Pharmaceutical Research and Manufacturers of America,45
2024,2,306043,Pharmaceutical Research and Manufacturers of America,45
2010,4,309100,Amgen Inc.,24
2011,3,309100,Amgen Inc.,23
2012,2,309100,Amgen Inc.,22
2013,1,309100,Amgen Inc.,23
2013,4,309100,Amgen Inc.,25
2014,3,309100,Amgen Inc.,25
2015,2,309100,Amgen Inc.,27
2016,1,309100,Amgen Inc.,25
2016,4,309100,Amgen Inc.,23
2022,4,335116,Apple Inc.,10
2023,3,335116,Apple Inc.,10
2024,2,335116,Apple Inc.,9
2016,4,342385,Johnson & Johnson Services Inc.,6
2017,3,342385,Johnson & Johnson Services Inc.,7
2018,2,342385,Johnson & Johnson Services Inc.,6
2019,1,342385,Johnson & Johnson Services Inc.,8
2019,4,342385,Johnson & Johnson Services Inc.,9
2020,3,342385,Johnson & Johnson Services Inc.,9
2021,2,342385,Johnson & Johnson Services Inc.,10
2022,1,342385,Johnson & Johnson Services Inc.,9
2022,4,342385,Johnson & Johnson Services Inc.,9
2023,3,342385,Johnson & Johnson Services Inc.,10
2024,2,342385,Johnson & Johnson Services Inc.,10
2010,2,342711,American Airlines Inc.,14
2011,1,342711,American Airlines Inc.,14
2011,4,342711,American Airlines Inc.,14
2012,3,342711,American Airlines Inc.,16
2013,2,342711,American Airlines Inc.,14
2014,1,342711,American Airlines Inc.,12
2014,4,342711,American Airlines Inc.,14
2015,3,342711,American Airlines Inc.,15
2016,2,342711,American Airlines Inc.,15
2017,1,342711,American Airlines Inc.,15
2017,4,342711,American Airlines Inc.,13
2018,3,342711,American Airlines Inc.,13
2019,2,342711,American Airlines Inc.,12
2020,1,342711,American Airlines Inc.,12
2010,1,344185,Charter Communications Inc.,2
2010,4,344185,Charter Communications Inc.,3
2011,3,344185,Charter Communications Inc.,4
2012,2,344185,Charter Communications Inc.,4
2013,1,344185,Charter Communications Inc.,4
2017,4,344469,iHeartMedia Inc.,9
2018,3,344469,iHeartMedia Inc.,9
2019,2,344469,iHeartMedia Inc.,10
2020,1,344469,iHeartMedia Inc.,9
2020,4,344469,iHeartMedia Inc.,9
2021,3,344469,iHeartMedia Inc.,12
2022,2,344469,iHeartMedia Inc.,12
2023,1,344469,iHeartMedia Inc.,12
2023,4,344469,iHeartMedia Inc.,12
2024,3,344469,iHeartMedia Inc.,13
2018,4,345199,Boeing Co.,18
2019,3,345199,Boeing Co.,20
2020,2,345199,Boeing Co.,21
2021,1,345199,Boeing Co.,21
2021,4,345199,Boeing Co.,18
2022,3,345199,Boeing Co.,19
2023,2,345199,Boeing Co.,16
2024,1,345199,Boeing Co.,17
2024,4,345199,Boeing Co.,6
2012,4,321840,United Parcel Service of America Inc.,9
2013,3,321840,United Parcel Service of America Inc.,9
2014,2,321840,United Parcel Service of America Inc.,9
2015,1,321840,United Parcel Service of America Inc.,10
2015,4,321840,United Parcel Service of America Inc.,11
2016,3,321840,United Parcel Service of America Inc.,9
2017,2,321840,United Parcel Service of America Inc.,9
2018,1,321840,United Parcel Service of America Inc.,8
2018,4,321840,United Parcel Service of America Inc.,8
2019,3,321840,United Parcel Service of America Inc.,10
2020,2,321840,United Parcel Service of America Inc.,10
2021,1,321840,United Parcel Service of America Inc.,9
2010,3,330896,AT&T Services Inc.,16
2011,2,330896,AT&T Services Inc.,17
2012,1,330896,AT&T Services Inc.,15
2012,4,330896,AT&T Services Inc.,15
2013,3,330896,AT&T Services Inc.,14
2014,2,330896,AT&T Services Inc.,15
2015,1,330896,AT&T Services Inc.,16
2014,4,334449,General Electric Co.,9
2015,3,334449,General Electric Co.,11
2016,2,334449,General Electric Co.,8
2017,1,334449,General Electric Co.,7
2017,4,334449,General Electric Co.,7
2018,3,334449,General Electric Co.,7
2019,2,334449,General Electric Co.,9
2020,1,334449,General Electric Co.,11
2020,4,334449,General Electric Co.,7
2021,3,334449,General Electric Co.,7
2022,2,334449,General Electric Co.,8
2023,1,334449,General Electric Co.,7
2023,4,334449,General Electric Co.,6
2024,3,334449,General Electric Co.,4
2024,4,342385,Johnson & Johnson Services Inc.,10
2010,3,342711,American Airlines Inc.,14
2011,2,342711,American Airlines Inc.,14
2012,1,342711,American Airlines Inc.,14
2010,3,344185,Charter Communications Inc.,2
2011,2,344185,Charter Communications Inc.,4
2012,1,344185,Charter Communications Inc.,4
2012,4,344185,Charter Communications Inc.,4
2013,3,344185,Charter Communications Inc.,3
2014,2,344185,Charter Communications Inc.,5
2015,1,344185,Charter Communications Inc.,6
2015,4,344185,Charter Communications Inc.,10
2016,3,344185,Charter Communications Inc.,9
2017,2,344185,Charter Communications Inc.,11
2018,1,344185,Charter Communications Inc.,11
2018,4,344185,Charter Communications Inc.,10
2019,3,344185,Charter Communications Inc.,12
2020,2,344185,Charter Communications Inc.,12
2021,1,344185,Charter Communications Inc.,13
2010,4,345199,Boeing Co.,12
2011,3,345199,Boeing Co.,14
2012,2,345199,Boeing Co.,15
2013,1,345199,Boeing Co.,16
2013,4,345199,Boeing Co.,15
2014,3,345199,Boeing Co.,15
2015,2,345199,Boeing Co.,16
2016,1,345199,Boeing Co.,16
2016,4,345199,Boeing Co.,16
2017,3,345199,Boeing Co.,18
2018,2,345199,Boeing Co.,17
2019,1,345199,Boeing Co.,19
2019,4,345199,Boeing Co.,20
2020,3,345199,Boeing Co.,21
2021,2,345199,Boeing Co.,21
2022,1,345199,Boeing Co.,19
2017,3,309100,Amgen Inc.,26
2018,2,309100,Amgen Inc.,27
2019,1,309100,Amgen Inc.,26
2019,4,309100,Amgen Inc.,25
2020,3,309100,Amgen Inc.,26
2021,2,309100,Amgen Inc.,24
2022,1,309100,Amgen Inc.,23
2010,3,315136,Biotechnology Innovation Organization,18
2011,2,315136,Biotechnology Innovation Organization,20
2012,1,315136,Biotechnology Innovation Organization,19
2012,4,315136,Biotechnology Innovation Organization,18
2013,3,315136,Biotechnology Innovation Organization,18
2014,2,315136,Biotechnology Innovation Organization,16
2015,1,315136,Biotechnology Innovation Organization,16
2010,1,316850,AHIP,9
2023,4,320046,Pharmaceutical Care Management Association,6
2024,3,320046,Pharmaceutical Care Management Association,7
2010,3,325634,Amazon Corporate LLC,2
2011,2,325634,Amazon Corporate LLC,2
2012,1,325634,Amazon Corporate LLC,3
2012,4,325634,Amazon Corporate LLC,3
2013,3,325634,Amazon Corporate LLC,3
2014,2,325634,Amazon Corporate LLC,1
2015,1,325634,Amazon Corporate LLC,1
2015,4,325634,Amazon Corporate LLC,1
2016,3,325634,Amazon Corporate LLC,1
2017,2,325634,Amazon Corporate LLC,1
2018,1,325634,Amazon Corporate LLC,4
2018,4,325634,Amazon Corporate LLC,5
2019,3,325634,Amazon Corporate LLC,6
2020,2,325634,Amazon Corporate LLC,6
2021,1,325634,Amazon Corporate LLC,6
2019,4,330896,AT&T Services Inc.,16
2020,3,330896,AT&T Services Inc.,15
2021,2,330896,AT&T Services Inc.,15
2022,1,330896,AT&T Services Inc.,14
2022,4,330896,AT&T Services Inc.,12
2023,3,330896,AT&T Services Inc.,14
2024,2,330896,AT&T Services Inc.,14
2010,1,334449,General Electric Co.,20
2011,4,335116,Apple Inc.,4
2012,3,335116,Apple Inc.,5
2013,2,335116,Apple Inc.,6
2014,1,335116,Apple Inc.,6
2014,4,335116,Apple Inc.,6
2015,3,335116,Apple Inc.,7
2016,2,335116,Apple Inc.,5
2017,1,335116,Apple Inc.,6
2017,4,335116,Apple Inc.,6
2018,3,335116,Apple Inc.,5
2019,2,335116,Apple Inc.,6
2020,1,335116,Apple Inc.,8
2020,4,335116,Apple Inc.,9
2021,3,335116,Apple Inc.,10
2022,2,335116,Apple Inc.,9
2023,1,335116,Apple Inc.,10
2010,2,342385,Johnson & Johnson Services Inc.,6
2011,1,342385,Johnson & Johnson Services Inc.,4
2011,4,342385,Johnson & Johnson Services Inc.,6
2012,3,342385,Johnson & Johnson Services Inc.,6
2013,2,342385,Johnson & Johnson Services Inc.,6
2014,1,342385,Johnson & Johnson Services Inc.,4
2014,4,342385,Johnson & Johnson Services Inc.,5
2015,3,342385,Johnson & Johnson Services Inc.,5
2016,2,342385,Johnson & Johnson Services Inc.,5
2017,1,342385,Johnson & Johnson Services Inc.,7
2017,4,342385,Johnson & Johnson Services Inc.,6
2018,3,342385,Johnson & Johnson Services Inc.,7
2019,2,342385,Johnson & Johnson Services Inc.,9
2020,1,342385,Johnson & Johnson Services Inc.,9
2016,4,342711,American Airlines Inc.,14
2017,3,342711,American Airlines Inc.,16
2018,2,342711,American Airlines Inc.,13
2019,1,342711,American Airlines Inc.,12
2019,4,342711,American Airlines Inc.,12
2020,3,342711,American Airlines Inc.,11
2021,2,342711,American Airlines Inc.,12
2022,1,342711,American Airlines Inc.,12
2022,4,342711,American Airlines Inc.,12
2023,3,342711,American Airlines Inc.,14
2024,2,342711,American Airlines Inc.,15
2010,3,344469,iHeartMedia Inc.,8
2011,2,344469,iHeartMedia Inc.,9
2012,1,344469,iHeartMedia Inc.,9
2012,4,344469,iHeartMedia Inc.,10
2013,3,344469,iHeartMedia Inc.,10
2014,2,344469,iHeartMedia Inc.,10
2015,1,344469,iHeartMedia Inc.,10
2015,4,344469,iHeartMedia Inc.,9
2016,3,344469,iHeartMedia Inc.,9
2017,2,344469,iHeartMedia Inc.,9
2018,1,344469,iHeartMedia Inc.,9
2018,4,344469,iHeartMedia Inc.,9
2019,3,344469,iHeartMedia Inc.,10
2020,2,344469,iHeartMedia Inc.,9
2021,1,344469,iHeartMedia Inc.,9
2019,4,300447,Novartis Corp.,10
2020,3,300447,Novartis Corp.,8
2021,2,300447,Novartis Corp.,9
2022,1,300447,Novartis Corp.,8
2010,3,302107,Merck & Co. Inc.,12
2011,2,302107,Merck & Co. Inc.,9
2012,1,302107,Merck & Co. Inc.,9
2012,4,302107,Merck & Co. Inc.,9
2013,3,302107,Merck & Co. Inc.,10
2014,2,302107,Merck & Co. Inc.,7
2015,1,302107,Merck & Co. Inc.,13
2015,4,302107,Merck & Co. Inc.,10
2016,3,302107,Merck & Co. Inc.,10
2017,2,302107,Merck & Co. Inc.,10
2018,1,302107,Merck & Co. Inc.,11
2018,4,302107,Merck & Co. Inc.,10
2019,3,302107,Merck & Co. Inc.,15
2020,2,302107,Merck & Co. Inc.,13
2021,1,302107,Merck & Co. Inc.,13
2017,4,306043,Pharmaceutical Research and Manufacturers of America,42
2018,3,306043,Pharmaceutical Research and Manufacturers of America,45
2019,2,306043,Pharmaceutical Research and Manufacturers of America,46
2020,1,306043,Pharmaceutical Research and Manufacturers of America,44
2020,4,306043,Pharmaceutical Research and Manufacturers of America,45
2021,3,306043,Pharmaceutical Research and Manufacturers of America,45
2022,2,306043,Pharmaceutical Research and Manufacturers of America,48
2023,1,306043,Pharmaceutical Research and Manufacturers of America,44
2023,4,306043,Pharmaceutical Research and Manufacturers of America,47
2024,3,306043,Pharmaceutical Research and Manufacturers of America,45
2010,3,309100,Amgen Inc.,28
2011,2,309100,Amgen Inc.,24
2012,1,309100,Amgen Inc.,22
2012,4,309100,Amgen Inc.,22
2013,3,309100,Amgen Inc.,24
2014,2,309100,Amgen Inc.,25
2015,1,309100,Amgen Inc.,27
2015,4,309100,Amgen Inc.,26
2016,3,309100,Amgen Inc.,25
2017,2,309100,Amgen Inc.,25
2018,1,309100,Amgen Inc.,26
2010,2,315136,Biotechnology Innovation Organization,19
2011,1,315136,Biotechnology Innovation Organization,19
2023,4,316850,AHIP,9
2024,3,316850,AHIP,9
2019,4,320046,Pharmaceutical Care Management Association,3
2020,3,320046,Pharmaceutical Care Management Association,3
2021,2,320046,Pharmaceutical Care Management Association,3
2022,1,320046,Pharmaceutical Care Management Association,6
2022,4,320046,Pharmaceutical Care Management Association,4
2023,3,320046,Pharmaceutical Care Management Association,6
2024,2,320046,Pharmaceutical Care Management Association,7
2021,4,321840,United Parcel Service of America Inc.,9
2022,3,321840,United Parcel Service of America Inc.,10
2023,2,321840,United Parcel Service of America Inc.,7
2024,1,321840,United Parcel Service of America Inc.,7
2024,4,321840,United Parcel Service of America Inc.,6
2010,2,325634,Amazon Corporate LLC,2
2011,1,325634,Amazon Corporate LLC,2
2011,4,325634,Amazon Corporate LLC,3
2012,3,325634,Amazon Corporate LLC,3
2013,2,325634,Amazon Corporate LLC,3
2014,1,325634,Amazon Corporate LLC,3
2014,4,325634,Amazon Corporate LLC,2
2015,3,325634,Amazon Corporate LLC,1
2016,2,325634,Amazon Corporate LLC,1
2017,1,325634,Amazon Corporate LLC,1
2015,4,330896,AT&T Services Inc.,17
2016,3,330896,AT&T Services Inc.,18
2017,2,330896,AT&T Services Inc.,20
2018,1,330896,AT&T Services Inc.,20
2018,4,330896,AT&T Services Inc.,19
2019,3,330896,AT&T Services Inc.,21
2020,2,330896,AT&T Services Inc.,16
2021,1,330896,AT&T Services Inc.,15
2021,4,330896,AT&T Services Inc.,15
2022,3,330896,AT&T Services Inc.,14
2023,2,330896,AT&T Services Inc.,14
2024,1,330896,AT&T Services Inc.,14
2010,2,334449,General Electric Co.,20
2016,2,260497,Qualcomm Inc.,7
2017,1,260497,Qualcomm Inc.,8
2010,3,268804,General Motors Co.,15
2011,2,268804,General Motors Co.,17
2012,1,268804,General Motors Co.,13
2010,4,278637,FedEx Corp.,16
2011,3,278637,FedEx Corp.,15
2012,2,278637,FedEx Corp.,15
2013,1,278637,FedEx Corp.,15
2013,4,278637,FedEx Corp.,13
2014,3,278637,FedEx Corp.,14
2015,2,278637,FedEx Corp.,15
2016,1,278637,FedEx Corp.,15
2016,4,278637,FedEx Corp.,15
2017,3,278637,FedEx Corp.,17
2018,2,278637,FedEx Corp.,17
2019,1,278637,FedEx Corp.,17
2010,3,285913,Eli Lilly & Co.,14
2011,2,285913,Eli Lilly & Co.,12
2012,1,285913,Eli Lilly & Co.,13
2012,4,285913,Eli Lilly & Co.,14
2013,3,285913,Eli Lilly & Co.,14
2014,2,285913,Eli Lilly & Co.,10
2015,1,285913,Eli Lilly & Co.,8
2015,4,285913,Eli Lilly & Co.,9
2016,3,285913,Eli Lilly & Co.,10
2017,2,285913,Eli Lilly & Co.,11
2018,1,285913,Eli Lilly & Co.,9
2018,4,285913,Eli Lilly & Co.,9
2019,3,285913,Eli Lilly & Co.,9
2020,2,285913,Eli Lilly & Co.,9
2021,1,285913,Eli Lilly & Co.,10
2010,1,306043,Pharmaceutical Research and Manufacturers of America,39
2010,4,306043,Pharmaceutical Research and Manufacturers of America,31
2011,3,306043,Pharmaceutical Research and Manufacturers of America,37
2012,2,306043,Pharmaceutical Research and Manufacturers of America,38
2013,1,306043,Pharmaceutical Research and Manufacturers of America,37
2022,4,309100,Amgen Inc.,23
2023,3,309100,Amgen Inc.,23
2024,2,309100,Amgen Inc.,26
2015,4,315136,Biotechnology Innovation Organization,15
2016,3,315136,Biotechnology Innovation Organization,18
2017,2,315136,Biotechnology Innovation Organization,20
2018,1,315136,Biotechnology Innovation Organization,19
2018,4,315136,Biotechnology Innovation Organization,19
2019,3,315136,Biotechnology Innovation Organization,18
2020,2,315136,Biotechnology Innovation Organization,18
2021,1,315136,Biotechnology Innovation Organization,15
2021,4,315136,Biotechnology Innovation Organization,18
2022,3,315136,Biotechnology Innovation Organization,17
2023,2,315136,Biotechnology Innovation Organization,17
2024,1,315136,Biotechnology Innovation Organization,15
2010,4,316850,AHIP,8
2011,3,316850,AHIP,7
2012,2,316850,AHIP,8
2013,1,316850,AHIP,8
2013,4,316850,AHIP,8
2014,3,316850,AHIP,8
2015,2,316850,AHIP,8
2016,1,316850,AHIP,9
2016,4,316850,AHIP,8
2017,3,316850,AHIP,8
2018,2,316850,AHIP,8
2019,1,316850,AHIP,9
2010,3,320046,Pharmaceutical Care Management Association,3
2011,2,320046,Pharmaceutical Care Management Association,3
2012,1,320046,Pharmaceutical Care Management Association,3
2012,4,320046,Pharmaceutical Care Management Association,3
2013,3,320046,Pharmaceutical Care Management Association,3
2014,2,320046,Pharmaceutical Care Management Association,4
2015,1,320046,Pharmaceutical Care Management Association,3
2010,2,321840,United Parcel Service of America Inc.,11
2011,1,321840,United Parcel Service of America Inc.,10
2011,4,321840,United Parcel Service of America Inc.,11
2012,3,321840,United Parcel Service of America Inc.,9
2013,2,321840,United Parcel Service of America Inc.,9
2014,1,321840,United Parcel Service of America Inc.,9
2014,4,321840,United Parcel Service of America Inc.,9
2015,3,321840,United Parcel Service of America Inc.,11
2016,2,321840,United Parcel Service of America Inc.,9
2017,1,298843,T-Mobile USA Inc.,22
2017,4,298843,T-Mobile USA Inc.,25
2018,3,298843,T-Mobile USA Inc.,30
2019,2,298843,T-Mobile USA Inc.,30
2020,1,298843,T-Mobile USA Inc.,32
2020,4,298843,T-Mobile USA Inc.,36
2021,3,298843,T-Mobile USA Inc.,35
2022,2,298843,T-Mobile USA Inc.,35
2023,1,298843,T-Mobile USA Inc.,35
2023,4,298843,T-Mobile USA Inc.,35
2024,3,298843,T-Mobile USA Inc.,35
2014,4,300447,Novartis Corp.,9
2015,3,300447,Novartis Corp.,10
2016,2,300447,Novartis Corp.,10
2017,1,300447,Novartis Corp.,10
2017,4,300447,Novartis Corp.,12
2018,3,300447,Novartis Corp.,11
2019,2,300447,Novartis Corp.,10
2020,1,300447,Novartis Corp.,8
2020,4,300447,Novartis Corp.,9
2021,3,300447,Novartis Corp.,8
2022,2,300447,Novartis Corp.,8
2023,1,300447,Novartis Corp.,6
2023,4,300447,Novartis Corp.,6
2024,3,300447,Novartis Corp.,6
2013,4,302107,Merck & Co. Inc.,10
2014,3,302107,Merck & Co. Inc.,8
2015,2,302107,Merck & Co. Inc.,13
2016,1,302107,Merck & Co. Inc.,10
2016,4,302107,Merck & Co. Inc.,10
2017,3,302107,Merck & Co. Inc.,11
2018,2,302107,Merck & Co. Inc.,11
2019,1,302107,Merck & Co. Inc.,13
2019,4,302107,Merck & Co. Inc.,14
2020,3,302107,Merck & Co. Inc.,13
2021,2,302107,Merck & Co. Inc.,13
2022,1,302107,Merck & Co. Inc.,9
2022,4,302107,Merck & Co. Inc.,9
2023,3,302107,Merck & Co. Inc.,10
2024,2,302107,Merck & Co. Inc.,9
2021,4,306043,Pharmaceutical Research and Manufacturers of America,46
2022,3,306043,Pharmaceutical Research and Manufacturers of America,49
2023,2,306043,Pharmaceutical Research and Manufacturers of America,44
2024,1,306043,Pharmaceutical Research and Manufacturers of America,48
2024,4,306043,Pharmaceutical Research and Manufacturers of America,44
2010,2,309100,Amgen Inc.,28
2011,1,309100,Amgen Inc.,26
2011,4,309100,Amgen Inc.,22
2012,3,309100,Amgen Inc.,24
2013,2,309100,Amgen Inc.,21
2014,1,309100,Amgen Inc.,25
2024,4,315136,Biotechnology Innovation Organization,14
2010,3,316850,AHIP,8
2011,2,316850,AHIP,7
2012,1,316850,AHIP,7
2012,4,316850,AHIP,8
2013,3,316850,AHIP,8
2014,2,316850,AHIP,8
2015,1,316850,AHIP,8
2010,2,320046,Pharmaceutical Care Management Association,3
2011,1,320046,Pharmaceutical Care Management Association,3
2017,4,321840,United Parcel Service of America Inc.,9
2018,3,321840,United Parcel Service of America Inc.,8
2019,2,321840,United Parcel Service of America Inc.,8
2020,1,321840,United Parcel Service of America Inc.,10
2020,4,321840,United Parcel Service of America Inc.,10
2021,3,321840,United Parcel Service of America Inc.,9
2022,2,321840,United Parcel Service of America Inc.,10
2023,1,321840,United Parcel Service of America Inc.,9
2023,4,321840,United Parcel Service of America Inc.,7
2024,3,321840,United Parcel Service of America Inc.,6
2017,4,325634,Amazon Corporate LLC,2
2018,3,325634,Amazon Corporate LLC,6
2019,2,325634,Amazon Corporate LLC,6
2020,1,325634,Amazon Corporate LLC,6
2020,4,325634,Amazon Corporate LLC,6
2021,3,325634,Amazon Corporate LLC,6
2022,2,325634,Amazon Corporate LLC,6
2023,1,325634,Amazon Corporate LLC,7
2023,4,325634,Amazon Corporate LLC,7
2024,3,325634,Amazon Corporate LLC,6
2011,4,330896,AT&T Services Inc.,16
2012,3,330896,AT&T Services Inc.,15
2013,2,330896,AT&T Services Inc.,14
2014,1,330896,AT&T Services Inc.,15
2014,4,330896,AT&T Services Inc.,13
2011,1,334449,General Electric Co.,18
2011,4,334449,General Electric Co.,19
2012,3,334449,General Electric Co.,16
2013,2,334449,General Electric Co.,16
2014,1,334449,General Electric Co.,16
2010,1,335116,Apple Inc.,4
2010,4,335116,Apple Inc.,4
2011,3,335116,Apple Inc.,4
2012,2,335116,Apple Inc.,5
2013,1,335116,Apple Inc.,6
2013,4,335116,Apple Inc.,6
2014,3,335116,Apple Inc.,6
2015,2,335116,Apple Inc.,7
2016,1,335116,Apple Inc.,7
2016,4,335116,Apple Inc.,5
2017,3,335116,Apple Inc.,6
2018,2,335116,Apple Inc.,6
2019,1,335116,Apple Inc.,5
2012,4,342385,Johnson & Johnson Services Inc.,6
2013,3,342385,Johnson & Johnson Services Inc.,6
2014,2,342385,Johnson & Johnson Services Inc.,5
2015,1,342385,Johnson & Johnson Services Inc.,5
2015,4,342385,Johnson & Johnson Services Inc.,5
2016,3,342385,Johnson & Johnson Services Inc.,6
2017,2,342385,Johnson & Johnson Services Inc.,7
2018,1,342385,Johnson & Johnson Services Inc.,6
2018,4,342385,Johnson & Johnson Services Inc.,7
2019,3,342385,Johnson & Johnson Services Inc.,9
2020,2,342385,Johnson & Johnson Services Inc.,9
2021,1,342385,Johnson & Johnson Services Inc.,9
2021,4,342385,Johnson & Johnson Services Inc.,9
2022,3,342385,Johnson & Johnson Services Inc.,9
2023,2,342385,Johnson & Johnson Services Inc.,9
2024,1,342385,Johnson & Johnson Services Inc.,10
2020,4,342711,American Airlines Inc.,11
2021,3,342711,American Airlines Inc.,12
2022,2,342711,American Airlines Inc.,12
2023,1,342711,American Airlines Inc.,13
2023,4,342711,American Airlines Inc.,14
2024,3,342711,American Airlines Inc.,15
2013,4,344469,iHeartMedia Inc.,10
2014,3,344469,iHeartMedia Inc.,10
2015,2,344469,iHeartMedia Inc.,10
2016,1,344469,iHeartMedia Inc.,9
2016,4,344469,iHeartMedia Inc.,9
2017,3,344469,iHeartMedia Inc.,9
2018,2,344469,iHeartMedia Inc.,9
2019,1,344469,iHeartMedia Inc.,10
2019,4,344469,iHeartMedia Inc.,9
2020,3,344469,iHeartMedia Inc.,9
2021,2,344469,iHeartMedia Inc.,12
2022,1,344469,iHeartMedia Inc.,12
2022,4,344469,iHeartMedia Inc.,12
2023,3,344469,iHeartMedia Inc.,11
2024,2,344469,iHeartMedia Inc.,13
2010,1,345199,Boeing Co.,18
2017,1,207009,AbbVie Inc.,6
2010,1,207383,United Technologies Corp.,10
2010,4,207383,United Technologies Corp.,11
2011,3,207383,United Technologies Corp.,13
2012,2,207383,United Technologies Corp.,13
2013,1,207383,United Technologies Corp.,13
2013,4,207383,United Technologies Corp.,14
2014,3,207383,United Technologies Corp.,14
2015,2,207383,United Technologies Corp.,15
2016,1,207383,United Technologies Corp.,13
2016,4,207383,United Technologies Corp.,13
2017,3,207383,United Technologies Corp.,13
2018,2,207383,United Technologies Corp.,11
2019,1,207383,United Technologies Corp.,10
2015,4,207650,Anheuser-Busch Cos. LLC,19
2016,3,207650,Anheuser-Busch Cos. LLC,18
2017,2,207650,Anheuser-Busch Cos. LLC,16
2018,1,207650,Anheuser-Busch Cos. LLC,13
2018,4,207650,Anheuser-Busch Cos. LLC,12
2019,3,207650,Anheuser-Busch Cos. LLC,10
2020,2,207650,Anheuser-Busch Cos. LLC,11
2021,1,207650,Anheuser-Busch Cos. LLC,10
2021,4,207650,Anheuser-Busch Cos. LLC,10
2022,3,207650,Anheuser-Busch Cos. LLC,11
2023,2,207650,Anheuser-Busch Cos. LLC,12
2024,1,207650,Anheuser-Busch Cos. LLC,12
2024,4,207650,Anheuser-Busch Cos. LLC,11
2018,4,207668,Lockheed Martin Corp.,17
2019,3,207668,Lockheed Martin Corp.,19
2020,2,207668,Lockheed Martin Corp.,17
2021,1,207668,Lockheed Martin Corp.,17
2021,4,207668,Lockheed Martin Corp.,18
2022,3,207668,Lockheed Martin Corp.,17
2023,2,207668,Lockheed Martin Corp.,15
2024,1,207668,Lockheed Martin Corp.,12
2024,4,207668,Lockheed Martin Corp.,13
2010,1,210798,Verizon Communications Inc.,42
2010,4,210798,Verizon Communications Inc.,38
2011,3,210798,Verizon Communications Inc.,33
2012,2,210798,Verizon Communications Inc.,30
2013,1,210798,Verizon Communications Inc.,30
2020,4,213047,Fresenius Medical Care Holdings Inc.,10
2021,3,213047,Fresenius Medical Care Holdings Inc.,11
2022,2,213047,Fresenius Medical Care Holdings Inc.,11
2023,1,213047,Fresenius Medical Care Holdings Inc.,11
2023,4,213047,Fresenius Medical Care Holdings Inc.,11
2024,3,213047,Fresenius Medical Care Holdings Inc.,9
2017,4,213715,Chevron USA Inc.,4
2018,3,213715,Chevron USA Inc.,4
2019,2,213715,Chevron USA Inc.,4
2020,1,213715,Chevron USA Inc.,5
2020,4,213715,Chevron USA Inc.,5
2021,3,213715,Chevron USA Inc.,4
2022,2,213715,Chevron USA Inc.,4
2023,1,213715,Chevron USA Inc.,4
2023,4,213715,Chevron USA Inc.,4
2024,3,213715,Chevron USA Inc.,4
2013,4,219008,American Council of Life Insurers,6
2014,3,219008,American Council of Life Insurers,6
2015,2,219008,American Council of Life Insurers,5
2016,1,219008,American Council of Life Insurers,5
2016,4,219008,American Council of Life Insurers,5
2017,3,219008,American Council of Life Insurers,6
2018,2,219008,American Council of Life Insurers,6
2019,1,219008,American Council of Life Insurers,5
2019,4,219008,American Council of Life Insurers,4
2020,3,219008,American Council of Life Insurers,4
2021,2,219008,American Council of Life Insurers,4
2022,1,219008,American Council of Life Insurers,4
2023,4,221146,AARP Inc.,11
2024,3,221146,AARP Inc.,10
2010,1,230368,Genentech Inc.,25
2010,2,231959,Aflac Inc.,8
2011,1,231959,Aflac Inc.,8
2011,4,231959,Aflac Inc.,8
2012,3,231959,Aflac Inc.,7
2013,2,231959,Aflac Inc.,7
2014,1,231959,Aflac Inc.,6
2016,4,231962,General Dynamics Corp.,24
2017,3,231962,General Dynamics Corp.,23
2017,1,321840,United Parcel Service of America Inc.,9
2021,4,325634,Amazon Corporate LLC,6
2022,3,325634,Amazon Corporate LLC,7
2023,2,325634,Amazon Corporate LLC,7
2024,1,325634,Amazon Corporate LLC,6
2024,4,325634,Amazon Corporate LLC,6
2010,2,330896,AT&T Services Inc.,16
2011,1,330896,AT&T Services Inc.,15
2018,4,334449,General Electric Co.,7
2019,3,334449,General Electric Co.,10
2020,2,334449,General Electric Co.,9
2021,1,334449,General Electric Co.,7
2021,4,334449,General Electric Co.,8
2022,3,334449,General Electric Co.,7
2023,2,334449,General Electric Co.,7
2024,1,334449,General Electric Co.,5
2024,4,334449,General Electric Co.,4
2023,4,335116,Apple Inc.,9
2024,3,335116,Apple Inc.,9
2010,1,342711,American Airlines Inc.,14
2010,4,342711,American Airlines Inc.,13
2011,3,342711,American Airlines Inc.,14
2012,2,342711,American Airlines Inc.,15
2013,1,342711,American Airlines Inc.,13
2013,4,342711,American Airlines Inc.,13
2014,3,342711,American Airlines Inc.,15
2015,2,342711,American Airlines Inc.,15
2016,1,342711,American Airlines Inc.,15
2013,4,344185,Charter Communications Inc.,5
2014,3,344185,Charter Communications Inc.,5
2015,2,344185,Charter Communications Inc.,8
2016,1,344185,Charter Communications Inc.,10
2016,4,344185,Charter Communications Inc.,8
2017,3,344185,Charter Communications Inc.,11
2018,2,344185,Charter Communications Inc.,11
2019,1,344185,Charter Communications Inc.,12
2019,4,344185,Charter Communications Inc.,12
2020,3,344185,Charter Communications Inc.,13
2021,2,344185,Charter Communications Inc.,13
2022,1,344185,Charter Communications Inc.,14
2022,4,344185,Charter Communications Inc.,14
2023,3,344185,Charter Communications Inc.,16
2024,2,344185,Charter Communications Inc.,17
2014,4,345199,Boeing Co.,14
2015,3,345199,Boeing Co.,16
2016,2,345199,Boeing Co.,15
2017,1,345199,Boeing Co.,17
2017,4,345199,Boeing Co.,17
2018,3,345199,Boeing Co.,17
2019,2,345199,Boeing Co.,20
2020,1,345199,Boeing Co.,21
2020,4,345199,Boeing Co.,20
2021,3,345199,Boeing Co.,21
2022,2,345199,Boeing Co.,19
2023,1,345199,Boeing Co.,17
2023,4,345199,Boeing Co.,17
2024,3,345199,Boeing Co.,8
2015,3,330896,AT&T Services Inc.,16
2016,2,330896,AT&T Services Inc.,17
2017,1,330896,AT&T Services Inc.,20
2017,4,330896,AT&T Services Inc.,20
2018,3,330896,AT&T Services Inc.,20
2019,2,330896,AT&T Services Inc.,20
2020,1,330896,AT&T Services Inc.,16
2020,4,330896,AT&T Services Inc.,14
2021,3,330896,AT&T Services Inc.,15
2022,2,330896,AT&T Services Inc.,14
2023,1,330896,AT&T Services Inc.,14
2022,4,334449,General Electric Co.,7
2023,3,334449,General Electric Co.,7
2024,2,334449,General Electric Co.,5
2010,3,335116,Apple Inc.,4
2011,2,335116,Apple Inc.,4
2012,1,335116,Apple Inc.,4
2012,4,335116,Apple Inc.,6
2013,3,335116,Apple Inc.,6
2014,2,335116,Apple Inc.,6
2015,1,335116,Apple Inc.,7
2010,3,342385,Johnson & Johnson Services Inc.,5
2011,2,342385,Johnson & Johnson Services Inc.,4
2012,1,342385,Johnson & Johnson Services Inc.,6
2024,4,342711,American Airlines Inc.,13
2017,4,344185,Charter Communications Inc.,11
2018,3,344185,Charter Communications Inc.,11
2019,2,344185,Charter Communications Inc.,12
2020,1,344185,Charter Communications Inc.,12
2020,4,344185,Charter Communications Inc.,13
2021,3,344185,Charter Communications Inc.,13
2022,2,344185,Charter Communications Inc.,14
2023,1,344185,Charter Communications Inc.,14
2023,4,344185,Charter Communications Inc.,16
2024,3,344185,Charter Communications Inc.,17
2010,1,344469,iHeartMedia Inc.,8
2010,4,344469,iHeartMedia Inc.,8
2011,3,344469,iHeartMedia Inc.,9
2012,2,344469,iHeartMedia Inc.,9
2013,1,344469,iHeartMedia Inc.,10
2010,2,345199,Boeing Co.,18
2011,1,345199,Boeing Co.,13
2011,4,345199,Boeing Co.,13
2012,3,345199,Boeing Co.,15
2013,2,345199,Boeing Co.,16
2014,1,345199,Boeing Co.,16
2018,2,231962,General Dynamics Corp.,21
2019,1,231962,General Dynamics Corp.,20
2019,4,231962,General Dynamics Corp.,19
2020,3,231962,General Dynamics Corp.,19
2021,2,231962,General Dynamics Corp.,18
2022,1,231962,General Dynamics Corp.,18
2022,4,231962,General Dynamics Corp.,18
2023,3,231962,General Dynamics Corp.,20
2024,2,231962,General Dynamics Corp.,20
2019,4,232055,Edison Electric Institute,12
2020,3,232055,Edison Electric Institute,13
2021,2,232055,Edison Electric Institute,12
2022,1,232055,Edison Electric Institute,11
2022,4,232055,Edison Electric Institute,10
2023,3,232055,Edison Electric Institute,10
2024,2,232055,Edison Electric Institute,10
2010,3,232057,Southern Co.,11
2011,2,232057,Southern Co.,11
2012,1,232057,Southern Co.,11
2012,4,232057,Southern Co.,10
2013,3,232057,Southern Co.,10
2014,2,232057,Southern Co.,10
2015,1,232057,Southern Co.,11
2015,4,232057,Southern Co.,8
2016,3,232057,Southern Co.,11
2017,2,232057,Southern Co.,11
2018,1,232057,Southern Co.,10
2018,4,232057,Southern Co.,10
2019,3,232057,Southern Co.,9
2020,2,232057,Southern Co.,9
2021,1,232057,Southern Co.,9
2021,4,232061,Entertainment Software Association,5
2022,3,232061,Entertainment Software Association,5
2023,2,232061,Entertainment Software Association,6
2024,1,232061,Entertainment Software Association,6
2024,4,232061,Entertainment Software Association,5
2010,3,232657,Shell USA Inc.,9
2011,2,232657,Shell USA Inc.,9
2012,1,232657,Shell USA Inc.,8
2012,4,232657,Shell USA Inc.,7
2013,3,232657,Shell USA Inc.,7
2014,2,232657,Shell USA Inc.,8
2015,1,232657,Shell USA Inc.,7
2015,4,232657,Shell USA Inc.,9
2016,3,232657,Shell USA Inc.,8
2017,2,232657,Shell USA Inc.,7
2018,1,232657,Shell USA Inc.,8
2017,4,234639,NCTA - The Internet & Television Association,23
2018,3,234639,NCTA - The Internet & Television Association,24
2019,2,234639,NCTA - The Internet & Television Association,24
2020,1,234639,NCTA - The Internet & Television Association,25
2020,4,234639,NCTA - The Internet & Television Association,25
2021,3,234639,NCTA - The Internet & Television Association,27
2022,2,234639,NCTA - The Internet & Television Association,27
2023,1,234639,NCTA - The Internet & Television Association,27
2023,4,234639,NCTA - The Internet & Television Association,26
2024,3,234639,NCTA - The Internet & Television Association,26
2020,4,236879,BP America Inc.,9
2021,3,236879,BP America Inc.,8
2022,2,236879,BP America Inc.,9
2023,1,236879,BP America Inc.,9
2023,4,236879,BP America Inc.,8
2024,3,236879,BP America Inc.,8
2012,4,237941,American Petroleum Institute,8
2013,3,237941,American Petroleum Institute,7
2014,2,237941,American Petroleum Institute,7
2015,1,237941,American Petroleum Institute,6
2015,4,237941,American Petroleum Institute,6
2016,3,237941,American Petroleum Institute,6
2017,2,237941,American Petroleum Institute,5
2018,1,237941,American Petroleum Institute,4
2018,4,237941,American Petroleum Institute,5
2019,3,237941,American Petroleum Institute,5
2020,2,237941,American Petroleum Institute,6
2021,1,237941,American Petroleum Institute,7
2021,4,237941,American Petroleum Institute,7
2022,3,237941,American Petroleum Institute,6
2023,2,237941,American Petroleum Institute,6
2024,1,237941,American Petroleum Institute,5
2012,4,240949,Comcast Corp.,33
2013,3,240949,Comcast Corp.,34
2014,2,240949,Comcast Corp.,41
2015,1,240949,Comcast Corp.,41
2015,4,240949,Comcast Corp.,34
2016,3,240949,Comcast Corp.,38
2017,2,240949,Comcast Corp.,40
2018,1,240949,Comcast Corp.,41
2018,4,240949,Comcast Corp.,39
2019,3,240949,Comcast Corp.,40
2020,2,240949,Comcast Corp.,35
2021,1,240949,Comcast Corp.,38
2021,4,240949,Comcast Corp.,39
2022,3,240949,Comcast Corp.,40
2023,2,240949,Comcast Corp.,36
2024,1,240949,Comcast Corp.,38
2010,2,243759,Pacific Gas and Electric Co.,2
2011,1,243759,Pacific Gas and Electric Co.,2
2011,4,243759,Pacific Gas and Electric Co.,3
2012,3,243759,Pacific Gas and Electric Co.,3
2013,2,243759,Pacific Gas and Electric Co.,4
2014,1,243759,Pacific Gas and Electric Co.,4
2017,4,252337,U.S. Chamber of Commerce Institute for Legal Reform,17
2018,3,252337,U.S. Chamber of Commerce Institute for Legal Reform,17
2019,2,252337,U.S. Chamber of Commerce Institute for Legal Reform,15
2020,1,252337,U.S. Chamber of Commerce Institute for Legal Reform,11
2020,4,252337,U.S. Chamber of Commerce Institute for Legal Reform,9
2021,3,252337,U.S. Chamber of Commerce Institute for Legal Reform,9
2022,2,252337,U.S. Chamber of Commerce Institute for Legal Reform,9
2023,1,252337,U.S. Chamber of Commerce Institute for Legal Reform,9
2023,4,252337,U.S. Chamber of Commerce Institute for Legal Reform,10
2024,3,252337,U.S. Chamber of Commerce Institute for Legal Reform,11
2024,4,268804,General Motors Co.,15
2010,2,278637,FedEx Corp.,17
2011,1,278637,FedEx Corp.,15
2011,4,278637,FedEx Corp.,15
2012,3,278637,FedEx Corp.,15
2013,2,278637,FedEx Corp.,15
2014,1,278637,FedEx Corp.,14
2010,1,285913,Eli Lilly & Co.,14
2010,4,285913,Eli Lilly & Co.,12
2011,3,285913,Eli Lilly & Co.,12
2012,2,285913,Eli Lilly & Co.,12
2013,1,285913,Eli Lilly & Co.,15
2010,2,298843,T-Mobile USA Inc.,10
2011,1,298843,T-Mobile USA Inc.,14
2011,4,298843,T-Mobile USA Inc.,13
2012,3,298843,T-Mobile USA Inc.,13
2013,2,298843,T-Mobile USA Inc.,13
2014,1,298843,T-Mobile USA Inc.,14
2010,2,300447,Novartis Corp.,10
2011,1,300447,Novartis Corp.,9
2011,4,300447,Novartis Corp.,11
2012,3,300447,Novartis Corp.,13
2013,2,300447,Novartis Corp.,13
2014,1,300447,Novartis Corp.,13
2010,1,302107,Merck & Co. Inc.,11
2010,4,302107,Merck & Co. Inc.,12
2011,3,302107,Merck & Co. Inc.,9
2012,2,302107,Merck & Co. Inc.,9
2013,1,302107,Merck & Co. Inc.,10
2010,3,306043,Pharmaceutical Research and Manufacturers of America,32
2011,2,306043,Pharmaceutical Research and Manufacturers of America,37
2012,1,306043,Pharmaceutical Research and Manufacturers of America,35
2012,4,306043,Pharmaceutical Research and Manufacturers of America,36
2013,3,306043,Pharmaceutical Research and Manufacturers of America,34
2014,2,306043,Pharmaceutical Research and Manufacturers of America,34
2015,1,306043,Pharmaceutical Research and Manufacturers of America,31
2015,4,306043,Pharmaceutical Research and Manufacturers of America,32
2016,3,306043,Pharmaceutical Research and Manufacturers of America,35
2017,2,306043,Pharmaceutical Research and Manufacturers of America,39
2018,1,306043,Pharmaceutical Research and Manufacturers of America,43
2018,4,306043,Pharmaceutical Research and Manufacturers of America,43
2019,3,306043,Pharmaceutical Research and Manufacturers of America,46
2020,2,306043,Pharmaceutical Research and Manufacturers of America,45
2021,1,306043,Pharmaceutical Research and Manufacturers of America,46
2014,4,309100,Amgen Inc.,25
2015,3,309100,Amgen Inc.,28
2016,2,309100,Amgen Inc.,25
2017,1,309100,Amgen Inc.,26
2017,4,309100,Amgen Inc.,26
2018,3,309100,Amgen Inc.,27
2019,2,309100,Amgen Inc.,27
2020,1,309100,Amgen Inc.,26
2020,4,309100,Amgen Inc.,24
2021,3,309100,Amgen Inc.,24
2022,2,309100,Amgen Inc.,23
2023,1,309100,Amgen Inc.,23
2023,4,309100,Amgen Inc.,24
2024,3,309100,Amgen Inc.,25
2010,1,315136,Biotechnology Innovation Organization,20
2010,4,315136,Biotechnology Innovation Organization,19
2011,3,315136,Biotechnology Innovation Organization,21
2012,2,315136,Biotechnology Innovation Organization,20
2013,1,315136,Biotechnology Innovation Organization,18
2013,4,315136,Biotechnology Innovation Organization,18
2014,3,315136,Biotechnology Innovation Organization,16
2015,2,315136,Biotechnology Innovation Organization,17
2016,1,315136,Biotechnology Innovation Organization,17
2016,4,315136,Biotechnology Innovation Organization,16
2017,3,315136,Biotechnology Innovation Organization,20
2018,2,315136,Biotechnology Innovation Organization,19
2019,1,315136,Biotechnology Innovation Organization,18
2015,4,316850,AHIP,8
2016,3,316850,AHIP,9
2017,2,316850,AHIP,8
2018,1,316850,AHIP,8
2018,4,316850,AHIP,8
2019,3,316850,AHIP,8
2020,2,316850,AHIP,8
2021,1,316850,AHIP,8
2021,4,316850,AHIP,8
2022,3,316850,AHIP,8
2023,2,316850,AHIP,9
2024,1,316850,AHIP,9
2024,4,316850,AHIP,9
2011,4,320046,Pharmaceutical Care Management Association,3
2012,3,320046,Pharmaceutical Care Management Association,3
2013,2,320046,Pharmaceutical Care Management Association,3
2014,1,320046,Pharmaceutical Care Management Association,4
2014,4,320046,Pharmaceutical Care Management Association,3
2015,3,320046,Pharmaceutical Care Management Association,3
2016,2,320046,Pharmaceutical Care Management Association,3
2017,1,320046,Pharmaceutical Care Management Association,3
2017,4,320046,Pharmaceutical Care Management Association,4
2018,3,320046,Pharmaceutical Care Management Association,5
2019,2,320046,Pharmaceutical Care Management Association,4
2020,1,320046,Pharmaceutical Care Management Association,3
2020,4,320046,Pharmaceutical Care Management Association,3
2021,3,320046,Pharmaceutical Care Management Association,3
2022,2,320046,Pharmaceutical Care Management Association,4
2023,1,320046,Pharmaceutical Care Management Association,4
2023,4,330896,AT&T Services Inc.,14
2024,3,330896,AT&T Services Inc.,15
2010,4,334449,General Electric Co.,21
2011,3,334449,General Electric Co.,19
2012,2,334449,General Electric Co.,17
2013,1,334449,General Electric Co.,15
2013,4,334449,General Electric Co.,16
2014,3,334449,General Electric Co.,15
2015,2,334449,General Electric Co.,11
2016,1,334449,General Electric Co.,8
2016,4,334449,General Electric Co.,7
2017,3,334449,General Electric Co.,7
2018,2,334449,General Electric Co.,7
2019,1,334449,General Electric Co.,9
2019,4,334449,General Electric Co.,10
2020,3,334449,General Electric Co.,8
2021,2,334449,General Electric Co.,7
2022,1,334449,General Electric Co.,8
2015,4,335116,Apple Inc.,7
2016,3,335116,Apple Inc.,5
2017,2,335116,Apple Inc.,6
2018,1,335116,Apple Inc.,6
2018,4,335116,Apple Inc.,5
2019,3,335116,Apple Inc.,6
2020,2,335116,Apple Inc.,8
2021,1,335116,Apple Inc.,10
2021,4,335116,Apple Inc.,10
2022,3,335116,Apple Inc.,10
2023,2,335116,Apple Inc.,10
2024,1,335116,Apple Inc.,9
2024,4,335116,Apple Inc.,10
2020,4,342385,Johnson & Johnson Services Inc.,9
2021,3,342385,Johnson & Johnson Services Inc.,10
2022,2,342385,Johnson & Johnson Services Inc.,9
2023,1,342385,Johnson & Johnson Services Inc.,9
2023,4,342385,Johnson & Johnson Services Inc.,11
2024,3,342385,Johnson & Johnson Services Inc.,10
2012,4,342711,American Airlines Inc.,16
2013,3,342711,American Airlines Inc.,14
2014,2,342711,American Airlines Inc.,14
2015,1,342711,American Airlines Inc.,14
2015,4,342711,American Airlines Inc.,14
2016,3,342711,American Airlines Inc.,12
2017,2,342711,American Airlines Inc.,15
2018,1,342711,American Airlines Inc.,13
2018,4,342711,American Airlines Inc.,12
2019,3,342711,American Airlines Inc.,11
2020,2,342711,American Airlines Inc.,12
2021,1,342711,American Airlines Inc.,11
2021,4,342711,American Airlines Inc.,12
2022,3,342711,American Airlines Inc.,12
2023,2,342711,American Airlines Inc.,14
2024,1,342711,American Airlines Inc.,15
2010,2,344185,Charter Communications Inc.,2
2011,1,344185,Charter Communications Inc.,4
2011,4,344185,Charter Communications Inc.,4
2012,3,344185,Charter Communications Inc.,4
2013,2,344185,Charter Communications Inc.,4
2014,1,344185,Charter Communications Inc.,5
2014,4,344185,Charter Communications Inc.,4
2015,3,344185,Charter Communications Inc.,10
2016,2,344185,Charter Communications Inc.,11
2017,1,344185,Charter Communications Inc.,11
2021,4,344469,iHeartMedia Inc.,12
2022,3,344469,iHeartMedia Inc.,12
2023,2,344469,iHeartMedia Inc.,12
2024,1,344469,iHeartMedia Inc.,12
2024,4,344469,iHeartMedia Inc.,13
2022,4,345199,Boeing Co.,17
2023,3,345199,Boeing Co.,16
2024,2,345199,Boeing Co.,17
